{"type": "FeatureCollection", "features": [{"type": "Feature", "properties": {"name": "Etobicoke Creek", "class": "River", "covered": true}, "geometry": {"type": "LineString", "coordinates": [[-79.548657, 43.590216], [-79.548476, 43.590173], [-79.54822, 43.590038], [-79.548004, 43.589894], [-79.547782, 43.589759], [-79.547558, 43.58962], [-79.54733, 43.589485], [-79.547108, 43.589359], [-79.546883, 43.589238], [-79.546678, 43.589116], [-79.546481, 43.588986], [-79.546407, 43.58893]]}}, {"type": "Feature", "properties": {"name": "Etobicoke Creek", "class": "River", "covered": true}, "geometry": {"type": "LineString", "coordinates": [[-79.56796, 43.613941], [-79.56789, 43.613891], [-79.567712, 43.613778], [-79.567504, 43.613702], [-79.567259, 43.61363], [-79.567002, 43.613572], [-79.566775, 43.613495], [-79.566536, 43.613432], [-79.566311, 43.613392], [-79.566057, 43.613374], [-79.565807, 43.613383], [-79.565589, 43.613401], [-79.565356, 43.61342], [-79.565116, 43.61342], [-79.564863, 43.613384], [-79.564606, 43.613316], [-79.564378, 43.61324], [-79.564194, 43.613105], [-79.564087, 43.612984], [-79.564023, 43.612826], [-79.563968, 43.612682], [-79.563948, 43.612534], [-79.564055, 43.612376], [-79.564216, 43.612241], [-79.564444, 43.612146], [-79.564671, 43.612052], [-79.564884, 43.61197], [-79.565105, 43.611862], [-79.565283, 43.611757], [-79.565444, 43.611618], [-79.565622, 43.611452], [-79.565736, 43.611359], [-79.565783, 43.611326], [-79.565976, 43.611209], [-79.566145, 43.61107], [-79.566342, 43.610962], [-79.566559, 43.610876], [-79.566648, 43.610831], [-79.566856, 43.610797], [-79.566962, 43.610785], [-79.567076, 43.610742], [-79.567169, 43.610665], [-79.567224, 43.610572], [-79.5673, 43.610393], [-79.567334, 43.610223], [-79.567333, 43.610088], [-79.567299, 43.609917], [-79.567286, 43.609768], [-79.567277, 43.609645]]}}, {"type": "Feature", "properties": {"name": "Etobicoke Creek", "class": "River", "covered": true}, "geometry": {"type": "LineString", "coordinates": [[-79.567523, 43.627762], [-79.567488, 43.627908], [-79.567438, 43.628005], [-79.567361, 43.628065], [-79.567268, 43.628109], [-79.567077, 43.628168], [-79.566971, 43.628198], [-79.566862, 43.628217], [-79.566659, 43.628222], [-79.566441, 43.628226], [-79.566217, 43.628231], [-79.566003, 43.628236], [-79.565763, 43.628218], [-79.565525, 43.628186], [-79.565276, 43.628178], [-79.565026, 43.628173], [-79.564792, 43.62816], [-79.56454, 43.628124], [-79.564335, 43.628052], [-79.564108, 43.627994], [-79.563954, 43.62789], [-79.563903, 43.62778], [-79.563899, 43.627626], [-79.563893, 43.627505], [-79.563876, 43.627369], [-79.563831, 43.627253], [-79.563799, 43.627155], [-79.563783, 43.627073], [-79.56376, 43.627026]]}}, {"type": "Feature", "properties": {"name": "Etobicoke Creek", "class": "River", "covered": true}, "geometry": {"type": "LineString", "coordinates": [[-79.559782, 43.60505], [-79.55963, 43.604979], [-79.559524, 43.60491]]}}, {"type": "Feature", "properties": {"name": "Etobicoke Creek", "class": "River", "covered": true}, "geometry": {"type": "LineString", "coordinates": [[-79.559524, 43.60491], [-79.559445, 43.604858], [-79.559301, 43.604776]]}}, {"type": "Feature", "properties": {"name": "Etobicoke Creek", "class": "River", "covered": true}, "geometry": {"type": "LineString", "coordinates": [[-79.559301, 43.604776], [-79.559263, 43.604755], [-79.559097, 43.604629], [-79.558964, 43.604512], [-79.558817, 43.604363], [-79.558661, 43.604224], [-79.558546, 43.604075], [-79.55844, 43.603913], [-79.558336, 43.603769], [-79.558192, 43.603625], [-79.558015, 43.60349], [-79.557815, 43.603383], [-79.557605, 43.603261], [-79.557371, 43.603167], [-79.557125, 43.60305], [-79.556885, 43.60296], [-79.556674, 43.602839], [-79.556455, 43.602713], [-79.556311, 43.602569], [-79.556217, 43.602389], [-79.55615, 43.602213], [-79.556128, 43.602039], [-79.556152, 43.601856], [-79.556208, 43.601707], [-79.556256, 43.601576], [-79.556268, 43.601503], [-79.556252, 43.601413], [-79.556184, 43.601294], [-79.556144, 43.601241], [-79.556119, 43.601192], [-79.556099, 43.601157], [-79.556057, 43.601043], [-79.556009, 43.60089], [-79.555971, 43.600701], [-79.555933, 43.600507], [-79.555905, 43.600332], [-79.555875, 43.600156], [-79.555833, 43.599985], [-79.555772, 43.599837], [-79.5557, 43.599692]]}}, {"type": "Feature", "properties": {"name": "Etobicoke Creek", "class": "River", "covered": true}, "geometry": {"type": "LineString", "coordinates": [[-79.567277, 43.609645], [-79.567274, 43.609602], [-79.567244, 43.609431], [-79.567181, 43.609278], [-79.567084, 43.609111], [-79.566997, 43.608954], [-79.566846, 43.608805], [-79.566645, 43.608679], [-79.566402, 43.608603], [-79.5662, 43.608588], [-79.56592, 43.608634], [-79.565784, 43.608662], [-79.565657, 43.608668]]}}, {"type": "Feature", "properties": {"name": "Mimico Creek", "class": "River", "covered": true}, "geometry": {"type": "LineString", "coordinates": [[-79.517025, 43.64611], [-79.516958, 43.64603], [-79.51673, 43.645787], [-79.516472, 43.645526], [-79.516198, 43.645301], [-79.515966, 43.645071], [-79.515749, 43.644806], [-79.515503, 43.644572], [-79.515458, 43.644532]]}}, {"type": "Feature", "properties": {"name": "Humber River", "class": "River", "covered": true}, "geometry": {"type": "LineString", "coordinates": [[-79.537842, 43.71299], [-79.537838, 43.713062], [-79.537825, 43.713224]]}}, {"type": "Feature", "properties": {"name": "Humber River", "class": "River", "covered": true}, "geometry": {"type": "LineString", "coordinates": [[-79.537825, 43.713224], [-79.537826, 43.713508]]}}, {"type": "Feature", "properties": {"name": "Humber River", "class": "River", "covered": true}, "geometry": {"type": "LineString", "coordinates": [[-79.537851, 43.712815], [-79.537842, 43.71299]]}}, {"type": "Feature", "properties": {"name": "Humber River", "class": "River", "covered": true}, "geometry": {"type": "LineString", "coordinates": [[-79.537882, 43.712617], [-79.537857, 43.712711], [-79.537851, 43.712815]]}}, {"type": "Feature", "properties": {"name": "Humber Creek", "class": "River", "covered": true}, "geometry": {"type": "LineString", "coordinates": [[-79.55325, 43.693942], [-79.553137, 43.693919], [-79.55293, 43.693883], [-79.552769, 43.693829], [-79.552601, 43.693762], [-79.552421, 43.69369], [-79.552248, 43.69365], [-79.55214, 43.693636], [-79.552052, 43.69365], [-79.551831, 43.693695], [-79.551616, 43.693753], [-79.551402, 43.693804]]}}, {"type": "Feature", "properties": {"name": "Mimico Creek", "class": "River", "covered": true}, "geometry": {"type": "LineString", "coordinates": [[-79.595177, 43.696754], [-79.595173, 43.696683], [-79.595162, 43.696568]]}}, {"type": "Feature", "properties": {"name": "Mimico Creek", "class": "River", "covered": true}, "geometry": {"type": "LineString", "coordinates": [[-79.600428, 43.697522], [-79.600339, 43.697516], [-79.600161, 43.697489], [-79.59997, 43.697471], [-79.599807, 43.697458], [-79.599619, 43.69744], [-79.599438, 43.697422], [-79.59925, 43.697404], [-79.599091, 43.697391], [-79.599042, 43.697386], [-79.598856, 43.697387], [-79.598653, 43.697391], [-79.598439, 43.697405], [-79.598253, 43.697405], [-79.598054, 43.697414], [-79.597872, 43.697423], [-79.597661, 43.697437], [-79.597435, 43.69746], [-79.597218, 43.697492], [-79.596998, 43.697546], [-79.596804, 43.697591], [-79.596592, 43.6976], [-79.596389, 43.697596], [-79.596179, 43.697591], [-79.595952, 43.697583], [-79.595726, 43.69756], [-79.595509, 43.697506], [-79.595343, 43.697408], [-79.595255, 43.697295], [-79.595201, 43.697183], [-79.595183, 43.697061], [-79.595188, 43.696944], [-79.59518, 43.696809], [-79.595177, 43.696754]]}}, {"type": "Feature", "properties": {"name": "Etobicoke Creek", "class": "River", "covered": true}, "geometry": {"type": "LineString", "coordinates": [[-79.585695, 43.63789], [-79.58569, 43.637885], [-79.585616, 43.6378], [-79.585546, 43.637701], [-79.585494, 43.637593], [-79.585432, 43.637494], [-79.585346, 43.637391], [-79.585303, 43.637278], [-79.58529, 43.637233], [-79.585286, 43.637206], [-79.585266, 43.637085], [-79.585263, 43.636959], [-79.585305, 43.636823], [-79.585343, 43.636702], [-79.585404, 43.63658], [-79.585464, 43.636468], [-79.585535, 43.636369], [-79.585617, 43.63627], [-79.585689, 43.636153], [-79.585739, 43.63604], [-79.58581, 43.635918], [-79.585875, 43.635797], [-79.585936, 43.635684], [-79.585992, 43.635567], [-79.586053, 43.635446], [-79.586057, 43.635324], [-79.586043, 43.635198], [-79.586023, 43.635072], [-79.58599, 43.634942], [-79.585915, 43.634829], [-79.5858, 43.634712], [-79.585689, 43.634622], [-79.585593, 43.634528], [-79.585533, 43.634424], [-79.585506, 43.634312], [-79.585541, 43.63419], [-79.585598, 43.634078], [-79.58566, 43.633974], [-79.585754, 43.633866], [-79.585806, 43.633758], [-79.585834, 43.633641], [-79.585812, 43.633542], [-79.585758, 43.633452], [-79.585702, 43.633335], [-79.585613, 43.633245], [-79.585502, 43.633137], [-79.585418, 43.633029], [-79.585346, 43.632903], [-79.585292, 43.632768], [-79.585246, 43.632642], [-79.58521, 43.632507], [-79.585181, 43.632363], [-79.585146, 43.632224], [-79.585113, 43.63208], [-79.585088, 43.631936], [-79.585067, 43.631783], [-79.585055, 43.631643], [-79.585076, 43.631495], [-79.585109, 43.63136], [-79.585141, 43.631216], [-79.585201, 43.63109], [-79.585274, 43.630959], [-79.585337, 43.630838], [-79.585405, 43.630724], [-79.585546, 43.63056], [-79.585569, 43.6305], [-79.58566, 43.630339], [-79.585727, 43.630226], [-79.585836, 43.630052], [-79.585936, 43.629883], [-79.586003, 43.629738], [-79.586028, 43.629577], [-79.585998, 43.629411], [-79.585928, 43.629284], [-79.585832, 43.629162], [-79.585714, 43.629038], [-79.58559, 43.628919], [-79.58539, 43.628818], [-79.585293, 43.628786], [-79.585136, 43.62872], [-79.584966, 43.628673], [-79.58467399999999, 43.628584], [-79.584382, 43.628495], [-79.58409, 43.628406], [-79.584069, 43.628399], [-79.583901, 43.62835], [-79.58374, 43.628291], [-79.583534, 43.628238], [-79.583341, 43.628193], [-79.5833, 43.628182]]}}, {"type": "Feature", "properties": {"name": "Mimico Creek", "class": "River", "covered": true}, "geometry": {"type": "LineString", "coordinates": [[-79.609623, 43.701308], [-79.609467, 43.701301], [-79.609252, 43.701293], [-79.609043, 43.701261], [-79.608869, 43.701194], [-79.608712, 43.70109], [-79.608597, 43.701005], [-79.608471, 43.700875], [-79.608338, 43.700776], [-79.608183, 43.700663], [-79.608062, 43.70056], [-79.607939, 43.700421], [-79.607821, 43.700299], [-79.607738, 43.700218], [-79.607693, 43.700169], [-79.607592, 43.700023], [-79.607525, 43.69991], [-79.607458, 43.699796], [-79.607391, 43.699748], [-79.607286, 43.699697], [-79.607092, 43.699616], [-79.606873, 43.699535], [-79.60666, 43.699477], [-79.606442, 43.699396], [-79.606197, 43.699342], [-79.605975, 43.699275], [-79.605733, 43.699208], [-79.605488, 43.699167], [-79.605248, 43.6991], [-79.604993, 43.699042], [-79.604759, 43.69897], [-79.604499, 43.698894], [-79.60425, 43.698849], [-79.60401, 43.698786], [-79.603766, 43.698719], [-79.603535, 43.698652], [-79.603283, 43.698598], [-79.603086, 43.698535], [-79.602869, 43.698463], [-79.602666, 43.698387], [-79.602506, 43.698306], [-79.602449, 43.698203], [-79.602261, 43.698171], [-79.60201, 43.698162], [-79.601806, 43.698109], [-79.601631, 43.698077], [-79.601477, 43.698019], [-79.601343, 43.697915], [-79.601291, 43.697812], [-79.601294, 43.697704], [-79.601223, 43.69761], [-79.601061, 43.697569], [-79.600866, 43.697556], [-79.600676, 43.697538], [-79.60053, 43.697529], [-79.600428, 43.697522]]}}, {"type": "Feature", "properties": {"name": "Mimico Creek", "class": "River", "covered": true}, "geometry": {"type": "LineString", "coordinates": [[-79.576885, 43.679631], [-79.576828, 43.679595], [-79.576718, 43.679536], [-79.576604, 43.679473], [-79.576514, 43.679411]]}}, {"type": "Feature", "properties": {"name": "Mimico Creek", "class": "River", "covered": true}, "geometry": {"type": "LineString", "coordinates": [[-79.576514, 43.679411], [-79.576507, 43.679406], [-79.576417, 43.679343], [-79.576331, 43.679276], [-79.576311, 43.679264]]}}, {"type": "Feature", "properties": {"name": "Mimico Creek", "class": "River", "covered": true}, "geometry": {"type": "LineString", "coordinates": [[-79.576311, 43.679264], [-79.576235, 43.679222], [-79.576168, 43.679159], [-79.576165, 43.679155]]}}, {"type": "Feature", "properties": {"name": "Mimico Creek", "class": "River", "covered": true}, "geometry": {"type": "LineString", "coordinates": [[-79.580692, 43.679612], [-79.580671, 43.679615], [-79.580635, 43.679624], [-79.580624, 43.679624], [-79.580604, 43.679628], [-79.580472, 43.679642], [-79.580347, 43.679646], [-79.580241, 43.679664], [-79.580133, 43.679696], [-79.580006, 43.679737], [-79.579918, 43.6798], [-79.579809, 43.679872], [-79.579736, 43.679898], [-79.579673, 43.679921], [-79.579544, 43.679953], [-79.579487, 43.679971], [-79.579432, 43.679998], [-79.579344, 43.68003], [-79.579259, 43.680043], [-79.57919, 43.680043], [-79.579133, 43.680057], [-79.579115, 43.680057], [-79.579093, 43.680061], [-79.579047, 43.680071]]}}, {"type": "Feature", "properties": {"name": "Mimico Creek", "class": "River", "covered": true}, "geometry": {"type": "LineString", "coordinates": [[-79.579047, 43.680071], [-79.578969, 43.680088], [-79.578858, 43.680107], [-79.578823, 43.680113]]}}, {"type": "Feature", "properties": {"name": "Mimico Creek", "class": "River", "covered": true}, "geometry": {"type": "LineString", "coordinates": [[-79.578823, 43.680113], [-79.578688, 43.680138], [-79.578528, 43.680161], [-79.578362, 43.68017], [-79.578299, 43.68017], [-79.578243, 43.680174], [-79.578116, 43.680184], [-79.577972, 43.680161], [-79.57772700000001, 43.680063000000004], [-79.577482, 43.679965], [-79.577401, 43.679932], [-79.577322, 43.679874], [-79.577235, 43.679824], [-79.57713, 43.679775], [-79.577031, 43.679725], [-79.576927, 43.679658], [-79.576885, 43.679631]]}}, {"type": "Feature", "properties": {"name": "Etobicoke Creek", "class": "River", "covered": true}, "geometry": {"type": "LineString", "coordinates": [[-79.5833, 43.628182], [-79.583152, 43.628143], [-79.582968, 43.628085], [-79.582787, 43.62804], [-79.582605, 43.627991], [-79.582415, 43.62795], [-79.582226, 43.627928], [-79.582066, 43.627946], [-79.581904, 43.62796], [-79.581781, 43.62796], [-79.581725, 43.627953]]}}, {"type": "Feature", "properties": {"name": "Etobicoke Creek", "class": "River", "covered": true}, "geometry": {"type": "LineString", "coordinates": [[-79.591497, 43.644474], [-79.59147, 43.644461], [-79.591285, 43.644393], [-79.591124, 43.644299], [-79.590938, 43.644227], [-79.590747, 43.64416], [-79.590574, 43.644074], [-79.590378, 43.644003], [-79.590218, 43.643904], [-79.590069, 43.643814], [-79.589937, 43.643688], [-79.589796, 43.643584], [-79.589655, 43.64345], [-79.589535, 43.643346], [-79.589404, 43.643238], [-79.589307, 43.643148], [-79.589171, 43.643067], [-79.589022, 43.642996], [-79.588879, 43.642915], [-79.588702, 43.642825], [-79.588559, 43.64273], [-79.58844, 43.642604], [-79.588352, 43.642483], [-79.588242, 43.64233], [-79.58818, 43.6422], [-79.588124, 43.64206], [-79.58808, 43.641948], [-79.588135, 43.641813], [-79.588241, 43.6417], [-79.588271, 43.641574], [-79.588217, 43.641457], [-79.588111, 43.64134], [-79.588015, 43.641214], [-79.587886, 43.641102], [-79.587737, 43.640989], [-79.587592, 43.64089], [-79.587478, 43.640773], [-79.58738, 43.640647], [-79.587298, 43.640494], [-79.587223, 43.640333], [-79.587151, 43.640198], [-79.587071, 43.640049], [-79.587017, 43.639919], [-79.586969, 43.63977], [-79.586956, 43.639635], [-79.586937, 43.639491], [-79.58687, 43.639343], [-79.586785, 43.639199], [-79.586675, 43.63905], [-79.586584, 43.63892], [-79.586479, 43.638771], [-79.586399, 43.638645], [-79.586287, 43.638501], [-79.586144, 43.638367], [-79.586019, 43.638232], [-79.585907, 43.638101], [-79.585816, 43.638007], [-79.585746, 43.637935], [-79.585695, 43.63789]]}}, {"type": "Feature", "properties": {"name": "Mimico Creek", "class": "River", "covered": true}, "geometry": {"type": "LineString", "coordinates": [[-79.590155, 43.687223], [-79.590088, 43.687146], [-79.59005, 43.687061], [-79.590028, 43.686949], [-79.590034, 43.68684], [-79.590068, 43.686714], [-79.590122, 43.686597], [-79.590205, 43.686475], [-79.590293, 43.686354], [-79.590373, 43.686232], [-79.590464, 43.686097], [-79.590551, 43.685976], [-79.590648, 43.68585], [-79.590763, 43.685737], [-79.590889, 43.685638], [-79.591022, 43.685534], [-79.591102, 43.685417], [-79.591103, 43.685323], [-79.590994, 43.685233], [-79.5908, 43.685188], [-79.590584, 43.685202], [-79.590368, 43.68526], [-79.590155, 43.685346], [-79.589968, 43.685454], [-79.589791, 43.685594], [-79.589693, 43.685733], [-79.589597, 43.68585], [-79.589427, 43.685891], [-79.589184, 43.685896], [-79.588946, 43.685878], [-79.588746, 43.685842], [-79.588644, 43.685748], [-79.58862, 43.685613], [-79.588616, 43.6855], [-79.588488, 43.685406], [-79.588283, 43.685442], [-79.588127, 43.68555], [-79.587924, 43.685618], [-79.58768, 43.685613], [-79.587471, 43.685533], [-79.587414, 43.685411], [-79.587389, 43.685267], [-79.587441, 43.685123], [-79.587552, 43.684965], [-79.58765, 43.684826], [-79.587712, 43.684682], [-79.587679, 43.684547], [-79.587548, 43.684416], [-79.587471, 43.684304], [-79.587556, 43.684169], [-79.587655, 43.684029], [-79.587721, 43.683885], [-79.587773, 43.683827], [-79.58779, 43.6838], [-79.587821, 43.683719], [-79.587788, 43.683606], [-79.587691, 43.683503], [-79.587532, 43.683426], [-79.587331, 43.683444], [-79.587144, 43.683539], [-79.586972, 43.683665], [-79.586851, 43.683787], [-79.586699, 43.683877], [-79.5865, 43.683895], [-79.586288, 43.683877], [-79.58609, 43.683846], [-79.585862, 43.683796], [-79.585704, 43.683711], [-79.585583, 43.68363], [-79.585534, 43.683509], [-79.585506, 43.683423], [-79.585368, 43.683356], [-79.585226, 43.683297], [-79.585057, 43.683235], [-79.584872, 43.683167], [-79.584695, 43.683095], [-79.584531, 43.683014], [-79.58439, 43.682902], [-79.584323, 43.682794], [-79.584326, 43.682636], [-79.584335, 43.682519], [-79.584335, 43.682434], [-79.584319, 43.682371], [-79.5843, 43.68224], [-79.584311, 43.682092], [-79.584312, 43.681975], [-79.584347, 43.681844], [-79.584441, 43.681727], [-79.584537, 43.681615], [-79.584617, 43.681484], [-79.584716, 43.681367], [-79.584822, 43.681259], [-79.58493, 43.681133], [-79.585001, 43.680998], [-79.585072, 43.680863], [-79.585073, 43.680746], [-79.584945, 43.680629], [-79.584759, 43.680539], [-79.584534, 43.680499], [-79.584316, 43.680503], [-79.584126, 43.680467], [-79.583928, 43.680418], [-79.583737, 43.680387], [-79.583545, 43.680414], [-79.583465, 43.680504], [-79.583454, 43.680616], [-79.583453, 43.680729], [-79.583305, 43.680765], [-79.583135, 43.680693], [-79.583041, 43.680594], [-79.583, 43.680513], [-79.582935, 43.68045], [-79.582864, 43.680401], [-79.582753, 43.680315], [-79.582638, 43.680189], [-79.582522, 43.680081], [-79.582358, 43.679983], [-79.582203, 43.679897], [-79.582023, 43.679816], [-79.581839, 43.679749], [-79.581673, 43.679672], [-79.581489, 43.679614], [-79.581315, 43.679569], [-79.581117, 43.679569], [-79.580942, 43.679569], [-79.58079, 43.679601], [-79.580692, 43.679612]]}}, {"type": "Feature", "properties": {"name": "Mimico Creek", "class": "River", "covered": true}, "geometry": {"type": "LineString", "coordinates": [[-79.610097, 43.701326], [-79.609896, 43.701314], [-79.609684, 43.70131], [-79.609623, 43.701308]]}}, {"type": "Feature", "properties": {"name": "Mimico Creek", "class": "River", "covered": true}, "geometry": {"type": "LineString", "coordinates": [[-79.595162, 43.696568], [-79.595159, 43.696535], [-79.595145, 43.696395], [-79.595123, 43.696256], [-79.595107, 43.696125], [-79.595088, 43.696026], [-79.595084, 43.695999], [-79.59508, 43.695882], [-79.595071, 43.695743], [-79.595039, 43.695599], [-79.59502, 43.695455], [-79.595016, 43.695324], [-79.594992, 43.695194], [-79.594946, 43.695072], [-79.594866, 43.694942], [-79.594762, 43.694834], [-79.594682, 43.694787], [-79.594624, 43.694698], [-79.594629, 43.694584], [-79.594589, 43.694403], [-79.594554, 43.694386], [-79.594432, 43.694319], [-79.594171, 43.694294], [-79.59391, 43.69424], [-79.593799, 43.694168], [-79.593695, 43.694046], [-79.593654, 43.693907], [-79.593596, 43.693874], [-79.593474, 43.693811], [-79.593254, 43.693761], [-79.593051, 43.693681], [-79.592983, 43.693634], [-79.592903, 43.69349], [-79.592831, 43.693364], [-79.59276, 43.693229], [-79.592685, 43.693125], [-79.592513, 43.693058], [-79.592307, 43.69304], [-79.592084, 43.693081], [-79.591891, 43.693157], [-79.591686, 43.693252], [-79.591468, 43.693333], [-79.591263, 43.693378], [-79.591023, 43.693361], [-79.590795, 43.693298], [-79.590605, 43.693194], [-79.590474, 43.693051], [-79.590416, 43.692902], [-79.590441, 43.692763], [-79.590554, 43.692618], [-79.590694, 43.692474], [-79.590829, 43.692348], [-79.590962, 43.692209], [-79.591064, 43.692091], [-79.591147, 43.691947], [-79.591203, 43.691857], [-79.591226, 43.691826], [-79.591326, 43.691731], [-79.591411, 43.69165], [-79.591535, 43.691623], [-79.591699, 43.6916], [-79.5919, 43.69156], [-79.592098, 43.691488], [-79.592214, 43.691393], [-79.592117, 43.691294], [-79.59194, 43.691195], [-79.591762, 43.691101], [-79.591576, 43.690993], [-79.591402, 43.690903], [-79.591252, 43.690809], [-79.591231, 43.690696], [-79.591256, 43.690566], [-79.591417, 43.690484], [-79.591596, 43.690421], [-79.591716, 43.690336], [-79.591761, 43.690196], [-79.591793, 43.690075], [-79.591846, 43.689935], [-79.591912, 43.689832], [-79.592065, 43.689741], [-79.592232, 43.689651], [-79.592391, 43.689543], [-79.592561, 43.689448], [-79.592711, 43.689363], [-79.59286, 43.689277], [-79.592986, 43.689192], [-79.593096, 43.689097], [-79.593226, 43.689016], [-79.593383, 43.688966], [-79.593493, 43.688939], [-79.593533, 43.68893], [-79.593606, 43.688863], [-79.593614, 43.688754], [-79.593589, 43.688665], [-79.593564, 43.688557], [-79.593452, 43.688453], [-79.59329, 43.688386], [-79.593051, 43.688327], [-79.592865, 43.688287], [-79.59266, 43.688233], [-79.592465, 43.68817], [-79.592261, 43.688117], [-79.59205, 43.688085], [-79.591814, 43.688054], [-79.591602, 43.688027], [-79.591363, 43.688], [-79.591113, 43.688], [-79.590877, 43.688001], [-79.590613, 43.687956], [-79.590452, 43.687866], [-79.590402, 43.687799], [-79.590391, 43.68771], [-79.590346, 43.687507], [-79.590256, 43.687361], [-79.590155, 43.687223]]}}, {"type": "Feature", "properties": {"name": "Humber River", "class": "River", "covered": true}, "geometry": {"type": "LineString", "coordinates": [[-79.49197, 43.648466], [-79.491779, 43.648714], [-79.4916575, 43.648887], [-79.491536, 43.64906], [-79.491411, 43.649221999999995], [-79.491286, 43.649384], [-79.491023, 43.649681], [-79.4909505, 43.6498635], [-79.490878, 43.650046], [-79.490905, 43.650248500000004], [-79.490932, 43.650451], [-79.490965, 43.650539], [-79.491085, 43.650865], [-79.4911615, 43.651061], [-79.491238, 43.651257], [-79.491358, 43.651429]]}}, {"type": "Feature", "properties": {"name": "Etobicoke Creek", "class": "River", "covered": true}, "geometry": {"type": "LineString", "coordinates": [[-79.608735, 43.646451], [-79.608594, 43.646334], [-79.608416, 43.646188], [-79.608291, 43.646041], [-79.608166, 43.645821], [-79.608092, 43.645641], [-79.608034, 43.645479], [-79.607974, 43.645329], [-79.607902, 43.645191], [-79.607813, 43.645052], [-79.607683, 43.644939], [-79.607544, 43.644855], [-79.607356, 43.644767], [-79.60716, 43.644696], [-79.606959, 43.644674], [-79.606699, 43.644694], [-79.606478, 43.644735], [-79.606287, 43.64477], [-79.606061, 43.644814], [-79.605816, 43.644833], [-79.605608, 43.644833], [-79.605397, 43.644731], [-79.605196, 43.644581], [-79.605005, 43.644474], [-79.604782, 43.64443], [-79.604685, 43.644438], [-79.604638, 43.644449], [-79.604427, 43.64447], [-79.604199, 43.644485], [-79.603972, 43.644505], [-79.603739, 43.644585], [-79.603528, 43.644665], [-79.603341, 43.644713], [-79.603161, 43.64472], [-79.602935, 43.644693], [-79.602688, 43.64462], [-79.602481, 43.644525], [-79.602336, 43.644431], [-79.602276, 43.644384], [-79.601989, 43.644126]]}}, {"type": "Feature", "properties": {"name": "Mimico Creek", "class": "River", "covered": true}, "geometry": {"type": "LineString", "coordinates": [[-79.576165, 43.679155], [-79.576114, 43.6791], [-79.576042, 43.679024], [-79.575979, 43.678947], [-79.575933, 43.678871], [-79.575887, 43.678794], [-79.575849, 43.678718], [-79.575818, 43.678646], [-79.575779, 43.678565], [-79.575747, 43.678484], [-79.575726, 43.678434], [-79.575722, 43.678421], [-79.575706, 43.678376], [-79.575683, 43.678313], [-79.575666, 43.67825], [-79.575653, 43.6782], [-79.57565, 43.678196], [-79.575639, 43.678155], [-79.575628, 43.678097], [-79.575624, 43.678029], [-79.575639, 43.677786], [-79.575651, 43.677453], [-79.575654, 43.67739], [-79.575652, 43.677318], [-79.57565, 43.677251], [-79.575652, 43.677179], [-79.575654, 43.677107], [-79.575641, 43.67703], [-79.575625, 43.676958], [-79.57561, 43.676886], [-79.575583, 43.676805], [-79.575559, 43.676733], [-79.575537, 43.676675], [-79.57551, 43.676607], [-79.575479, 43.676535], [-79.57543, 43.676468], [-79.575389, 43.676405], [-79.575331, 43.676328], [-79.575276, 43.676261], [-79.575222, 43.676202], [-79.575167, 43.676148], [-79.575104, 43.67609], [-79.575036, 43.676036], [-79.574976, 43.675982], [-79.574923, 43.675937], [-79.574867, 43.675883], [-79.574803, 43.675825], [-79.57473, 43.675757], [-79.574647, 43.67569], [-79.574569, 43.675622], [-79.57449, 43.67555], [-79.574408, 43.675483], [-79.574324, 43.675406], [-79.574244, 43.675334], [-79.574157, 43.675267], [-79.574063, 43.67519], [-79.573985, 43.675128], [-79.573918, 43.675069], [-79.573843, 43.675006], [-79.573769, 43.67493], [-79.573685, 43.674876], [-79.5736, 43.674835], [-79.573504, 43.67479], [-79.573408, 43.67475], [-79.573301, 43.674705], [-79.573194, 43.674669], [-79.573075, 43.674647], [-79.572963, 43.67462], [-79.572842, 43.674606], [-79.57272, 43.674588], [-79.572578, 43.674575], [-79.572435, 43.674579], [-79.572288, 43.674575], [-79.572164, 43.674575], [-79.572031, 43.674598], [-79.571896, 43.674616], [-79.571767, 43.674634], [-79.57163, 43.674647], [-79.571502, 43.674661], [-79.571394, 43.674688], [-79.571283, 43.674706], [-79.571152, 43.67472], [-79.571036, 43.674715], [-79.570921, 43.674702], [-79.570799, 43.674688], [-79.570696, 43.67467], [-79.570607, 43.674643], [-79.570516, 43.674598], [-79.570421, 43.674554], [-79.570322, 43.674504], [-79.570234, 43.674446], [-79.570166, 43.674383], [-79.570109, 43.674302], [-79.570063, 43.674239], [-79.570025, 43.674171], [-79.569993, 43.674104], [-79.56995, 43.674032], [-79.569939, 43.674014]]}}, {"type": "Feature", "properties": {"name": "Humber River", "class": "River", "covered": true}, "geometry": {"type": "LineString", "coordinates": [[-79.531938, 43.704931], [-79.532191, 43.704967], [-79.5324485, 43.7049825], [-79.532706, 43.704998], [-79.533171, 43.705007], [-79.533658, 43.704935], [-79.534129, 43.704827], [-79.53458, 43.704683], [-79.535015, 43.704546], [-79.535437, 43.704481], [-79.535783, 43.704505], [-79.535961, 43.704589], [-79.536021, 43.704776], [-79.53595, 43.704992], [-79.535837, 43.7051575], [-79.535724, 43.705323], [-79.535662, 43.7055065], [-79.5356, 43.70569], [-79.5355705, 43.7058885], [-79.535541, 43.706087], [-79.535506, 43.70628], [-79.535497, 43.706375], [-79.53547, 43.7065775], [-79.535443, 43.70678], [-79.535448, 43.706852]]}}, {"type": "Feature", "properties": {"name": "Black Creek", "class": "River", "covered": true}, "geometry": {"type": "LineString", "coordinates": [[-79.488735, 43.675395], [-79.488828, 43.675371], [-79.489007, 43.675331], [-79.489191, 43.675317], [-79.48938, 43.675322], [-79.489579, 43.67534], [-79.4898244, 43.675368533333334], [-79.4900698, 43.67539706666666], [-79.49031520000001, 43.6754256], [-79.49056060000001, 43.67545413333333], [-79.490806, 43.67548266666667], [-79.4910514, 43.675511199999995], [-79.4912968, 43.67553973333333], [-79.49154220000001, 43.675568266666666], [-79.49178760000001, 43.6755968], [-79.492033, 43.67562533333333], [-79.4922784, 43.675653866666664], [-79.4925238, 43.6756824], [-79.49276920000001, 43.675710933333335], [-79.49301460000001, 43.67573946666666], [-79.49326, 43.675768], [-79.493483, 43.675786], [-79.493678, 43.675795], [-79.493888, 43.675781], [-79.494063, 43.67575], [-79.494272, 43.675709], [-79.494461, 43.675682], [-79.494651, 43.675655], [-79.494845, 43.675628], [-79.495055, 43.675606], [-79.495282, 43.675574], [-79.495431, 43.675548]]}}, {"type": "Feature", "properties": {"name": "Black Creek", "class": "River", "covered": true}, "geometry": {"type": "LineString", "coordinates": [[-79.50497, 43.711762], [-79.504862, 43.711742], [-79.504576, 43.711681], [-79.504293, 43.711607], [-79.504064, 43.711466], [-79.50393, 43.711266], [-79.503863, 43.711143]]}}, {"type": "Feature", "properties": {"name": "Black Creek", "class": "River", "covered": true}, "geometry": {"type": "LineString", "coordinates": [[-79.503781, 43.710991], [-79.503666, 43.710777]]}}, {"type": "Feature", "properties": {"name": "Black Creek", "class": "River", "covered": true}, "geometry": {"type": "LineString", "coordinates": [[-79.503863, 43.711143], [-79.5038, 43.711026], [-79.503781, 43.710991]]}}, {"type": "Feature", "properties": {"name": "Black Creek", "class": "River", "covered": true}, "geometry": {"type": "LineString", "coordinates": [[-79.507414, 43.712233], [-79.507367, 43.712201], [-79.5071, 43.71213], [-79.506831, 43.71208], [-79.506558, 43.712043], [-79.50631, 43.711997], [-79.506229, 43.711983]]}}, {"type": "Feature", "properties": {"name": "Black Creek", "class": "River", "covered": true}, "geometry": {"type": "LineString", "coordinates": [[-79.506229, 43.711983], [-79.506078, 43.71196]]}}, {"type": "Feature", "properties": {"name": "Black Creek", "class": "River", "covered": true}, "geometry": {"type": "LineString", "coordinates": [[-79.506078, 43.71196], [-79.505764, 43.711901], [-79.505463, 43.711852], [-79.50517, 43.711799], [-79.50497, 43.711762]]}}, {"type": "Feature", "properties": {"name": "Mimico Creek", "class": "River", "covered": true}, "geometry": {"type": "LineString", "coordinates": [[-79.540477, 43.653562], [-79.54046, 43.653567], [-79.540338, 43.653585], [-79.540227, 43.653581], [-79.54013, 43.653572], [-79.540018, 43.653563], [-79.539895, 43.653563], [-79.539758, 43.65359], [-79.539654, 43.653666], [-79.539649, 43.65377], [-79.539673, 43.653869], [-79.539747, 43.653968], [-79.539837, 43.654067], [-79.539942, 43.65417], [-79.540027, 43.654283], [-79.540107, 43.654377], [-79.540172, 43.654485], [-79.540215, 43.654589], [-79.540216, 43.654697], [-79.540157, 43.654809], [-79.540043, 43.654891], [-79.539906, 43.654972], [-79.539758, 43.655057], [-79.539581, 43.655125], [-79.5394, 43.65517], [-79.539227, 43.655197], [-79.539062, 43.655219], [-79.538897, 43.65521], [-79.538711, 43.65521], [-79.538537, 43.655211], [-79.538335, 43.655193], [-79.538165, 43.655152], [-79.537995, 43.65508], [-79.537865, 43.654981], [-79.537781, 43.654887], [-79.537689, 43.654779], [-79.537613, 43.65468], [-79.537532, 43.654572], [-79.537434, 43.654482], [-79.537323, 43.654396], [-79.537227, 43.654297], [-79.537168, 43.654212], [-79.537166, 43.653987], [-79.537237, 43.653888], [-79.537295, 43.653766], [-79.537345, 43.653649], [-79.537392, 43.65355], [-79.537443, 43.65342], [-79.537482, 43.653294], [-79.537519, 43.653159], [-79.537538, 43.653028], [-79.537519, 43.652907], [-79.537434, 43.652785], [-79.537156, 43.652628], [-79.536961, 43.652578], [-79.536775, 43.652565], [-79.536599, 43.652578], [-79.536425, 43.65261], [-79.536269, 43.652614], [-79.535932, 43.652497], [-79.535506, 43.652502], [-79.535223, 43.652421], [-79.534972, 43.652246], [-79.534645, 43.65216], [-79.534305, 43.652142], [-79.533951, 43.65212], [-79.533597, 43.652115], [-79.533222, 43.652125], [-79.532882, 43.652143], [-79.532579, 43.652075], [-79.532404, 43.651868], [-79.532349, 43.651616], [-79.532322, 43.651319], [-79.532247, 43.651058], [-79.532225, 43.65082], [-79.532276, 43.650613], [-79.532286, 43.650383], [-79.5322, 43.650185], [-79.531985, 43.650037], [-79.531498, 43.65002], [-79.531269, 43.650021], [-79.531106, 43.650043], [-79.531024, 43.650085], [-79.530974, 43.650159], [-79.530997, 43.650364], [-79.530978, 43.650581], [-79.530958, 43.65068], [-79.530896, 43.650773], [-79.530842, 43.650835], [-79.530737, 43.650894], [-79.530337, 43.650956], [-79.529985, 43.651], [-79.529658, 43.651086], [-79.529348, 43.651149], [-79.528999, 43.651171], [-79.528635, 43.651095], [-79.528258, 43.651023], [-79.52791, 43.650956], [-79.527583, 43.650956], [-79.527217, 43.650965], [-79.526879, 43.650947], [-79.526794, 43.650933]]}}, {"type": "Feature", "properties": {"name": "Massey Creek", "class": "River", "covered": true}, "geometry": {"type": "LineString", "coordinates": [[-79.278606, 43.712955], [-79.278713, 43.712945]]}}, {"type": "Feature", "properties": {"name": "Massey Creek", "class": "River", "covered": true}, "geometry": {"type": "LineString", "coordinates": [[-79.285995, 43.698393], [-79.286131, 43.698366], [-79.28619, 43.698347], [-79.28635, 43.698288], [-79.286524, 43.698234], [-79.286653, 43.69825], [-79.286779, 43.698262], [-79.286966, 43.698291], [-79.287204, 43.698279], [-79.28738, 43.698292], [-79.28747, 43.698325], [-79.287658, 43.698408], [-79.287812, 43.698533], [-79.28796, 43.698577], [-79.288205, 43.698539], [-79.288412, 43.698553], [-79.288643, 43.698571], [-79.288856, 43.698497], [-79.289129, 43.698408], [-79.289348, 43.698321], [-79.28954, 43.698224], [-79.289783, 43.698047], [-79.289953, 43.697926], [-79.290102, 43.697802], [-79.290269, 43.697745], [-79.29049, 43.697692], [-79.290578, 43.69768], [-79.290789, 43.697669], [-79.290959, 43.697656]]}}, {"type": "Feature", "properties": {"name": "Massey Creek", "class": "River", "covered": true}, "geometry": {"type": "LineString", "coordinates": [[-79.278713, 43.712945], [-79.279013, 43.712905], [-79.279272, 43.712905], [-79.279504, 43.712907], [-79.279686, 43.712905], [-79.280021, 43.712893], [-79.280387, 43.712892], [-79.280704, 43.712894], [-79.280965, 43.712866], [-79.281194, 43.712795], [-79.281318, 43.712776]]}}, {"type": "Feature", "properties": {"name": "Taylor Creek", "class": "River", "covered": true}, "geometry": {"type": "LineString", "coordinates": [[-79.30655, 43.703244], [-79.306694, 43.703229], [-79.307129, 43.703128]]}}, {"type": "Feature", "properties": {"name": "Don River", "class": "River", "covered": true}, "geometry": {"type": "LineString", "coordinates": [[-79.348651, 43.652532], [-79.348493, 43.65233966666667], [-79.348335, 43.65214733333333], [-79.348177, 43.651955]]}}, {"type": "Feature", "properties": {"name": "Don River", "class": "River", "covered": true}, "geometry": {"type": "LineString", "coordinates": [[-79.349524, 43.653599], [-79.349518, 43.653594], [-79.3493735, 43.653417], [-79.34922900000001, 43.65324], [-79.3490845, 43.653063], [-79.34894, 43.652886], [-79.34879550000001, 43.652709], [-79.348651, 43.652532]]}}, {"type": "Feature", "properties": {"name": "Don River E Branch", "class": "River", "covered": true}, "geometry": {"type": "LineString", "coordinates": [[-79.323272, 43.720098], [-79.323252, 43.720085], [-79.323053, 43.7199585], [-79.322854, 43.719832], [-79.322568, 43.719568], [-79.322485, 43.719468], [-79.322453, 43.7194], [-79.322475, 43.719291], [-79.322552, 43.719212], [-79.32284100000001, 43.719107], [-79.32313, 43.719002], [-79.323451, 43.718861], [-79.323607, 43.718721], [-79.32376, 43.718528], [-79.323847, 43.718328], [-79.323934, 43.718128], [-79.323902, 43.717923], [-79.32387, 43.717718], [-79.323771, 43.71752], [-79.323672, 43.717322], [-79.323614, 43.717092], [-79.323581, 43.716962], [-79.323568, 43.716939], [-79.323361, 43.716624], [-79.322943, 43.71643], [-79.32289, 43.716416], [-79.322773, 43.71639]]}}, {"type": "Feature", "properties": {"name": "Don River E Branch", "class": "River", "covered": true}, "geometry": {"type": "LineString", "coordinates": [[-79.318771, 43.729151], [-79.318669, 43.72907], [-79.318869, 43.728917], [-79.319316, 43.728837], [-79.319698, 43.728667], [-79.31997, 43.72846], [-79.320263, 43.728258], [-79.320419, 43.728024], [-79.320678, 43.727925]]}}, {"type": "Feature", "properties": {"name": "Massey Creek", "class": "River", "covered": true}, "geometry": {"type": "LineString", "coordinates": [[-79.332354, 43.70322], [-79.332485, 43.703274]]}}, {"type": "Feature", "properties": {"name": "Don River E Branch", "class": "River", "covered": true}, "geometry": {"type": "LineString", "coordinates": [[-79.320678, 43.727925], [-79.320751, 43.727899], [-79.321125, 43.727814], [-79.321498, 43.727697], [-79.321903, 43.727545], [-79.322266, 43.727428], [-79.322674, 43.727334], [-79.323049, 43.727204], [-79.323207, 43.726948], [-79.323244, 43.726624], [-79.323196, 43.726332], [-79.323002, 43.726066], [-79.322761, 43.725818], [-79.322505, 43.725601], [-79.32234, 43.72534], [-79.322341, 43.725192]]}}, {"type": "Feature", "properties": {"name": "Don River E Branch", "class": "River", "covered": true}, "geometry": {"type": "LineString", "coordinates": [[-79.336251, 43.742931], [-79.336297, 43.7428], [-79.33631, 43.742777], [-79.336383, 43.742694], [-79.336502, 43.742595], [-79.336593, 43.742507], [-79.33665, 43.742401], [-79.336662, 43.742284], [-79.336618, 43.742183], [-79.336562, 43.742051], [-79.336486, 43.741953], [-79.336396, 43.741864], [-79.336312, 43.741773], [-79.336247, 43.741679], [-79.336153, 43.741556], [-79.336069, 43.741438], [-79.336007, 43.74132], [-79.335922, 43.741192], [-79.335865, 43.741093], [-79.335802, 43.740978], [-79.335674, 43.740869], [-79.335632, 43.740836], [-79.335506, 43.740767], [-79.335384, 43.740714], [-79.335269, 43.740692], [-79.335111, 43.740672], [-79.334945, 43.740669], [-79.334789, 43.740671], [-79.334634, 43.74066], [-79.334455, 43.74067], [-79.334331, 43.740688], [-79.334172, 43.740716], [-79.334009, 43.740736], [-79.333846, 43.740768], [-79.333703, 43.740798], [-79.333558, 43.74083], [-79.333429, 43.740863], [-79.333315, 43.740908], [-79.333215, 43.740963], [-79.333128, 43.741031], [-79.333054, 43.741104], [-79.332987, 43.741191], [-79.332948, 43.741238], [-79.332888, 43.741304], [-79.332845, 43.741342], [-79.332759, 43.741417], [-79.332658, 43.741437], [-79.332281, 43.741517]]}}, {"type": "Feature", "properties": {"name": "Don River E Branch", "class": "River", "covered": true}, "geometry": {"type": "LineString", "coordinates": [[-79.332281, 43.741517], [-79.332267, 43.74152], [-79.332097, 43.741538]]}}, {"type": "Feature", "properties": {"name": "Don River E Branch", "class": "River", "covered": true}, "geometry": {"type": "LineString", "coordinates": [[-79.322341, 43.725192], [-79.322342, 43.725079], [-79.322524, 43.724836], [-79.322647, 43.724589], [-79.322764, 43.724315], [-79.322934, 43.724027], [-79.323104, 43.723699], [-79.323233, 43.723369], [-79.323262, 43.72305], [-79.32326599999999, 43.7228275], [-79.32327, 43.722605], [-79.323285, 43.722395], [-79.32332, 43.722176], [-79.323345, 43.722077], [-79.323363, 43.722044], [-79.323394, 43.722009], [-79.323499, 43.721971], [-79.323661, 43.721933], [-79.323825, 43.721908], [-79.324042, 43.721875], [-79.324364, 43.72184], [-79.324491, 43.721815], [-79.324655, 43.721767], [-79.325037, 43.721651], [-79.325198, 43.72159], [-79.325419, 43.721466], [-79.325581, 43.721385], [-79.325693, 43.721355], [-79.325854, 43.721319], [-79.326127, 43.721277], [-79.3264, 43.721229], [-79.326561, 43.721201], [-79.326635, 43.721178], [-79.326687, 43.721145], [-79.326719, 43.72111], [-79.326733, 43.721052], [-79.32673, 43.720973], [-79.326723, 43.720892], [-79.326708, 43.720774], [-79.326608, 43.720622], [-79.326459, 43.720495], [-79.326079, 43.720395], [-79.325639, 43.720331], [-79.325257, 43.720425], [-79.324843, 43.720555], [-79.324662, 43.720617], [-79.32445, 43.720654], [-79.324228, 43.720616], [-79.324041, 43.720554], [-79.3238385, 43.720448000000005], [-79.323636, 43.720342], [-79.323272, 43.720098]]}}, {"type": "Feature", "properties": {"name": "Don River E Branch", "class": "River", "covered": true}, "geometry": {"type": "LineString", "coordinates": [[-79.331475, 43.706234], [-79.331652, 43.706154]]}}, {"type": "Feature", "properties": {"name": "Don River E Branch", "class": "River", "covered": true}, "geometry": {"type": "LineString", "coordinates": [[-79.32261, 43.721479], [-79.322691, 43.721443], [-79.322755, 43.721421], [-79.322838, 43.721385], [-79.32304, 43.721372], [-79.323245, 43.721381], [-79.323454, 43.721251], [-79.323527, 43.721098], [-79.323411, 43.720999], [-79.323283, 43.720913], [-79.323199, 43.720818], [-79.323205, 43.720643], [-79.323218, 43.720517], [-79.323239, 43.720332], [-79.323272, 43.720098]]}}, {"type": "Feature", "properties": {"name": "Don River E Branch", "class": "River", "covered": true}, "geometry": {"type": "LineString", "coordinates": [[-79.332097, 43.741538], [-79.331922, 43.741552], [-79.331601, 43.741569], [-79.33126, 43.741542], [-79.330906, 43.741456], [-79.330657, 43.741265], [-79.330534, 43.741011], [-79.330509, 43.740915], [-79.330534, 43.740809], [-79.330683, 43.740622], [-79.330799, 43.740387], [-79.33081, 43.740246], [-79.330783, 43.740137], [-79.330725, 43.740001], [-79.330651, 43.7399], [-79.330555, 43.73979]]}}, {"type": "Feature", "properties": {"name": "Don River E Branch", "class": "River", "covered": true}, "geometry": {"type": "LineString", "coordinates": [[-79.331652, 43.706154], [-79.331806, 43.706084], [-79.331827, 43.706075], [-79.332205, 43.705854], [-79.332481, 43.705608], [-79.3326325, 43.705459], [-79.332784, 43.70531], [-79.332841, 43.7051205], [-79.332898, 43.704931], [-79.332932, 43.704747499999996], [-79.332966, 43.704564], [-79.3329905, 43.704367], [-79.333015, 43.70417], [-79.333021, 43.703831], [-79.333071, 43.703494], [-79.333091, 43.703371]]}}, {"type": "Feature", "properties": {"name": "Don River W Branch", "class": "River", "covered": true}, "geometry": {"type": "LineString", "coordinates": [[-79.33544, 43.704261], [-79.335293, 43.704162], [-79.335061, 43.703853], [-79.33505, 43.703535], [-79.335295, 43.703247], [-79.335418, 43.7032]]}}, {"type": "Feature", "properties": {"name": "Massey Creek", "class": "River", "covered": true}, "geometry": {"type": "LineString", "coordinates": [[-79.332485, 43.703274], [-79.332594, 43.703306], [-79.3329, 43.70336], [-79.333091, 43.703371]]}}, {"type": "Feature", "properties": {"name": "Don River E Branch", "class": "River", "covered": true}, "geometry": {"type": "LineString", "coordinates": [[-79.334694, 43.703077], [-79.334901, 43.703119], [-79.3351595, 43.7031595], [-79.335418, 43.7032]]}}, {"type": "Feature", "properties": {"name": "Don River", "class": "River", "covered": true}, "geometry": {"type": "LineString", "coordinates": [[-79.36187, 43.688677], [-79.361974, 43.688582], [-79.362168, 43.688467]]}}, {"type": "Feature", "properties": {"name": "Don River", "class": "River", "covered": true}, "geometry": {"type": "LineString", "coordinates": [[-79.350563, 43.699408], [-79.350601, 43.699348], [-79.350838, 43.699092], [-79.351098, 43.69887], [-79.351474, 43.698733], [-79.351915, 43.698677], [-79.35236, 43.69865], [-79.35275, 43.698599], [-79.353149, 43.698477], [-79.353526, 43.698353], [-79.353895, 43.698287], [-79.354294, 43.698292], [-79.354659, 43.698229], [-79.355021, 43.698047], [-79.355314, 43.697803], [-79.355549, 43.697546], [-79.355819, 43.69731], [-79.356002, 43.697062], [-79.356044, 43.696743], [-79.356091, 43.696426], [-79.356203, 43.696154], [-79.356426, 43.695889], [-79.356611, 43.695638], [-79.356928, 43.695425], [-79.357304, 43.695302], [-79.357662, 43.695271], [-79.358063, 43.695355], [-79.358172, 43.695389]]}}, {"type": "Feature", "properties": {"name": "Don River E Branch", "class": "River", "covered": true}, "geometry": {"type": "LineString", "coordinates": [[-79.329489, 43.754304], [-79.329429, 43.754284], [-79.329422, 43.754277], [-79.32929, 43.754145], [-79.329173, 43.75395], [-79.329142, 43.753787], [-79.329194, 43.753668], [-79.329, 43.753574], [-79.328946, 43.753439], [-79.329091, 43.753383], [-79.329274, 43.753334], [-79.32928, 43.753331], [-79.329302, 43.753291], [-79.329221, 43.753216], [-79.329366, 43.75312], [-79.329564, 43.753037], [-79.329822, 43.752956], [-79.330047, 43.752853], [-79.33015, 43.752699], [-79.330143, 43.752675], [-79.33014, 43.752661], [-79.330158, 43.752536], [-79.33016, 43.752532]]}}, {"type": "Feature", "properties": {"name": "Don River E Branch", "class": "River", "covered": true}, "geometry": {"type": "LineString", "coordinates": [[-79.325087, 43.756056], [-79.325099, 43.756053], [-79.325323, 43.756013], [-79.325589, 43.755969], [-79.325865, 43.755913], [-79.326098, 43.755889], [-79.32636, 43.755861], [-79.326641, 43.755855], [-79.326921, 43.755869], [-79.327205, 43.755883], [-79.327478, 43.755873], [-79.327661, 43.755856], [-79.327749, 43.755835], [-79.327778, 43.755822], [-79.327896, 43.755784], [-79.327941, 43.755767]]}}, {"type": "Feature", "properties": {"name": "Massey Creek", "class": "River", "covered": true}, "geometry": {"type": "LineString", "coordinates": [[-79.299126, 43.756188], [-79.298771, 43.7561665], [-79.298416, 43.756145], [-79.29833375, 43.75595225], [-79.29825149999999, 43.755759499999996], [-79.29816925, 43.75556675], [-79.298087, 43.755374], [-79.29790274999999, 43.755223], [-79.2977185, 43.755072], [-79.29753425, 43.754921], [-79.29735, 43.75477]]}}, {"type": "Feature", "properties": {"name": "Don River E Branch", "class": "River", "covered": true}, "geometry": {"type": "LineString", "coordinates": [[-79.333427, 43.749561], [-79.333641, 43.74948]]}}, {"type": "Feature", "properties": {"name": "Don River E Branch", "class": "River", "covered": true}, "geometry": {"type": "LineString", "coordinates": [[-79.359668, 43.766676], [-79.359666, 43.766657], [-79.359661, 43.766551], [-79.359664, 43.766485]]}}, {"type": "Feature", "properties": {"name": "Don River E Branch", "class": "River", "covered": true}, "geometry": {"type": "LineString", "coordinates": [[-79.359664, 43.766485], [-79.359668, 43.766413], [-79.359667, 43.766341]]}}, {"type": "Feature", "properties": {"name": "Don River E Branch", "class": "River", "covered": true}, "geometry": {"type": "LineString", "coordinates": [[-79.359667, 43.766341], [-79.359666, 43.766235], [-79.35967, 43.766165]]}}, {"type": "Feature", "properties": {"name": "Don River E Branch", "class": "River", "covered": true}, "geometry": {"type": "LineString", "coordinates": [[-79.359709, 43.766939], [-79.359706, 43.76693], [-79.359683, 43.766813], [-79.359668, 43.766676]]}}, {"type": "Feature", "properties": {"name": "Rouge River", "class": "River", "covered": true}, "geometry": {"type": "LineString", "coordinates": [[-79.170312, 43.813114], [-79.170159, 43.813037], [-79.169881, 43.812901], [-79.16959, 43.812752], [-79.169336, 43.812625], [-79.169021, 43.812485], [-79.168796, 43.81234], [-79.168621, 43.812105], [-79.168532, 43.811916], [-79.168395, 43.811691], [-79.168247, 43.811506], [-79.167927, 43.81141], [-79.167548, 43.811477], [-79.167194, 43.81166], [-79.167033, 43.811786], [-79.16675, 43.812001], [-79.166535, 43.812185], [-79.16629, 43.812405], [-79.166232, 43.812598], [-79.166157, 43.812863], [-79.166133, 43.81303], [-79.166118, 43.813057], [-79.165973, 43.813304], [-79.1658, 43.813519], [-79.165493, 43.81369], [-79.165165, 43.813711], [-79.164824, 43.813634], [-79.164517, 43.813471], [-79.164307, 43.813277], [-79.164266, 43.813254], [-79.164083, 43.813082], [-79.163976, 43.812875], [-79.164015, 43.812655], [-79.164055, 43.812569], [-79.164071, 43.812367], [-79.164128, 43.812224], [-79.164132, 43.81202], [-79.164038, 43.811826], [-79.163759, 43.81178], [-79.163412, 43.811827], [-79.16302, 43.811861], [-79.162619, 43.811849], [-79.162236, 43.811843], [-79.161887, 43.811823], [-79.16154, 43.811876], [-79.161199, 43.81198], [-79.160873, 43.812055], [-79.160543, 43.812073], [-79.160222, 43.811922], [-79.160009, 43.811723], [-79.159908, 43.811485], [-79.159811, 43.811241], [-79.159786, 43.811043], [-79.159873, 43.810907], [-79.159883, 43.810842]]}}, {"type": "Feature", "properties": {"name": "Wilket Creek", "class": "River", "covered": true}, "geometry": {"type": "LineString", "coordinates": [[-79.370262, 43.738659], [-79.370168, 43.73855], [-79.369963, 43.738418], [-79.369666, 43.738269], [-79.369612, 43.738029], [-79.369374, 43.737938], [-79.369116, 43.737906], [-79.36899, 43.738025], [-79.368869, 43.738108], [-79.368742, 43.738035], [-79.368706, 43.737961], [-79.368702, 43.737951], [-79.368665, 43.73784]]}}, {"type": "Feature", "properties": {"name": "Wilket Creek", "class": "River", "covered": false}, "geometry": {"type": "LineString", "coordinates": [[-79.368665, 43.73784], [-79.368557, 43.737638]]}}, {"type": "Feature", "properties": {"name": "Wilket Creek", "class": "River", "covered": true}, "geometry": {"type": "LineString", "coordinates": [[-79.368557, 43.737638], [-79.368386, 43.737429], [-79.368197, 43.737222], [-79.367964, 43.737046], [-79.367715, 43.736894], [-79.367418, 43.736807], [-79.367171, 43.736733], [-79.36695, 43.736637], [-79.366772, 43.736605], [-79.366702, 43.736624], [-79.366674, 43.7367], [-79.366576, 43.736804], [-79.366276, 43.736698], [-79.36604, 43.736548], [-79.365828, 43.736632], [-79.365594, 43.736753], [-79.365288, 43.736699], [-79.365045, 43.736526], [-79.364804, 43.736432], [-79.36448, 43.736407], [-79.364359, 43.73624], [-79.364327, 43.736046], [-79.364129, 43.73602], [-79.363884, 43.735975], [-79.363661, 43.735904], [-79.363525, 43.735809], [-79.363527, 43.735686], [-79.363653, 43.735516], [-79.363543, 43.735302], [-79.363452, 43.735123], [-79.363468, 43.734921], [-79.363306, 43.734789], [-79.363076, 43.734788], [-79.362918, 43.734669], [-79.362767, 43.734555], [-79.362489, 43.734519], [-79.36223, 43.734478], [-79.362028, 43.734337], [-79.3619, 43.734158]]}}, {"type": "Feature", "properties": {"name": "Don River E Branch", "class": "River", "covered": true}, "geometry": {"type": "LineString", "coordinates": [[-79.333641, 43.74948], [-79.33382499999999, 43.749329], [-79.334009, 43.749178], [-79.334155, 43.749027], [-79.334174, 43.748949], [-79.33417, 43.748867], [-79.334129, 43.7487], [-79.334174, 43.748551], [-79.334332, 43.748431], [-79.334529, 43.74835], [-79.334748, 43.748217], [-79.334926, 43.748055], [-79.335107, 43.747908], [-79.335271, 43.747772], [-79.335361, 43.747616], [-79.335353, 43.747452], [-79.335393, 43.747292], [-79.335543, 43.747152], [-79.335607, 43.747062], [-79.335619, 43.746995], [-79.335584, 43.746952], [-79.335497, 43.7469], [-79.335387, 43.746868], [-79.335358, 43.746847], [-79.335364, 43.746792], [-79.335452, 43.746682], [-79.335396, 43.746504], [-79.335284, 43.746413], [-79.335243, 43.746401], [-79.335162, 43.746455], [-79.335104, 43.746468], [-79.335052, 43.74643], [-79.33502, 43.746336], [-79.335038, 43.746127], [-79.335215, 43.745962], [-79.335385, 43.745782], [-79.3354865, 43.7456145], [-79.335588, 43.745447], [-79.335498, 43.745282], [-79.335419, 43.745133], [-79.33527, 43.7451], [-79.335241, 43.745079], [-79.335224, 43.745058], [-79.335209, 43.744948], [-79.335085, 43.744803], [-79.335002, 43.744649], [-79.334958, 43.744553], [-79.334935, 43.74449], [-79.334941, 43.744435], [-79.334969, 43.74436], [-79.335029, 43.744224], [-79.334991, 43.744075], [-79.335039, 43.743964], [-79.335042, 43.743835], [-79.335033, 43.743675], [-79.33514, 43.743557], [-79.335281, 43.743433], [-79.335354, 43.743278], [-79.335468, 43.743142], [-79.335628, 43.743019], [-79.335835, 43.742976], [-79.336046, 43.742957], [-79.336251, 43.742931]]}}, {"type": "Feature", "properties": {"name": "Don River E Branch", "class": "River", "covered": true}, "geometry": {"type": "LineString", "coordinates": [[-79.381988, 43.779082], [-79.381781, 43.779015], [-79.381572, 43.778943], [-79.381363, 43.778902], [-79.381186, 43.778839], [-79.381027, 43.778767], [-79.380875, 43.778695], [-79.380718, 43.7786], [-79.380554, 43.778492], [-79.38036, 43.778411], [-79.380166, 43.778325], [-79.379989, 43.778253], [-79.379802, 43.778221], [-79.37967, 43.778234], [-79.379588, 43.778311], [-79.379488, 43.778437], [-79.379296, 43.778446], [-79.379177, 43.778315], [-79.379141, 43.778157], [-79.379089, 43.778045], [-79.378955, 43.778004], [-79.378788, 43.778022], [-79.378613, 43.777972], [-79.378481, 43.777995], [-79.378305, 43.778035], [-79.378167, 43.77812], [-79.378168, 43.778242], [-79.378157, 43.778363], [-79.37805, 43.778417], [-79.377845, 43.778385], [-79.377655, 43.778376], [-79.3775, 43.778426], [-79.377332, 43.778497], [-79.377168, 43.778578], [-79.377026, 43.778673], [-79.376875, 43.778762], [-79.376746, 43.778848], [-79.376583, 43.778915], [-79.376364, 43.77891], [-79.376117, 43.778856], [-79.375879, 43.778815], [-79.375662, 43.778748], [-79.375461, 43.778702], [-79.375246, 43.778684], [-79.375052, 43.778684], [-79.374849, 43.778693], [-79.374643, 43.778706], [-79.374453, 43.778701], [-79.374271, 43.778728], [-79.374107, 43.778782], [-79.373969, 43.778876], [-79.3738, 43.778975], [-79.373596, 43.77902], [-79.373379, 43.779006], [-79.373144, 43.778902], [-79.37293, 43.778821], [-79.372771, 43.778708], [-79.372575, 43.778605], [-79.37237, 43.778519], [-79.372172, 43.778406], [-79.371987, 43.778289], [-79.371796, 43.778185], [-79.371659, 43.778095], [-79.371546, 43.77801], [-79.371373, 43.777897], [-79.371194, 43.777802], [-79.370983, 43.777784], [-79.37083, 43.777811], [-79.370645, 43.777824], [-79.370457, 43.777716]]}}, {"type": "Feature", "properties": {"name": "Don River E Branch", "class": "River", "covered": true}, "geometry": {"type": "LineString", "coordinates": [[-79.347186, 43.759644], [-79.347086, 43.759651], [-79.346941, 43.759649], [-79.346805, 43.75964], [-79.346643, 43.759584], [-79.346481, 43.759503], [-79.346382, 43.75941], [-79.346309, 43.759262], [-79.34628, 43.759135], [-79.34626, 43.759004], [-79.34624, 43.758861], [-79.346165, 43.75873], [-79.346078, 43.758607], [-79.345981, 43.758493], [-79.345853, 43.758383], [-79.345684, 43.75827], [-79.345482, 43.758176], [-79.34528, 43.75807], [-79.345059, 43.757949], [-79.344868, 43.757834], [-79.344671, 43.757695], [-79.344496, 43.75754], [-79.34438, 43.757415], [-79.344268, 43.757287], [-79.344178, 43.75715], [-79.344101, 43.757012], [-79.344026, 43.756872], [-79.344021, 43.756821], [-79.343902, 43.756497]]}}, {"type": "Feature", "properties": {"name": "Don River E Branch", "class": "River", "covered": true}, "geometry": {"type": "LineString", "coordinates": [[-79.34985, 43.761423], [-79.349854, 43.761347], [-79.349846, 43.76125], [-79.349836, 43.76116], [-79.349805, 43.761069], [-79.349756, 43.761004], [-79.349647, 43.760935], [-79.349512, 43.760881], [-79.349364, 43.760844], [-79.34925, 43.760825], [-79.349141, 43.760794], [-79.349032, 43.760729], [-79.348917, 43.760639], [-79.348815, 43.760517], [-79.348763, 43.760384], [-79.348704, 43.760272], [-79.348634, 43.760155], [-79.348545, 43.760058], [-79.34842, 43.759962], [-79.348287, 43.759905], [-79.348142, 43.759861], [-79.34798, 43.759806], [-79.347867, 43.759785], [-79.347705, 43.759746], [-79.347583, 43.759704], [-79.347474, 43.759682], [-79.347335, 43.759658], [-79.347215, 43.759647], [-79.347186, 43.759644]]}}, {"type": "Feature", "properties": {"name": "Massey Creek", "class": "River", "covered": true}, "geometry": {"type": "LineString", "coordinates": [[-79.273961, 43.730828], [-79.273885, 43.73079], [-79.273815, 43.730755], [-79.273513, 43.730555], [-79.273277, 43.730439], [-79.27311, 43.730223], [-79.272949, 43.73001], [-79.272611, 43.729919], [-79.272283, 43.72995], [-79.271987, 43.729842]]}}, {"type": "Feature", "properties": {"name": "East Highland Creek", "class": "River", "covered": true}, "geometry": {"type": "LineString", "coordinates": [[-79.249467, 43.781699], [-79.249442, 43.781633], [-79.249407, 43.781547], [-79.249401, 43.781535], [-79.249304, 43.781289], [-79.24919, 43.780965], [-79.249094, 43.780707], [-79.249007, 43.780501], [-79.248935, 43.780376], [-79.24877, 43.780188], [-79.248761, 43.780182]]}}, {"type": "Feature", "properties": {"name": "East Highland Creek", "class": "River", "covered": true}, "geometry": {"type": "LineString", "coordinates": [[-79.2496, 43.782065], [-79.249548, 43.781915], [-79.249547, 43.781911]]}}, {"type": "Feature", "properties": {"name": "East Highland Creek", "class": "River", "covered": true}, "geometry": {"type": "LineString", "coordinates": [[-79.249547, 43.781911], [-79.2495, 43.781785]]}}, {"type": "Feature", "properties": {"name": "East Highland Creek", "class": "River", "covered": true}, "geometry": {"type": "LineString", "coordinates": [[-79.2495, 43.781785], [-79.249467, 43.781699]]}}, {"type": "Feature", "properties": {"name": "West Highland Creek", "class": "River", "covered": true}, "geometry": {"type": "LineString", "coordinates": [[-79.263297, 43.746884], [-79.26328, 43.746881], [-79.263204, 43.746849], [-79.263134, 43.746798], [-79.262998, 43.746561], [-79.26292, 43.746406]]}}, {"type": "Feature", "properties": {"name": "West Highland Creek", "class": "River", "covered": true}, "geometry": {"type": "LineString", "coordinates": [[-79.265439, 43.747663], [-79.265328, 43.747407], [-79.265177, 43.74712], [-79.265095, 43.747068], [-79.265018, 43.747021], [-79.264927, 43.746994], [-79.26485, 43.746981], [-79.264744, 43.746971], [-79.264645, 43.746966], [-79.264479, 43.746971], [-79.264374, 43.746968], [-79.264268, 43.746959], [-79.264101, 43.746949], [-79.263981, 43.746949], [-79.263824, 43.746939], [-79.263699, 43.746945], [-79.263502, 43.746913], [-79.263388, 43.7469], [-79.263297, 43.746884]]}}, {"type": "Feature", "properties": {"name": "East Highland Creek", "class": "River", "covered": true}, "geometry": {"type": "LineString", "coordinates": [[-79.249765, 43.782494], [-79.249661, 43.782238]]}}, {"type": "Feature", "properties": {"name": "East Highland Creek", "class": "River", "covered": true}, "geometry": {"type": "LineString", "coordinates": [[-79.249661, 43.782238], [-79.249659, 43.782233], [-79.2496, 43.782065]]}}, {"type": "Feature", "properties": {"name": "West Highland Creek", "class": "River", "covered": true}, "geometry": {"type": "LineString", "coordinates": [[-79.265956, 43.749372], [-79.26593600000001, 43.749112], [-79.265916, 43.748852], [-79.265881, 43.748707], [-79.2657805, 43.7484515], [-79.26568, 43.748196], [-79.26559966666667, 43.748018333333334], [-79.26551933333333, 43.74784066666667], [-79.265439, 43.747663]]}}, {"type": "Feature", "properties": {"name": "East Highland Creek", "class": "River", "covered": true}, "geometry": {"type": "LineString", "coordinates": [[-79.248761, 43.780182], [-79.248509, 43.780022], [-79.248395, 43.779909], [-79.2481, 43.779692], [-79.247799, 43.779458], [-79.247515, 43.779222], [-79.24721, 43.779009], [-79.24691, 43.778825], [-79.24657, 43.778687], [-79.246528, 43.778645], [-79.246421, 43.778605]]}}, {"type": "Feature", "properties": {"name": "Massey Creek", "class": "River", "covered": true}, "geometry": {"type": "LineString", "coordinates": [[-79.267439, 43.727109], [-79.267435, 43.727106], [-79.267254, 43.726859], [-79.267353, 43.726619], [-79.267553, 43.726393], [-79.267738, 43.726136], [-79.267854, 43.725962]]}}, {"type": "Feature", "properties": {"name": "West Highland Creek", "class": "River", "covered": false}, "geometry": {"type": "LineString", "coordinates": [[-79.276578, 43.771324], [-79.276531, 43.771302], [-79.276429, 43.771259], [-79.276115, 43.771145], [-79.275771, 43.771028], [-79.275418, 43.770925], [-79.275071, 43.770817], [-79.274766, 43.770694], [-79.27445, 43.770548], [-79.274194, 43.770411], [-79.273988, 43.770315], [-79.273772, 43.770276]]}}, {"type": "Feature", "properties": {"name": "West Highland Creek", "class": "River", "covered": false}, "geometry": {"type": "LineString", "coordinates": [[-79.277931, 43.771616], [-79.277608, 43.77152], [-79.277251, 43.771447], [-79.276923, 43.771379], [-79.276656, 43.77134], [-79.276596, 43.771331], [-79.276592, 43.771331], [-79.276578, 43.771324]]}}, {"type": "Feature", "properties": {"name": "West Highland Creek", "class": "River", "covered": true}, "geometry": {"type": "LineString", "coordinates": [[-79.278731, 43.772453], [-79.278744, 43.772357]]}}, {"type": "Feature", "properties": {"name": "West Highland Creek", "class": "River", "covered": false}, "geometry": {"type": "LineString", "coordinates": [[-79.278744, 43.772357], [-79.27867, 43.772099], [-79.278489, 43.771883], [-79.278221, 43.771714], [-79.277945, 43.771621], [-79.277931, 43.771616]]}}, {"type": "Feature", "properties": {"name": "West Highland Creek", "class": "River", "covered": true}, "geometry": {"type": "LineString", "coordinates": [[-79.278427, 43.772905], [-79.278492, 43.772849], [-79.278668, 43.77261], [-79.278731, 43.772453]]}}, {"type": "Feature", "properties": {"name": "East Highland Creek", "class": "River", "covered": false}, "geometry": {"type": "LineString", "coordinates": [[-79.253238, 43.788264], [-79.253083, 43.788188], [-79.25281, 43.78806633333333], [-79.252537, 43.78794466666667], [-79.252264, 43.787823], [-79.252061, 43.787631], [-79.251886, 43.787406], [-79.251713, 43.787174], [-79.251562, 43.786944], [-79.251416, 43.786694], [-79.25132, 43.786442], [-79.251219, 43.786174]]}}, {"type": "Feature", "properties": {"name": "East Highland Creek", "class": "River", "covered": true}, "geometry": {"type": "LineString", "coordinates": [[-79.251219, 43.786174], [-79.25114466666668, 43.78599466666667], [-79.25107033333333, 43.78581533333333], [-79.250996, 43.785636], [-79.250875, 43.785343], [-79.250748, 43.785068], [-79.250627, 43.784785], [-79.250526, 43.784491], [-79.250443, 43.784286]]}}, {"type": "Feature", "properties": {"name": "East Highland Creek", "class": "River", "covered": true}, "geometry": {"type": "LineString", "coordinates": [[-79.250443, 43.784286], [-79.250416, 43.784219], [-79.250303, 43.783912], [-79.25022733333334, 43.78371666666667], [-79.25015166666667, 43.78352133333333], [-79.250076, 43.783326], [-79.249967, 43.783027], [-79.24988, 43.782779], [-79.249791, 43.782559], [-79.249765, 43.782494]]}}, {"type": "Feature", "properties": {"name": "Massey Creek", "class": "River", "covered": true}, "geometry": {"type": "LineString", "coordinates": [[-79.282377, 43.734672], [-79.282362, 43.734651], [-79.282199, 43.734515], [-79.281936, 43.734364], [-79.281773, 43.734305], [-79.281535, 43.734175], [-79.28132, 43.734052], [-79.28109024999999, 43.73392375], [-79.28086049999999, 43.7337955], [-79.28063075, 43.733667249999996], [-79.280401, 43.733539], [-79.280119, 43.733383], [-79.279811, 43.733225], [-79.2795415, 43.7330895], [-79.279272, 43.732954], [-79.279077, 43.732893], [-79.278953, 43.732873], [-79.278903, 43.732862]]}}, {"type": "Feature", "properties": {"name": "West Highland Creek", "class": "River", "covered": true}, "geometry": {"type": "LineString", "coordinates": [[-79.277505, 43.756332], [-79.27727515384616, 43.756234923076924], [-79.27704530769232, 43.75613784615385], [-79.27681546153846, 43.75604076923077], [-79.27658561538462, 43.755943692307696], [-79.27635576923078, 43.75584661538462], [-79.27612592307693, 43.755749538461544], [-79.27589607692308, 43.75565246153846], [-79.27566623076923, 43.755555384615384], [-79.27543638461539, 43.75545830769231], [-79.27520653846155, 43.75536123076923], [-79.27497669230769, 43.755264153846156], [-79.27474684615385, 43.75516707692308], [-79.274517, 43.75507], [-79.274501, 43.755061], [-79.27445, 43.755033], [-79.274408, 43.755004], [-79.274366, 43.754956], [-79.2742245, 43.754785], [-79.274083, 43.754614], [-79.27386775000001, 43.754491], [-79.2736525, 43.754368], [-79.27343725, 43.754245], [-79.273222, 43.754122], [-79.272982, 43.753985]]}}, {"type": "Feature", "properties": {"name": "West Highland Creek", "class": "River", "covered": true}, "geometry": {"type": "LineString", "coordinates": [[-79.272982, 43.753985], [-79.27275983333334, 43.75385833333333], [-79.27253766666666, 43.75373166666667], [-79.27231549999999, 43.753605], [-79.27209333333333, 43.753478333333334], [-79.27187116666667, 43.75335166666667], [-79.271649, 43.753225], [-79.2716, 43.75319], [-79.271499, 43.753161], [-79.271438, 43.753169], [-79.271344, 43.753184], [-79.271073, 43.753236]]}}, {"type": "Feature", "properties": {"name": "West Highland Creek", "class": "River", "covered": false}, "geometry": {"type": "LineString", "coordinates": [[-79.273772, 43.770276], [-79.273577, 43.770287], [-79.273297, 43.770347], [-79.272983, 43.770414], [-79.272683, 43.770475], [-79.2724, 43.770525], [-79.272166, 43.770574], [-79.272049, 43.770603], [-79.272036, 43.770605]]}}, {"type": "Feature", "properties": {"name": "West Highland Creek", "class": "River", "covered": false}, "geometry": {"type": "LineString", "coordinates": [[-79.272036, 43.770605], [-79.271944, 43.770625], [-79.271534, 43.770712], [-79.271089, 43.770806], [-79.270683, 43.770893], [-79.270226, 43.77099], [-79.269805, 43.771079], [-79.269371, 43.77117], [-79.268969, 43.771256], [-79.2687, 43.771313]]}}, {"type": "Feature", "properties": {"name": "West Highland Creek", "class": "River", "covered": false}, "geometry": {"type": "LineString", "coordinates": [[-79.268073, 43.771382], [-79.267927, 43.771377], [-79.267877, 43.77136]]}}, {"type": "Feature", "properties": {"name": "West Highland Creek", "class": "River", "covered": false}, "geometry": {"type": "LineString", "coordinates": [[-79.2687, 43.771313], [-79.268587, 43.771336], [-79.268212, 43.771387], [-79.268073, 43.771382]]}}, {"type": "Feature", "properties": {"name": "West Highland Creek", "class": "River", "covered": false}, "geometry": {"type": "LineString", "coordinates": [[-79.267877, 43.77136], [-79.267869, 43.771357], [-79.267863, 43.771345], [-79.267689, 43.771247], [-79.267463, 43.771066], [-79.267347, 43.77087], [-79.267256, 43.770648], [-79.267144, 43.770414], [-79.267005, 43.770181], [-79.266817, 43.769985], [-79.266575, 43.769809], [-79.266343, 43.769594], [-79.26611, 43.769391], [-79.2659505, 43.769245], [-79.265791, 43.769099]]}}, {"type": "Feature", "properties": {"name": "West Highland Creek", "class": "River", "covered": true}, "geometry": {"type": "LineString", "coordinates": [[-79.290828, 43.762116], [-79.29061452941177, 43.76202229411765], [-79.29040105882353, 43.76192858823529], [-79.2901875882353, 43.76183488235294], [-79.28997411764706, 43.761741176470586], [-79.28976064705883, 43.76164747058824], [-79.28954717647059, 43.76155376470588], [-79.28933370588236, 43.76146005882353], [-79.28912023529412, 43.761366352941174], [-79.28890676470589, 43.761272647058824], [-79.28869329411765, 43.76117894117647], [-79.28847982352941, 43.76108523529412], [-79.28826635294118, 43.76099152941176], [-79.28805288235294, 43.76089782352941], [-79.28783941176471, 43.760804117647055], [-79.28762594117647, 43.760710411764705], [-79.28741247058824, 43.76061670588235], [-79.287199, 43.760523], [-79.286968125, 43.760423625], [-79.28673725, 43.76032425], [-79.286506375, 43.760224875], [-79.2862755, 43.7601255], [-79.286044625, 43.760026125], [-79.28581375, 43.759926750000005], [-79.285582875, 43.759827375], [-79.285352, 43.759728], [-79.285217, 43.75967]]}}, {"type": "Feature", "properties": {"name": "West Highland Creek", "class": "River", "covered": false}, "geometry": {"type": "LineString", "coordinates": [[-79.265791, 43.769099], [-79.265782, 43.769078], [-79.265658, 43.768922], [-79.26541, 43.768787], [-79.265139, 43.768639], [-79.264867, 43.76842], [-79.264718, 43.768288], [-79.264576, 43.768198], [-79.264401, 43.767985], [-79.264316, 43.767772], [-79.264238, 43.767574], [-79.264198, 43.767469]]}}, {"type": "Feature", "properties": {"name": "West Highland Creek", "class": "River", "covered": false}, "geometry": {"type": "LineString", "coordinates": [[-79.289671, 43.786305], [-79.289519, 43.78631], [-79.289428, 43.786313], [-79.289222, 43.786209], [-79.28906, 43.786076], [-79.288892, 43.785978], [-79.288795, 43.785904]]}}, {"type": "Feature", "properties": {"name": "West Highland Creek", "class": "River", "covered": true}, "geometry": {"type": "LineString", "coordinates": [[-79.292946, 43.763035], [-79.292766, 43.762941], [-79.292653, 43.762893], [-79.292424875, 43.762795874999995], [-79.29219675, 43.76269875], [-79.29196862500001, 43.762601625], [-79.2917405, 43.7625045], [-79.291512375, 43.762407374999995], [-79.29128425, 43.76231025], [-79.29105612500001, 43.762213125], [-79.290828, 43.762116]]}}, {"type": "Feature", "properties": {"name": "Massey Creek", "class": "River", "covered": true}, "geometry": {"type": "LineString", "coordinates": [[-79.29735, 43.75477], [-79.29716775, 43.754617], [-79.29698549999999, 43.754464], [-79.29680325, 43.754311], [-79.29662099999999, 43.754158000000004], [-79.29643875, 43.754005], [-79.2962565, 43.753852], [-79.29607424999999, 43.753699], [-79.295892, 43.753546], [-79.29579966666667, 43.753325], [-79.29570733333333, 43.753104], [-79.295615, 43.752883], [-79.295631, 43.752756], [-79.295721, 43.752551]]}}, {"type": "Feature", "properties": {"name": "West Highland Creek", "class": "River", "covered": true}, "geometry": {"type": "LineString", "coordinates": [[-79.297006, 43.764793], [-79.29675133333333, 43.76468533333333], [-79.29649666666667, 43.76457766666667], [-79.296242, 43.76447], [-79.29602111111112, 43.764376000000006], [-79.29580022222223, 43.764282], [-79.29557933333334, 43.764188000000004], [-79.29535844444445, 43.764094], [-79.29513755555556, 43.764], [-79.29491666666667, 43.763906], [-79.29469577777778, 43.763812], [-79.29447488888889, 43.763718], [-79.294254, 43.763624], [-79.29403599999999, 43.76352583333333], [-79.293818, 43.763427666666665], [-79.2936, 43.7633295], [-79.293382, 43.76323133333334], [-79.293164, 43.76313316666667], [-79.292946, 43.763035]]}}, {"type": "Feature", "properties": {"name": "West Highland Creek", "class": "River", "covered": false}, "geometry": {"type": "LineString", "coordinates": [[-79.288795, 43.785904], [-79.288689, 43.785835], [-79.288646, 43.7858], [-79.288394, 43.785673], [-79.288137, 43.785502], [-79.287893, 43.785311], [-79.287679, 43.785069], [-79.287466, 43.784813], [-79.287232, 43.784586], [-79.286977, 43.784389], [-79.286747, 43.784187], [-79.28655, 43.783989], [-79.286413, 43.783874], [-79.28625, 43.78373]]}}, {"type": "Feature", "properties": {"name": "West Highland Creek", "class": "River", "covered": false}, "geometry": {"type": "LineString", "coordinates": [[-79.277214, 43.776368], [-79.277228, 43.77601], [-79.277241, 43.775916], [-79.277289, 43.775654], [-79.277324, 43.775342], [-79.277358, 43.775051], [-79.27737, 43.774835], [-79.277374, 43.774824], [-79.277366, 43.774728], [-79.277391, 43.774463], [-79.277366, 43.774201], [-79.277428, 43.773949], [-79.2776, 43.773748], [-79.277766, 43.773567], [-79.277938, 43.773369]]}}, {"type": "Feature", "properties": {"name": "West Highland Creek", "class": "River", "covered": true}, "geometry": {"type": "LineString", "coordinates": [[-79.277938, 43.773369], [-79.278136, 43.773194], [-79.278288, 43.773025], [-79.278427, 43.772905]]}}, {"type": "Feature", "properties": {"name": "Don River E Branch", "class": "River", "covered": true}, "geometry": {"type": "LineString", "coordinates": [[-79.331359, 43.762137], [-79.331298, 43.762005], [-79.331192, 43.761838], [-79.331026, 43.761686], [-79.33083, 43.761557], [-79.330583, 43.761431], [-79.33036, 43.761268], [-79.330117, 43.761101], [-79.329909, 43.760902], [-79.329809, 43.760656], [-79.329762, 43.760464], [-79.329705, 43.760306], [-79.329699, 43.760207]]}}, {"type": "Feature", "properties": {"name": "West Highland Creek", "class": "River", "covered": true}, "geometry": {"type": "LineString", "coordinates": [[-79.202059, 43.764869], [-79.202147, 43.764955], [-79.20223899999999, 43.765127500000006], [-79.202331, 43.7653], [-79.202442, 43.765597], [-79.202682, 43.765751], [-79.20301, 43.765953], [-79.203277, 43.766243], [-79.20336549999999, 43.7664125], [-79.203454, 43.766582]]}}, {"type": "Feature", "properties": {"name": "West Highland Creek", "class": "River", "covered": true}, "geometry": {"type": "LineString", "coordinates": [[-79.239785, 43.747744], [-79.239688, 43.747894], [-79.239607, 43.748226], [-79.239561, 43.748504], [-79.239408, 43.748712], [-79.239196, 43.748868], [-79.239053, 43.748918], [-79.238893, 43.748886], [-79.238676, 43.748865], [-79.238523, 43.74897], [-79.238534, 43.749193], [-79.238552, 43.749259], [-79.238585, 43.749522], [-79.238557, 43.749738], [-79.238476, 43.749902], [-79.238347, 43.750069], [-79.238336, 43.750297], [-79.238327, 43.750487], [-79.23831, 43.750599]]}}, {"type": "Feature", "properties": {"name": "West Highland Creek", "class": "River", "covered": true}, "geometry": {"type": "LineString", "coordinates": [[-79.23831, 43.750599], [-79.238289, 43.750626], [-79.238228, 43.750821], [-79.238142, 43.750977], [-79.238052, 43.751077], [-79.23803, 43.751183], [-79.238043, 43.751301], [-79.238184, 43.751434], [-79.238262, 43.751576], [-79.238209, 43.751693], [-79.238195, 43.751721], [-79.238083, 43.751937], [-79.237994, 43.752057], [-79.237906, 43.752118], [-79.237749, 43.752126], [-79.237622, 43.752092], [-79.237587, 43.752197], [-79.237703, 43.752311], [-79.237894, 43.752399], [-79.238125, 43.752498], [-79.238237, 43.752646], [-79.2382, 43.752815], [-79.238081, 43.752983], [-79.237953, 43.753145], [-79.23782, 43.753245], [-79.237725, 43.7533], [-79.237584, 43.753393]]}}, {"type": "Feature", "properties": {"name": "West Highland Creek", "class": "River", "covered": true}, "geometry": {"type": "LineString", "coordinates": [[-79.225333, 43.748018], [-79.225429, 43.748067], [-79.225636, 43.748203], [-79.225825, 43.748375], [-79.225987, 43.748523], [-79.226185, 43.74866], [-79.226444, 43.748765], [-79.226729, 43.748866], [-79.226992, 43.748965], [-79.227419, 43.749149]]}}, {"type": "Feature", "properties": {"name": "West Highland Creek", "class": "River", "covered": true}, "geometry": {"type": "LineString", "coordinates": [[-79.227419, 43.749149], [-79.227697, 43.749226], [-79.227842, 43.74929], [-79.228029, 43.749369], [-79.228251, 43.749443], [-79.228646, 43.74955]]}}, {"type": "Feature", "properties": {"name": "West Highland Creek", "class": "River", "covered": true}, "geometry": {"type": "LineString", "coordinates": [[-79.241963, 43.740079], [-79.242001, 43.740279], [-79.242028, 43.740493], [-79.242069, 43.740647], [-79.242255, 43.740756], [-79.242263, 43.740759]]}}, {"type": "Feature", "properties": {"name": "Etobicoke Creek", "class": "River", "covered": true}, "geometry": {"type": "LineString", "coordinates": [[-79.581725, 43.627953], [-79.581664, 43.627946], [-79.581525, 43.627924], [-79.58141, 43.627884], [-79.581359, 43.627848], [-79.581318, 43.627839], [-79.581109, 43.627803], [-79.580946, 43.627749], [-79.58085, 43.62771], [-79.580757, 43.627672], [-79.580588, 43.62761], [-79.580461, 43.627533], [-79.580345, 43.627448], [-79.580242, 43.627362], [-79.580128, 43.627268], [-79.580015, 43.627191], [-79.579929, 43.627088], [-79.57982, 43.626998], [-79.579771, 43.626965]]}}, {"type": "Feature", "properties": {"name": "East Highland Creek", "class": "River", "covered": true}, "geometry": {"type": "LineString", "coordinates": [[-79.231294, 43.798158], [-79.231214, 43.798107], [-79.231193, 43.798092], [-79.231048, 43.797959], [-79.230831, 43.797799], [-79.230636, 43.797626], [-79.230489, 43.797468], [-79.230343, 43.797294], [-79.230169, 43.797092], [-79.230025, 43.796887], [-79.229879, 43.796685], [-79.229768, 43.796465], [-79.229682, 43.796266], [-79.229599, 43.796094], [-79.229517, 43.795932], [-79.229442, 43.795784]]}}, {"type": "Feature", "properties": {"name": "East Highland Creek", "class": "River", "covered": true}, "geometry": {"type": "LineString", "coordinates": [[-79.225521, 43.789249], [-79.225332, 43.78908]]}}, {"type": "Feature", "properties": {"name": "East Highland Creek", "class": "River", "covered": true}, "geometry": {"type": "LineString", "coordinates": [[-79.225681, 43.789393], [-79.225521, 43.789249]]}}, {"type": "Feature", "properties": {"name": "East Highland Creek", "class": "River", "covered": true}, "geometry": {"type": "LineString", "coordinates": [[-79.225332, 43.78908], [-79.225196, 43.788958]]}}, {"type": "Feature", "properties": {"name": "East Highland Creek", "class": "River", "covered": true}, "geometry": {"type": "LineString", "coordinates": [[-79.245873, 43.81352], [-79.24558300000001, 43.813398], [-79.245293, 43.813276], [-79.244919, 43.813111], [-79.24472333333333, 43.812978333333334], [-79.24452766666667, 43.81284566666667], [-79.244332, 43.812713]]}}, {"type": "Feature", "properties": {"name": "Rouge River", "class": "River", "covered": true}, "geometry": {"type": "LineString", "coordinates": [[-79.131622, 43.801753], [-79.131425, 43.801778], [-79.131027, 43.801782], [-79.130635, 43.80171], [-79.130231, 43.801608], [-79.129863, 43.801447], [-79.129511, 43.801265], [-79.129154, 43.801071], [-79.128811, 43.80084], [-79.128464, 43.800635], [-79.128082, 43.80044], [-79.127683, 43.800286], [-79.127246, 43.800187], [-79.126794, 43.800152], [-79.1264, 43.800157], [-79.125974, 43.800207], [-79.125573, 43.800217], [-79.125179, 43.800126], [-79.125014, 43.80001]]}}, {"type": "Feature", "properties": {"name": "Rouge River", "class": "River", "covered": true}, "geometry": {"type": "LineString", "coordinates": [[-79.134289, 43.804147], [-79.13418, 43.803919], [-79.134076, 43.803785], [-79.133882, 43.803509], [-79.133695, 43.803273], [-79.133671, 43.802963], [-79.133737, 43.802801], [-79.133771, 43.802717], [-79.133988, 43.80247], [-79.134181, 43.802222], [-79.134408, 43.801977], [-79.134656, 43.801742], [-79.13495, 43.801541], [-79.135215, 43.801316], [-79.135405, 43.80108], [-79.135433, 43.800831], [-79.135256, 43.800672], [-79.134942, 43.800716], [-79.134605, 43.800792], [-79.13427, 43.800871], [-79.133916, 43.800991], [-79.133567, 43.801141], [-79.133242, 43.801265], [-79.132834, 43.80138], [-79.132493, 43.80149], [-79.132163, 43.801635], [-79.131785, 43.801733], [-79.131622, 43.801753]]}}, {"type": "Feature", "properties": {"name": "Rouge River", "class": "River", "covered": false}, "geometry": {"type": "LineString", "coordinates": [[-79.193412, 43.799403], [-79.193511, 43.799654], [-79.193599, 43.799895], [-79.193688, 43.800102]]}}, {"type": "Feature", "properties": {"name": "Humber River", "class": "River", "covered": true}, "geometry": {"type": "LineString", "coordinates": [[-79.474045, 43.633335], [-79.474245, 43.633436]]}}, {"type": "Feature", "properties": {"name": "Rouge River", "class": "River", "covered": false}, "geometry": {"type": "LineString", "coordinates": [[-79.193688, 43.800102], [-79.193601, 43.800123], [-79.193445, 43.800329], [-79.193303, 43.800572], [-79.193192, 43.800811], [-79.193086, 43.801084], [-79.193043, 43.801359], [-79.193045, 43.801686], [-79.193011, 43.80198], [-79.192989, 43.802222], [-79.192985, 43.802458], [-79.192972, 43.802795], [-79.192942, 43.802979], [-79.192912, 43.803163], [-79.192727, 43.803386]]}}, {"type": "Feature", "properties": {"name": "Rouge River", "class": "River", "covered": true}, "geometry": {"type": "LineString", "coordinates": [[-79.192727, 43.803386], [-79.192542, 43.803609]]}}, {"type": "Feature", "properties": {"name": "East Highland Creek", "class": "River", "covered": true}, "geometry": {"type": "LineString", "coordinates": [[-79.237989, 43.803983], [-79.237876, 43.803813500000004], [-79.237763, 43.803644], [-79.23768, 43.803537], [-79.237612, 43.803446], [-79.237551, 43.803366], [-79.237472, 43.803241], [-79.237418, 43.803162], [-79.237207, 43.802852], [-79.237147, 43.802764], [-79.236864, 43.80254], [-79.23661799999999, 43.802346], [-79.236372, 43.802152], [-79.236199, 43.80201525], [-79.23602600000001, 43.8018785], [-79.235853, 43.801741750000005], [-79.23568, 43.801605], [-79.235551, 43.801474]]}}, {"type": "Feature", "properties": {"name": "East Highland Creek", "class": "River", "covered": true}, "geometry": {"type": "LineString", "coordinates": [[-79.246421, 43.778605], [-79.24624, 43.778536], [-79.246124, 43.778463], [-79.24575, 43.778295], [-79.2455305, 43.7782075], [-79.245311, 43.77812], [-79.2450785, 43.778024], [-79.244846, 43.777928], [-79.244613, 43.7778335], [-79.24438, 43.777739], [-79.2441345, 43.777634], [-79.243889, 43.777529], [-79.24365900000001, 43.7774305], [-79.243429, 43.777332], [-79.243015, 43.777158], [-79.242851, 43.777103], [-79.242835, 43.777094], [-79.242617, 43.777013]]}}, {"type": "Feature", "properties": {"name": "Rouge River", "class": "River", "covered": true}, "geometry": {"type": "LineString", "coordinates": [[-79.118236, 43.794434], [-79.118113, 43.794402], [-79.117738, 43.794352], [-79.117438, 43.794344], [-79.117136, 43.794365], [-79.11676, 43.794492], [-79.116666, 43.79454], [-79.116446, 43.794656], [-79.116221, 43.794749], [-79.116018, 43.794787], [-79.115793, 43.794769], [-79.115643, 43.794687], [-79.115451, 43.794556]]}}, {"type": "Feature", "properties": {"name": "East Highland Creek", "class": "River", "covered": true}, "geometry": {"type": "LineString", "coordinates": [[-79.226761, 43.794445], [-79.2265815, 43.794305], [-79.226402, 43.794165], [-79.226162, 43.793953], [-79.225917, 43.793705], [-79.225659, 43.79347], [-79.225407, 43.793191]]}}, {"type": "Feature", "properties": {"name": "East Highland Creek", "class": "River", "covered": true}, "geometry": {"type": "LineString", "coordinates": [[-79.229442, 43.795784], [-79.22922750000001, 43.795637], [-79.229013, 43.79549], [-79.228682, 43.795413], [-79.228329, 43.795335], [-79.227991, 43.795254], [-79.227645, 43.795163], [-79.227347, 43.795036], [-79.227087, 43.794851], [-79.22686, 43.79463], [-79.226761, 43.794445]]}}, {"type": "Feature", "properties": {"name": "Highland Creek", "class": "River", "covered": true}, "geometry": {"type": "LineString", "coordinates": [[-79.19297, 43.778063], [-79.192942, 43.778159], [-79.1929, 43.778204], [-79.192805, 43.778306], [-79.192513, 43.778406], [-79.192151, 43.778448], [-79.191811, 43.77845], [-79.191609, 43.77848], [-79.191529, 43.778491], [-79.191261, 43.778603], [-79.190998, 43.778731], [-79.190761, 43.778803], [-79.190739, 43.778813], [-79.190693, 43.77883], [-79.190613, 43.77885]]}}, {"type": "Feature", "properties": {"name": "East Highland Creek", "class": "River", "covered": true}, "geometry": {"type": "LineString", "coordinates": [[-79.251123, 43.819194], [-79.2510285, 43.818994], [-79.250934, 43.818794], [-79.2508605, 43.81862099999999], [-79.250787, 43.818448], [-79.2506985, 43.818248499999996], [-79.25061, 43.818049], [-79.2505315, 43.817865499999996], [-79.250453, 43.817682], [-79.2503605, 43.817481], [-79.250268, 43.81728], [-79.2501895, 43.8170995], [-79.250111, 43.816919], [-79.25002900000001, 43.8167165], [-79.249947, 43.816514], [-79.249886, 43.816374], [-79.249759, 43.816074], [-79.249606, 43.815759], [-79.2495295, 43.815582], [-79.249453, 43.815405], [-79.2493695, 43.8152155], [-79.249286, 43.815026], [-79.249202, 43.814828500000004], [-79.249118, 43.814631], [-79.248981, 43.814304], [-79.248863, 43.814006], [-79.248692, 43.813814], [-79.248377, 43.813808], [-79.248298, 43.813817]]}}, {"type": "Feature", "properties": {"name": "East Highland Creek", "class": "River", "covered": true}, "geometry": {"type": "LineString", "coordinates": [[-79.253706, 43.812679], [-79.253274, 43.812787], [-79.25303500000001, 43.812839499999995], [-79.252796, 43.812892], [-79.25254050000001, 43.8129425], [-79.252285, 43.812993], [-79.25200749999999, 43.813047], [-79.25173, 43.813101], [-79.251469, 43.813155], [-79.251208, 43.813209], [-79.2509555, 43.813261499999996], [-79.250703, 43.813314], [-79.25024, 43.813423], [-79.249991, 43.813475499999996], [-79.249742, 43.813528], [-79.2494895, 43.813582499999995], [-79.249237, 43.813637], [-79.248786, 43.81372], [-79.248542, 43.8137685], [-79.248298, 43.813817]]}}, {"type": "Feature", "properties": {"name": "West Highland Creek", "class": "River", "covered": true}, "geometry": {"type": "LineString", "coordinates": [[-79.307067, 43.800647], [-79.30714850000001, 43.800467166666664], [-79.30723, 43.80028733333333], [-79.3073115, 43.800107499999996], [-79.307393, 43.79992766666666], [-79.30747450000001, 43.79974783333333], [-79.307556, 43.799567999999994], [-79.3076375, 43.79938816666667], [-79.307719, 43.79920833333333], [-79.30780050000001, 43.7990285], [-79.307882, 43.798848666666665], [-79.3079635, 43.79866883333333], [-79.308045, 43.798489]]}}, {"type": "Feature", "properties": {"name": "Rouge River", "class": "River", "covered": true}, "geometry": {"type": "LineString", "coordinates": [[-79.159883, 43.810842], [-79.159904, 43.810694], [-79.159895, 43.810409], [-79.159792, 43.810162], [-79.159656, 43.809915], [-79.159534, 43.809665], [-79.159327, 43.80948], [-79.1590525, 43.809329500000004], [-79.158778, 43.809179], [-79.158485, 43.809142], [-79.158202, 43.809185], [-79.15791, 43.809281], [-79.157667, 43.809409], [-79.1574, 43.809562], [-79.157124, 43.809692], [-79.156826, 43.809778], [-79.15656, 43.809918], [-79.156323, 43.810093], [-79.156153, 43.810335], [-79.156129, 43.810575], [-79.155989, 43.810799], [-79.155788, 43.810916]]}}, {"type": "Feature", "properties": {"name": "Rouge River", "class": "River", "covered": true}, "geometry": {"type": "LineString", "coordinates": [[-79.14725, 43.803958], [-79.146963, 43.804045], [-79.146649, 43.803963], [-79.146599, 43.803671], [-79.146445, 43.803493], [-79.146144, 43.803605], [-79.145895, 43.80381], [-79.145726, 43.804029], [-79.145381, 43.804078], [-79.145002, 43.804107], [-79.144758, 43.80431], [-79.144598, 43.804544], [-79.144484, 43.804777], [-79.144232, 43.804947], [-79.144108, 43.805204], [-79.144024, 43.805302]]}}, {"type": "Feature", "properties": {"name": "Little Rouge River", "class": "River", "covered": true}, "geometry": {"type": "LineString", "coordinates": [[-79.185032, 43.838645], [-79.185064, 43.838561], [-79.185142, 43.838359], [-79.185332, 43.838206], [-79.185566, 43.838067], [-79.185741, 43.837933], [-79.185836, 43.837803], [-79.185937, 43.837623], [-79.18599, 43.837429], [-79.18598, 43.837231], [-79.185923, 43.83706], [-79.185772, 43.836947], [-79.185558, 43.836861], [-79.185348, 43.836726], [-79.18522, 43.836532], [-79.185103, 43.836333], [-79.185042, 43.836099], [-79.185093, 43.835892], [-79.185091, 43.835681], [-79.185097, 43.835465], [-79.185161, 43.835235], [-79.185198, 43.835015], [-79.185187, 43.834938], [-79.185168, 43.834803], [-79.185124, 43.834735]]}}, {"type": "Feature", "properties": {"name": "Little Rouge River", "class": "River", "covered": true}, "geometry": {"type": "LineString", "coordinates": [[-79.185124, 43.834735], [-79.185024, 43.834578], [-79.184782, 43.834393], [-79.184554, 43.834194], [-79.184338, 43.834], [-79.184131, 43.833824], [-79.184003, 43.833608], [-79.183968, 43.833369], [-79.183999, 43.833131], [-79.184007, 43.832906], [-79.183987, 43.832653], [-79.183912, 43.832401], [-79.183805, 43.832176], [-79.183614, 43.832004], [-79.183357, 43.831896], [-79.183092, 43.831886], [-79.182838, 43.831935], [-79.182596, 43.832029], [-79.182306, 43.832059], [-79.182014, 43.831995], [-79.181723, 43.831869], [-79.181473, 43.831692], [-79.181329, 43.831467], [-79.181269, 43.831215], [-79.181261, 43.830958], [-79.181251, 43.830706], [-79.18112, 43.830476], [-79.180885, 43.830399], [-79.180618, 43.830344], [-79.180495, 43.830355]]}}, {"type": "Feature", "properties": {"name": "East Highland Creek", "class": "River", "covered": true}, "geometry": {"type": "LineString", "coordinates": [[-79.269631, 43.80377], [-79.26939, 43.8036315], [-79.269149, 43.803493], [-79.268783, 43.803277], [-79.268488, 43.803053], [-79.268176, 43.802847], [-79.26779, 43.802699], [-79.267346, 43.80265], [-79.266881, 43.802641], [-79.266407, 43.802617], [-79.265938, 43.802629], [-79.265496, 43.802607], [-79.265099, 43.802501], [-79.264805, 43.802302], [-79.264581, 43.80203], [-79.264524, 43.801913], [-79.264457, 43.801742], [-79.264352, 43.80146], [-79.264255, 43.801203], [-79.26415, 43.800948], [-79.264044, 43.800699], [-79.263945, 43.800466], [-79.263818, 43.800272], [-79.263625, 43.800151], [-79.263498, 43.800102], [-79.263338, 43.800073], [-79.263163, 43.800022]]}}, {"type": "Feature", "properties": {"name": "Rouge River", "class": "River", "covered": true}, "geometry": {"type": "LineString", "coordinates": [[-79.144024, 43.805302], [-79.143921, 43.805423], [-79.143557, 43.805351], [-79.143188, 43.805223], [-79.142791, 43.805222], [-79.142435, 43.805367], [-79.142223, 43.805601], [-79.141894, 43.805774], [-79.141493, 43.805853], [-79.141141, 43.805988], [-79.140852, 43.806215], [-79.140636, 43.806451], [-79.140479, 43.806652], [-79.140301, 43.80697], [-79.140212, 43.807204], [-79.140046, 43.807411], [-79.139805, 43.807536], [-79.139499, 43.807544], [-79.13917, 43.807484], [-79.13898, 43.807259], [-79.138928, 43.807131], [-79.138819, 43.806834], [-79.138791, 43.806748]]}}, {"type": "Feature", "properties": {"name": "Little Rouge River", "class": "River", "covered": true}, "geometry": {"type": "LineString", "coordinates": [[-79.150185, 43.813057], [-79.150075, 43.812977], [-79.149768, 43.812716], [-79.149473, 43.812479], [-79.149075, 43.812414], [-79.148641, 43.812409], [-79.148226, 43.81232], [-79.147943, 43.81213], [-79.147725, 43.811947], [-79.147371, 43.811767], [-79.147055, 43.811545], [-79.146672, 43.811342], [-79.146349, 43.811099], [-79.146128, 43.810837], [-79.146133, 43.810585], [-79.146404, 43.810481], [-79.146334, 43.810259], [-79.146096, 43.810067], [-79.145687, 43.81002], [-79.145282, 43.809994], [-79.144854, 43.809995], [-79.144445, 43.81001], [-79.144053, 43.810042], [-79.143638, 43.810062]]}}, {"type": "Feature", "properties": {"name": "Little Rouge River", "class": "River", "covered": false}, "geometry": {"type": "LineString", "coordinates": [[-79.143638, 43.810062], [-79.143458, 43.810254], [-79.143526, 43.810435], [-79.143429, 43.81062], [-79.143138, 43.810723], [-79.142999, 43.810494], [-79.14296, 43.810251], [-79.142877, 43.810078]]}}, {"type": "Feature", "properties": {"name": "Little Rouge River", "class": "River", "covered": true}, "geometry": {"type": "LineString", "coordinates": [[-79.142877, 43.810078], [-79.143111, 43.809892], [-79.143151, 43.80963], [-79.14291, 43.809483], [-79.142641, 43.809539], [-79.142465, 43.809446], [-79.142186, 43.809522], [-79.141973, 43.809641], [-79.141839, 43.809439], [-79.14158, 43.809189], [-79.141363, 43.809058], [-79.141243, 43.808913], [-79.140959, 43.80884], [-79.140698, 43.808781], [-79.140596, 43.808655], [-79.14064, 43.808448], [-79.140389, 43.808352], [-79.140097, 43.808342], [-79.139841, 43.808405], [-79.139582, 43.808444], [-79.139328, 43.808354], [-79.139138, 43.808249], [-79.139122, 43.808236], [-79.139097, 43.808209], [-79.138981, 43.808114], [-79.138946, 43.807992], [-79.13869, 43.807964], [-79.13841, 43.807959], [-79.138257, 43.807801], [-79.138308, 43.807621], [-79.138163, 43.807495], [-79.137883, 43.807503], [-79.137712, 43.807678], [-79.137611, 43.807862], [-79.137317, 43.80783], [-79.13705, 43.807712], [-79.136787, 43.807792], [-79.136567, 43.807976], [-79.13626, 43.808074], [-79.135892, 43.808037], [-79.135587, 43.807923], [-79.135306, 43.807747], [-79.13503, 43.807516], [-79.134752, 43.807313], [-79.134484, 43.807114], [-79.13422, 43.806938], [-79.134099, 43.806857], [-79.134037, 43.806793], [-79.134008, 43.806705], [-79.134008, 43.806617], [-79.133988, 43.806541], [-79.133952, 43.806456]]}}, {"type": "Feature", "properties": {"name": "Rouge River", "class": "River", "covered": true}, "geometry": {"type": "LineString", "coordinates": [[-79.134365, 43.804356], [-79.134302, 43.804173], [-79.134289, 43.804147]]}}, {"type": "Feature", "properties": {"name": "Rouge River", "class": "River", "covered": true}, "geometry": {"type": "LineString", "coordinates": [[-79.134356, 43.80495], [-79.134398, 43.8047], [-79.134396, 43.804621]]}}, {"type": "Feature", "properties": {"name": "Rouge River", "class": "River", "covered": true}, "geometry": {"type": "LineString", "coordinates": [[-79.133952, 43.806456], [-79.133927, 43.806403], [-79.133909, 43.806206], [-79.133949, 43.805953], [-79.134052, 43.80569], [-79.134193, 43.805448], [-79.134303, 43.805218], [-79.134355, 43.804955], [-79.134356, 43.80495]]}}, {"type": "Feature", "properties": {"name": "West Highland Creek", "class": "River", "covered": false}, "geometry": {"type": "LineString", "coordinates": [[-79.309997, 43.790391], [-79.309763, 43.790336], [-79.309562, 43.790264], [-79.309197, 43.790218], [-79.30883850000001, 43.79015], [-79.30848, 43.790082], [-79.30822466666667, 43.79003066666667], [-79.30796933333333, 43.789979333333335], [-79.307714, 43.789928]]}}, {"type": "Feature", "properties": {"name": "West Highland Creek", "class": "River", "covered": false}, "geometry": {"type": "LineString", "coordinates": [[-79.308127, 43.79082], [-79.308044, 43.7906305], [-79.307961, 43.790441], [-79.30787866666667, 43.79027], [-79.30779633333334, 43.790099000000005], [-79.307714, 43.789928]]}}, {"type": "Feature", "properties": {"name": "West Highland Creek", "class": "River", "covered": true}, "geometry": {"type": "LineString", "coordinates": [[-79.313386, 43.791026], [-79.313033, 43.790981], [-79.312709, 43.790926], [-79.312571, 43.790899], [-79.31229, 43.790827], [-79.311838, 43.790727]]}}, {"type": "Feature", "properties": {"name": "West Highland Creek", "class": "River", "covered": false}, "geometry": {"type": "LineString", "coordinates": [[-79.311838, 43.790727], [-79.311383, 43.790654], [-79.311227, 43.790627], [-79.31092050000001, 43.790563500000005], [-79.310614, 43.7905], [-79.310216, 43.790427], [-79.309997, 43.790391]]}}, {"type": "Feature", "properties": {"name": "Rouge River", "class": "River", "covered": true}, "geometry": {"type": "LineString", "coordinates": [[-79.2365, 43.83689], [-79.236303, 43.836836], [-79.236109, 43.836822], [-79.235976, 43.836875], [-79.235807, 43.836839], [-79.235664, 43.836789], [-79.235451, 43.836739], [-79.235398, 43.836622], [-79.23537, 43.836456], [-79.235268, 43.836316], [-79.235232, 43.836172], [-79.235157, 43.836028], [-79.235234, 43.835987], [-79.235255, 43.83587], [-79.235322, 43.835713], [-79.235123, 43.835595], [-79.234958, 43.835505], [-79.234904, 43.835347], [-79.234748, 43.835266], [-79.234774, 43.835163], [-79.234824, 43.835037], [-79.234667, 43.834928], [-79.234555, 43.834815], [-79.234632, 43.834748], [-79.23477, 43.834847], [-79.234911, 43.834915], [-79.234972, 43.834785], [-79.234924, 43.834672], [-79.234737, 43.834618], [-79.234599, 43.834559], [-79.234442, 43.834482], [-79.234417, 43.83437], [-79.234565, 43.83432], [-79.234699, 43.834208]]}}, {"type": "Feature", "properties": {"name": "Rouge River", "class": "River", "covered": false}, "geometry": {"type": "LineString", "coordinates": [[-79.234699, 43.834208], [-79.234692, 43.834055], [-79.234628, 43.833969]]}}, {"type": "Feature", "properties": {"name": "Rouge River", "class": "River", "covered": true}, "geometry": {"type": "LineString", "coordinates": [[-79.239454, 43.839343], [-79.239199, 43.839174], [-79.238989, 43.839182], [-79.238852, 43.839317], [-79.238688, 43.839321], [-79.238551, 43.839217], [-79.238517, 43.839114], [-79.238547, 43.838988], [-79.238475, 43.838906], [-79.238298, 43.838915], [-79.238386, 43.838798], [-79.238502, 43.838699], [-79.238345, 43.838627], [-79.238224, 43.83855], [-79.238034, 43.838518], [-79.23812, 43.838384], [-79.238261, 43.838235], [-79.238097, 43.838154], [-79.237954, 43.838257], [-79.237881, 43.838135], [-79.237973, 43.837947], [-79.237872, 43.837807], [-79.237855, 43.837672], [-79.237701, 43.837573], [-79.237539, 43.837626], [-79.237336, 43.837585], [-79.23725, 43.837432], [-79.237153, 43.837324], [-79.237006, 43.837332], [-79.236802, 43.837314], [-79.236736, 43.837197], [-79.236849, 43.837103], [-79.236669, 43.836967], [-79.2365, 43.83689]]}}, {"type": "Feature", "properties": {"name": "Little Rouge River", "class": "River", "covered": true}, "geometry": {"type": "LineString", "coordinates": [[-79.156812, 43.813715], [-79.156523, 43.813771], [-79.156192, 43.81381], [-79.155869, 43.813808], [-79.155503, 43.813793], [-79.155086, 43.813736], [-79.154643, 43.813675], [-79.1542, 43.813636], [-79.1539278, 43.8136566], [-79.15365560000001, 43.8136772], [-79.1533834, 43.8136978], [-79.1531112, 43.8137184], [-79.152839, 43.813739], [-79.152426, 43.813855], [-79.152033, 43.813952], [-79.151743, 43.813985]]}}, {"type": "Feature", "properties": {"name": "Little Rouge River", "class": "River", "covered": true}, "geometry": {"type": "LineString", "coordinates": [[-79.151743, 43.813985], [-79.151605, 43.814], [-79.151232, 43.813882], [-79.151005, 43.813668], [-79.150759, 43.813442], [-79.150413, 43.813222], [-79.150185, 43.813057]]}}, {"type": "Feature", "properties": {"name": "Rouge River", "class": "River", "covered": true}, "geometry": {"type": "LineString", "coordinates": [[-79.155788, 43.810916], [-79.155736, 43.810946], [-79.155414, 43.811021], [-79.155118, 43.811096], [-79.154789, 43.811171], [-79.154434, 43.811199], [-79.154119, 43.811073], [-79.153883, 43.810882], [-79.153804, 43.81071], [-79.153735, 43.81048], [-79.153666, 43.810246], [-79.153604, 43.810001], [-79.153478, 43.809756], [-79.153258, 43.809541], [-79.153061, 43.809308], [-79.152854, 43.809069], [-79.152798, 43.808842], [-79.152958, 43.808694], [-79.153266, 43.80869], [-79.153539, 43.808758], [-79.153819, 43.808813], [-79.154068, 43.808699], [-79.154066, 43.808489], [-79.154117, 43.808313], [-79.154298, 43.808249]]}}, {"type": "Feature", "properties": {"name": "Rouge River", "class": "River", "covered": true}, "geometry": {"type": "LineString", "coordinates": [[-79.211482, 43.826206], [-79.211414, 43.826114], [-79.211295, 43.825947], [-79.211041, 43.825708], [-79.210735, 43.82546], [-79.210422, 43.82523], [-79.2103625, 43.8250495], [-79.210303, 43.824869], [-79.210054, 43.824572], [-79.209851, 43.8244655], [-79.209648, 43.824359], [-79.2093995, 43.8243], [-79.209151, 43.824241], [-79.2089035, 43.8241955], [-79.208656, 43.82415], [-79.2083765, 43.8241065], [-79.208097, 43.824063], [-79.2078535, 43.824026], [-79.20761, 43.823989], [-79.2073365, 43.8239795], [-79.207063, 43.82397], [-79.206612, 43.824018], [-79.20637500000001, 43.824092], [-79.206138, 43.824166], [-79.20583, 43.824403], [-79.205834, 43.824664], [-79.206105, 43.824872], [-79.206336, 43.825012], [-79.206292, 43.825282], [-79.206043, 43.825484], [-79.2058375, 43.825587], [-79.205632, 43.82569], [-79.20539600000001, 43.8257525], [-79.20516, 43.825815], [-79.204894, 43.825852499999996], [-79.204628, 43.82589], [-79.204186, 43.825884], [-79.203804, 43.825987], [-79.203479, 43.82609]]}}, {"type": "Feature", "properties": {"name": "Rouge River", "class": "River", "covered": true}, "geometry": {"type": "LineString", "coordinates": [[-79.227814, 43.842091], [-79.22769, 43.841991], [-79.227488, 43.841815], [-79.22723, 43.841567], [-79.22692, 43.841328], [-79.22671, 43.841039], [-79.226563, 43.840751], [-79.226433, 43.840431], [-79.226328, 43.840102], [-79.22618, 43.839809], [-79.225907, 43.839602], [-79.225558, 43.839488], [-79.225126, 43.839505], [-79.224774, 43.839433], [-79.224355, 43.839346], [-79.22411600000001, 43.839287], [-79.223877, 43.839228], [-79.223494, 43.839092], [-79.223143, 43.838907], [-79.222798, 43.838712], [-79.222626, 43.838464], [-79.222685, 43.838163], [-79.222834, 43.837871], [-79.222853, 43.837542], [-79.222645, 43.837249], [-79.222305, 43.836996], [-79.221975, 43.836771], [-79.221971, 43.836721]]}}, {"type": "Feature", "properties": {"name": "East Highland Creek", "class": "River", "covered": true}, "geometry": {"type": "LineString", "coordinates": [[-79.252143, 43.821474], [-79.25204, 43.821352], [-79.251947, 43.82112], [-79.251911, 43.821048]]}}, {"type": "Feature", "properties": {"name": "East Highland Creek", "class": "River", "covered": true}, "geometry": {"type": "LineString", "coordinates": [[-79.251911, 43.821048], [-79.251763, 43.820745], [-79.251629, 43.820406], [-79.2515545, 43.820217], [-79.25148, 43.820028], [-79.251324, 43.81969], [-79.251184, 43.819384], [-79.251123, 43.819194]]}}, {"type": "Feature", "properties": {"name": "Rouge River", "class": "River", "covered": false}, "geometry": {"type": "LineString", "coordinates": [[-79.15255, 43.804204], [-79.152459, 43.80415], [-79.15214, 43.803981], [-79.151817, 43.803925], [-79.15148, 43.803996], [-79.151216, 43.804133], [-79.151123, 43.804352], [-79.151355, 43.804518], [-79.151586, 43.804679], [-79.151762, 43.804865], [-79.151934, 43.805074], [-79.151868, 43.805314], [-79.151611, 43.805437], [-79.151317, 43.805472]]}}, {"type": "Feature", "properties": {"name": "Rouge River", "class": "River", "covered": true}, "geometry": {"type": "LineString", "coordinates": [[-79.151317, 43.805472], [-79.151111, 43.805638], [-79.151034, 43.805831], [-79.15072, 43.805837], [-79.150432, 43.805667], [-79.150371, 43.805434], [-79.15056, 43.805221], [-79.150599, 43.804974], [-79.150403, 43.804796], [-79.150082, 43.804805], [-79.149832, 43.804663500000004], [-79.149582, 43.804522], [-79.149314, 43.804418], [-79.148998, 43.804342], [-79.148919, 43.804108], [-79.148953, 43.803837], [-79.148876, 43.803612], [-79.148551, 43.803565], [-79.148271, 43.803684], [-79.147962, 43.803784], [-79.147623, 43.80382], [-79.14729, 43.803946], [-79.14725, 43.803958]]}}, {"type": "Feature", "properties": {"name": "Rouge River", "class": "River", "covered": true}, "geometry": {"type": "LineString", "coordinates": [[-79.153486, 43.806028], [-79.153334, 43.806048], [-79.153101, 43.805875], [-79.15304, 43.805641], [-79.153168, 43.805424], [-79.153172, 43.805422]]}}, {"type": "Feature", "properties": {"name": "Rouge River", "class": "River", "covered": false}, "geometry": {"type": "LineString", "coordinates": [[-79.153172, 43.805422], [-79.153426, 43.805293], [-79.153694, 43.805142], [-79.153639, 43.804911], [-79.153407, 43.804726], [-79.153089, 43.804557], [-79.152789, 43.804345], [-79.15255, 43.804204]]}}, {"type": "Feature", "properties": {"name": "Rouge River", "class": "River", "covered": true}, "geometry": {"type": "LineString", "coordinates": [[-79.154298, 43.808249], [-79.154333, 43.808236], [-79.154643, 43.808163], [-79.154917, 43.808039], [-79.155118, 43.807834], [-79.155243, 43.80759], [-79.155346, 43.807352], [-79.155386, 43.807089], [-79.155402, 43.806803], [-79.155328, 43.806552], [-79.155323, 43.806306], [-79.15537, 43.806069], [-79.155363, 43.805865], [-79.155074, 43.805758], [-79.154746, 43.805701], [-79.154416, 43.8057], [-79.154111, 43.805762], [-79.15387, 43.805867], [-79.153653, 43.806007], [-79.153486, 43.806028]]}}, {"type": "Feature", "properties": {"name": "Little Rouge River", "class": "River", "covered": true}, "geometry": {"type": "LineString", "coordinates": [[-79.20012, 43.848307], [-79.199838, 43.848254], [-79.199685, 43.848258], [-79.199431, 43.848276], [-79.199186, 43.848284], [-79.198869, 43.84827], [-79.198598, 43.848282], [-79.198374, 43.848273], [-79.198141, 43.848272], [-79.197899, 43.848267], [-79.197705, 43.848258], [-79.197515, 43.848235], [-79.197355, 43.848212], [-79.197161, 43.848175], [-79.196921, 43.84813], [-79.196624, 43.848075], [-79.196362, 43.848034], [-79.196186, 43.848011], [-79.195995, 43.847983], [-79.195795, 43.847965], [-79.19556, 43.847955], [-79.195362, 43.847941], [-79.195092, 43.847904], [-79.194902, 43.847845], [-79.194751, 43.847755], [-79.194649, 43.847664], [-79.194594, 43.847561], [-79.194602, 43.847475], [-79.194622, 43.847349], [-79.194646, 43.847228], [-79.194677, 43.847111], [-79.194691, 43.847003], [-79.194662, 43.846908], [-79.194524, 43.846764], [-79.194389, 43.846678], [-79.194241, 43.846628], [-79.194109, 43.846583], [-79.19401, 43.84652], [-79.193906, 43.846438], [-79.19378, 43.846344], [-79.193658, 43.846262], [-79.193505, 43.846194], [-79.193313, 43.846104], [-79.193139, 43.846036], [-79.193028, 43.846004], [-79.192766, 43.845918], [-79.19272, 43.845904], [-79.192485, 43.845823], [-79.192289, 43.845763], [-79.192072, 43.845713], [-79.191757, 43.845681], [-79.191719, 43.84568], [-79.191482, 43.845671], [-79.19124, 43.845653], [-79.19104, 43.845612], [-79.190912, 43.84558], [-79.190752, 43.845525], [-79.190616, 43.845493], [-79.190459, 43.845462], [-79.190303, 43.845416], [-79.19016, 43.845366], [-79.190046, 43.845307], [-79.189974, 43.845267], [-79.189915, 43.845217], [-79.189883, 43.84519], [-79.189798, 43.845136], [-79.189766, 43.845064], [-79.189723, 43.844911], [-79.189636, 43.844771], [-79.189481, 43.844631], [-79.189308, 43.844513], [-79.189082, 43.844472], [-79.188897, 43.844526], [-79.188731, 43.844624], [-79.188557, 43.844732], [-79.188342, 43.844749], [-79.188088, 43.84465], [-79.187991, 43.844567]]}}, {"type": "Feature", "properties": {"name": "Little Rouge River", "class": "River", "covered": true}, "geometry": {"type": "LineString", "coordinates": [[-79.187991, 43.844567], [-79.18789, 43.844492], [-79.187825, 43.844284], [-79.187913, 43.844078], [-79.187974, 43.843871], [-79.187956, 43.843664], [-79.187805, 43.843528], [-79.187574, 43.843501], [-79.187374, 43.843541], [-79.18718, 43.843617], [-79.186952, 43.843697], [-79.186683, 43.843732], [-79.186642, 43.843717]]}}, {"type": "Feature", "properties": {"name": "Little Rouge River", "class": "River", "covered": true}, "geometry": {"type": "LineString", "coordinates": [[-79.186642, 43.843717], [-79.186478, 43.843655], [-79.186377, 43.843461], [-79.186272, 43.84325], [-79.18613, 43.843047], [-79.185962, 43.842848], [-79.185818, 43.842636], [-79.185664, 43.842429], [-79.185511, 43.842203], [-79.185422, 43.841974], [-79.185389, 43.841775], [-79.185463, 43.841623], [-79.185598, 43.841499]]}}, {"type": "Feature", "properties": {"name": "West Highland Creek", "class": "River", "covered": true}, "geometry": {"type": "LineString", "coordinates": [[-79.308346, 43.79767], [-79.30839066666667, 43.797453999999995], [-79.30843533333334, 43.797238], [-79.30848, 43.797022], [-79.30853350000001, 43.79680675], [-79.308587, 43.7965915], [-79.3086405, 43.796376249999994], [-79.308694, 43.796161]]}}, {"type": "Feature", "properties": {"name": "West Highland Creek", "class": "River", "covered": true}, "geometry": {"type": "LineString", "coordinates": [[-79.31097, 43.799616], [-79.3107809, 43.7994791], [-79.3105918, 43.7993422], [-79.3104027, 43.799205300000004], [-79.3102136, 43.7990684], [-79.3100245, 43.7989315], [-79.3098354, 43.7987946], [-79.3096463, 43.7986577], [-79.3094572, 43.798520800000006], [-79.3092681, 43.798383900000005], [-79.309079, 43.798247]]}}, {"type": "Feature", "properties": {"name": "West Highland Creek", "class": "River", "covered": true}, "geometry": {"type": "LineString", "coordinates": [[-79.309079, 43.798247], [-79.308845, 43.798058], [-79.3086445, 43.797917999999996], [-79.308444, 43.797778], [-79.308346, 43.79767]]}}, {"type": "Feature", "properties": {"name": "West Highland Creek", "class": "River", "covered": true}, "geometry": {"type": "LineString", "coordinates": [[-79.308045, 43.798489], [-79.308135, 43.798237], [-79.30820533333333, 43.798048], [-79.30827566666666, 43.797858999999995], [-79.308346, 43.79767]]}}, {"type": "Feature", "properties": {"name": "East Highland Creek", "class": "River", "covered": true}, "geometry": {"type": "LineString", "coordinates": [[-79.27292, 43.80663], [-79.27277066666666, 43.80648033333333], [-79.27262133333333, 43.80633066666667], [-79.272472, 43.806181], [-79.27228199999999, 43.806017499999996], [-79.272092, 43.805854], [-79.27192600000001, 43.805694], [-79.27176, 43.805534], [-79.2715905, 43.8053735], [-79.271421, 43.805213], [-79.27124900000001, 43.805056500000006], [-79.271077, 43.8049], [-79.27090749999999, 43.804755], [-79.270738, 43.80461], [-79.2705425, 43.804452999999995], [-79.270347, 43.804296], [-79.27015750000001, 43.8041525], [-79.269968, 43.804009], [-79.269631, 43.80377]]}}, {"type": "Feature", "properties": {"name": "Little Rouge River", "class": "River", "covered": true}, "geometry": {"type": "LineString", "coordinates": [[-79.180495, 43.830355], [-79.180311, 43.830357], [-79.180006, 43.830406], [-79.179709, 43.830445], [-79.179395, 43.830507], [-79.179122, 43.830579], [-79.179111, 43.830579], [-79.178941, 43.830632], [-79.17863, 43.830721], [-79.178267, 43.830693], [-79.177931, 43.830602], [-79.177638, 43.830449], [-79.177611, 43.830196], [-79.177707, 43.829949], [-79.177867, 43.829702], [-79.177852, 43.829392], [-79.177694, 43.829121], [-79.177415, 43.829017], [-79.177062, 43.828885], [-79.176808, 43.828664], [-79.176748, 43.828389], [-79.176694, 43.82811], [-79.176575, 43.828045]]}}, {"type": "Feature", "properties": {"name": "Rouge River", "class": "River", "covered": true}, "geometry": {"type": "LineString", "coordinates": [[-79.184448, 43.815259], [-79.18429, 43.815283], [-79.1840315, 43.815244], [-79.183773, 43.815205], [-79.183333, 43.815135], [-79.182922, 43.815048], [-79.182482, 43.814931], [-79.182063, 43.814865], [-79.181694, 43.814885], [-79.181303, 43.815033], [-79.180944, 43.815166], [-79.180598, 43.815381], [-79.180384, 43.81567], [-79.180105, 43.815918], [-79.179748, 43.816064], [-79.17949899999999, 43.816056], [-79.17925, 43.816048]]}}, {"type": "Feature", "properties": {"name": "Rouge River", "class": "River", "covered": true}, "geometry": {"type": "LineString", "coordinates": [[-79.17925, 43.816048], [-79.179245, 43.816048], [-79.17907, 43.816001], [-79.178745, 43.815914], [-79.178579, 43.815613], [-79.178655, 43.815336], [-79.178716, 43.815077], [-79.178678, 43.814737], [-79.178642, 43.814642]]}}, {"type": "Feature", "properties": {"name": "Rouge River", "class": "River", "covered": true}, "geometry": {"type": "LineString", "coordinates": [[-79.185725, 43.814611], [-79.185397, 43.814707], [-79.185108, 43.814976], [-79.18474, 43.815214], [-79.184448, 43.815259]]}}, {"type": "Feature", "properties": {"name": "Rouge River", "class": "River", "covered": true}, "geometry": {"type": "LineString", "coordinates": [[-79.18913, 43.811119], [-79.189058, 43.811206], [-79.188895, 43.811485], [-79.188755, 43.811753], [-79.188619, 43.812024], [-79.188444, 43.812326], [-79.188237, 43.812593], [-79.187981, 43.812803], [-79.18771, 43.81298], [-79.187491, 43.813115], [-79.18735, 43.813238], [-79.187286, 43.813385], [-79.187234, 43.813563], [-79.186966, 43.813718], [-79.186723, 43.813895], [-79.18644, 43.814069], [-79.186062, 43.814162], [-79.185757, 43.81436], [-79.185755, 43.814378], [-79.185725, 43.814611]]}}, {"type": "Feature", "properties": {"name": "Rouge River", "class": "River", "covered": true}, "geometry": {"type": "LineString", "coordinates": [[-79.191433, 43.810177], [-79.191081, 43.810163], [-79.190612, 43.810124], [-79.190424, 43.810214], [-79.190037, 43.81043], [-79.189732, 43.810606], [-79.189432, 43.810779], [-79.189234, 43.810996], [-79.18913, 43.811119]]}}, {"type": "Feature", "properties": {"name": "Rouge River", "class": "River", "covered": true}, "geometry": {"type": "LineString", "coordinates": [[-79.192801, 43.810102], [-79.192444, 43.810123], [-79.192186, 43.810077], [-79.191842, 43.810104], [-79.191478, 43.810179], [-79.191433, 43.810177]]}}, {"type": "Feature", "properties": {"name": "West Highland Creek", "class": "River", "covered": true}, "geometry": {"type": "LineString", "coordinates": [[-79.3183, 43.792843], [-79.318186, 43.792627], [-79.318126, 43.79251], [-79.318101, 43.792456], [-79.318059, 43.792393], [-79.318018, 43.792339], [-79.317965, 43.792285], [-79.317933, 43.792249], [-79.317846, 43.792177], [-79.317756, 43.792131], [-79.31747, 43.79201066666666], [-79.317184, 43.791890333333335], [-79.316898, 43.79177], [-79.316622, 43.791653]]}}, {"type": "Feature", "properties": {"name": "West Highland Creek", "class": "River", "covered": true}, "geometry": {"type": "LineString", "coordinates": [[-79.316622, 43.791653], [-79.316307, 43.791526], [-79.3160904, 43.7914338], [-79.31587379999999, 43.7913416], [-79.3156572, 43.7912494], [-79.3154406, 43.7911572], [-79.315224, 43.791065], [-79.315133, 43.79102], [-79.315004, 43.790975], [-79.314848, 43.790921], [-79.314789, 43.790912], [-79.314657, 43.790902], [-79.314332, 43.79092], [-79.314077, 43.790942], [-79.313822, 43.790964], [-79.313386, 43.791026]]}}, {"type": "Feature", "properties": {"name": "Don River E Branch", "class": "River", "covered": true}, "geometry": {"type": "LineString", "coordinates": [[-79.380556, 43.795607], [-79.380456, 43.795497], [-79.38034, 43.795417], [-79.380249, 43.795331], [-79.380177, 43.795233], [-79.380133, 43.795124], [-79.380115, 43.794947], [-79.380112, 43.794876], [-79.38012, 43.794754], [-79.380141, 43.794619], [-79.380183, 43.794514], [-79.380216, 43.794422], [-79.380202, 43.794314], [-79.380185, 43.794216], [-79.380127, 43.794154], [-79.379983, 43.794099], [-79.379816, 43.794047], [-79.379658, 43.793978], [-79.379476, 43.793896], [-79.379303, 43.793853], [-79.379101, 43.793832], [-79.378965, 43.793809], [-79.378773, 43.793758], [-79.378525, 43.793667], [-79.378312, 43.793598], [-79.378093, 43.793513], [-79.377869, 43.793441], [-79.377599, 43.793355], [-79.37734, 43.793277], [-79.377125, 43.793205], [-79.376897, 43.793077], [-79.376729, 43.792934], [-79.376687, 43.792873]]}}, {"type": "Feature", "properties": {"name": "West Highland Creek", "class": "River", "covered": true}, "geometry": {"type": "LineString", "coordinates": [[-79.313755, 43.801732], [-79.313663, 43.801589], [-79.31348346666667, 43.80145746666667], [-79.31330393333334, 43.80132593333333], [-79.3131244, 43.8011944], [-79.31294486666667, 43.80106286666667], [-79.31276533333333, 43.80093133333333], [-79.31258580000001, 43.8007998], [-79.31240626666667, 43.80066826666667], [-79.31222673333333, 43.80053673333333], [-79.3120472, 43.8004052], [-79.31186766666667, 43.80027366666667], [-79.31168813333333, 43.80014213333333], [-79.3115086, 43.8000106], [-79.31132906666666, 43.79987906666667], [-79.31114953333334, 43.79974753333333], [-79.31097, 43.799616]]}}, {"type": "Feature", "properties": {"name": "West Highland Creek", "class": "River", "covered": true}, "geometry": {"type": "LineString", "coordinates": [[-79.31949, 43.795582], [-79.31939275, 43.795368], [-79.31929550000001, 43.795154], [-79.31919825, 43.79494], [-79.319101, 43.794726], [-79.31901260000001, 43.794526], [-79.3189242, 43.794326], [-79.3188358, 43.794126], [-79.31874739999999, 43.793926], [-79.318659, 43.793726], [-79.318564, 43.793498], [-79.31846900000001, 43.79327], [-79.318374, 43.793042], [-79.3183, 43.792843]]}}, {"type": "Feature", "properties": {"name": "East Highland Creek", "class": "River", "covered": true}, "geometry": {"type": "LineString", "coordinates": [[-79.272702, 43.796942], [-79.27266, 43.796926], [-79.272426, 43.796847], [-79.272326, 43.796794], [-79.272099, 43.796663], [-79.271958, 43.796433], [-79.271843, 43.796135], [-79.271712, 43.795821], [-79.271581, 43.7955], [-79.271508, 43.7953245], [-79.271435, 43.795149], [-79.271277, 43.794824], [-79.271203, 43.7946395], [-79.271129, 43.794455], [-79.271023, 43.794133], [-79.27094650000001, 43.7939535], [-79.27087, 43.793774], [-79.270698, 43.793455], [-79.2706215, 43.7932725], [-79.270545, 43.79309], [-79.27039, 43.79277], [-79.27030400000001, 43.7925895], [-79.270218, 43.792409], [-79.270094, 43.792087], [-79.2700145, 43.7919115], [-79.269935, 43.791736], [-79.269812, 43.791432], [-79.26968, 43.791111], [-79.269546, 43.790863], [-79.269463, 43.790771], [-79.269305, 43.790667], [-79.26917, 43.7906], [-79.268973, 43.790534], [-79.268598, 43.790477], [-79.268207, 43.790494], [-79.267886, 43.790501], [-79.267574, 43.790533], [-79.267492, 43.790551], [-79.267369, 43.790561], [-79.26707, 43.790601], [-79.266616, 43.790635], [-79.266225, 43.790652]]}}, {"type": "Feature", "properties": {"name": "East Highland Creek", "class": "River", "covered": true}, "geometry": {"type": "LineString", "coordinates": [[-79.266225, 43.790652], [-79.266151, 43.790655], [-79.26566, 43.790697], [-79.26540299999999, 43.7907225], [-79.265146, 43.790748], [-79.264745, 43.790761], [-79.264561, 43.790771], [-79.264551, 43.790773], [-79.264368, 43.790784], [-79.264063, 43.790812], [-79.263753, 43.79087], [-79.263398, 43.790937], [-79.263068, 43.791008], [-79.26276, 43.791075], [-79.262446, 43.791143], [-79.262368, 43.79116], [-79.262289, 43.791176], [-79.261935, 43.791232], [-79.261568, 43.791311], [-79.261226, 43.79138], [-79.260856, 43.79145], [-79.260477, 43.791524], [-79.260139, 43.791597], [-79.259924, 43.791644], [-79.259769, 43.791677], [-79.259674, 43.791694]]}}, {"type": "Feature", "properties": {"name": "East Highland Creek", "class": "River", "covered": true}, "geometry": {"type": "LineString", "coordinates": [[-79.280871, 43.81492], [-79.280819, 43.814731], [-79.280786, 43.814566], [-79.280699, 43.81423], [-79.2806065, 43.814031], [-79.280514, 43.813832], [-79.280266, 43.81354], [-79.279846, 43.813355], [-79.279616, 43.813279], [-79.279386, 43.813203], [-79.27917049999999, 43.813099], [-79.278955, 43.812995], [-79.278828, 43.812830500000004], [-79.278701, 43.812666], [-79.278614, 43.8124765], [-79.278527, 43.812287], [-79.2784005, 43.812113999999994], [-79.278274, 43.811941], [-79.278047, 43.811796]]}}, {"type": "Feature", "properties": {"name": "East Highland Creek", "class": "River", "covered": false}, "geometry": {"type": "LineString", "coordinates": [[-79.255705, 43.790296], [-79.255572, 43.790174], [-79.255339, 43.789973], [-79.255148, 43.789772], [-79.254951, 43.789553999999995], [-79.254754, 43.789336], [-79.254557, 43.789129], [-79.254348, 43.788895], [-79.254162, 43.788695], [-79.253923, 43.788557], [-79.253611, 43.78843], [-79.253341, 43.788314], [-79.253238, 43.788264]]}}, {"type": "Feature", "properties": {"name": "East Highland Creek", "class": "River", "covered": true}, "geometry": {"type": "LineString", "coordinates": [[-79.259117, 43.791771], [-79.258982, 43.791725], [-79.258764, 43.791671]]}}, {"type": "Feature", "properties": {"name": "East Highland Creek", "class": "River", "covered": false}, "geometry": {"type": "LineString", "coordinates": [[-79.258764, 43.791671], [-79.258555, 43.791595], [-79.258333, 43.791536], [-79.25808, 43.791473], [-79.25783, 43.791408], [-79.257555, 43.791323], [-79.257317, 43.791228], [-79.257065, 43.791109], [-79.256812, 43.791011], [-79.256576, 43.790886], [-79.256338, 43.790747], [-79.256128, 43.79061], [-79.255949, 43.790491], [-79.255784, 43.790369], [-79.255705, 43.790296]]}}, {"type": "Feature", "properties": {"name": "East Highland Creek", "class": "River", "covered": true}, "geometry": {"type": "LineString", "coordinates": [[-79.260119, 43.79377], [-79.260116, 43.793763], [-79.26007, 43.793651], [-79.260025, 43.793542], [-79.260018, 43.793523], [-79.260014, 43.793459], [-79.259981, 43.793299], [-79.259945, 43.793104], [-79.259877, 43.792907], [-79.259808, 43.792684], [-79.259715, 43.792459], [-79.259651, 43.792303], [-79.259539, 43.79212]]}}, {"type": "Feature", "properties": {"name": "East Highland Creek", "class": "River", "covered": true}, "geometry": {"type": "LineString", "coordinates": [[-79.259539, 43.79212], [-79.259366, 43.791947], [-79.259258, 43.791853], [-79.25914, 43.791779], [-79.259117, 43.791771]]}}, {"type": "Feature", "properties": {"name": "East Highland Creek", "class": "River", "covered": true}, "geometry": {"type": "LineString", "coordinates": [[-79.259674, 43.791694], [-79.25946, 43.791732], [-79.259117, 43.791771]]}}, {"type": "Feature", "properties": {"name": "East Highland Creek", "class": "River", "covered": true}, "geometry": {"type": "LineString", "coordinates": [[-79.260198, 43.793987], [-79.260119, 43.79377]]}}, {"type": "Feature", "properties": {"name": "Don River E Branch", "class": "River", "covered": true}, "geometry": {"type": "LineString", "coordinates": [[-79.396857, 43.803133], [-79.396783, 43.80302], [-79.396734, 43.802917], [-79.396706, 43.80285], [-79.396653, 43.802798], [-79.396535, 43.802733], [-79.396406, 43.802661], [-79.396372, 43.802605], [-79.396346, 43.802559], [-79.396304, 43.802475], [-79.396265, 43.802433], [-79.396214, 43.802378], [-79.396143, 43.802331], [-79.396097, 43.802319], [-79.395909, 43.802242]]}}, {"type": "Feature", "properties": {"name": "Don River", "class": "River", "covered": true}, "geometry": {"type": "LineString", "coordinates": [[-79.382577, 43.802789], [-79.382462, 43.802721], [-79.382353, 43.802613], [-79.382256, 43.802504], [-79.382074, 43.802436], [-79.381897, 43.802402], [-79.381699, 43.802382], [-79.381529, 43.802445], [-79.381442, 43.802575], [-79.381284, 43.802545], [-79.381145, 43.802556], [-79.381094, 43.802455], [-79.381142, 43.80227], [-79.381051, 43.802113], [-79.380952, 43.801951], [-79.380886, 43.801807], [-79.380867, 43.801706], [-79.380892, 43.801593], [-79.380816, 43.801467], [-79.380714, 43.801398], [-79.380597, 43.801361], [-79.380518, 43.801367], [-79.380409, 43.801405], [-79.380289, 43.801322], [-79.380125, 43.801296], [-79.379996, 43.801317], [-79.379897, 43.801339], [-79.379812, 43.801404], [-79.379661, 43.801411], [-79.379566, 43.801318], [-79.379524, 43.801235], [-79.379475, 43.80117], [-79.379414, 43.801062], [-79.379391, 43.800973], [-79.379371, 43.800897], [-79.379338, 43.800816], [-79.379276, 43.800769], [-79.379149, 43.800784], [-79.379057, 43.80075], [-79.37906, 43.800656], [-79.379049, 43.800576], [-79.379052, 43.800551]]}}, {"type": "Feature", "properties": {"name": "Don River E Branch", "class": "River", "covered": true}, "geometry": {"type": "LineString", "coordinates": [[-79.393671, 43.799787], [-79.393671, 43.79974], [-79.393653, 43.799668], [-79.393636, 43.7996], [-79.393601, 43.799528], [-79.393518, 43.799439], [-79.393443, 43.799403], [-79.393375, 43.799393], [-79.393259, 43.799403], [-79.393119, 43.799421], [-79.392998, 43.799447], [-79.392853, 43.799443], [-79.392742, 43.799421], [-79.392661, 43.799354], [-79.392615, 43.799287], [-79.392591, 43.799211], [-79.392556, 43.799157], [-79.392503, 43.799098], [-79.392448, 43.799054], [-79.392381, 43.799025], [-79.392317, 43.799033], [-79.392213, 43.799097], [-79.392162, 43.799194], [-79.39206, 43.799269], [-79.391964, 43.799297], [-79.391864, 43.799271], [-79.391804, 43.799192], [-79.391809, 43.799079], [-79.391859, 43.798974], [-79.39186, 43.79888], [-79.391796, 43.798808], [-79.39169, 43.798758], [-79.391561, 43.798762], [-79.391456, 43.798796], [-79.391422, 43.798809], [-79.391281, 43.798865], [-79.39115, 43.798919], [-79.391064, 43.798978], [-79.390983, 43.799043], [-79.390927, 43.799125], [-79.390895, 43.799186], [-79.390887, 43.799268], [-79.390911, 43.799383], [-79.390951, 43.799509], [-79.390986, 43.79961], [-79.391024, 43.799696], [-79.391033, 43.79978], [-79.390987, 43.799846], [-79.390922, 43.799895], [-79.390852, 43.799926], [-79.390765, 43.799926], [-79.390632, 43.799885], [-79.390506, 43.799823], [-79.390392, 43.799751], [-79.390254, 43.799641], [-79.390113, 43.799464], [-79.390049, 43.79929], [-79.390014, 43.799162], [-79.389965, 43.799007], [-79.38995, 43.798901], [-79.389918, 43.798812], [-79.389838, 43.798733], [-79.389738, 43.79866], [-79.38963, 43.79853], [-79.389563, 43.798434], [-79.389445, 43.798319], [-79.389292, 43.798231], [-79.389214, 43.798193], [-79.389121, 43.798159], [-79.388998, 43.798126], [-79.388882, 43.798103], [-79.388749, 43.798088], [-79.388614, 43.798105], [-79.388498, 43.798152], [-79.388411, 43.798219], [-79.388351, 43.798275], [-79.388278, 43.798345], [-79.388172, 43.79843], [-79.38806, 43.798467], [-79.387937, 43.798433], [-79.387773, 43.798384], [-79.387577, 43.798375], [-79.387516, 43.798379], [-79.387384, 43.798382], [-79.387259, 43.798373], [-79.387073, 43.798305], [-79.386899, 43.798242], [-79.386735, 43.798167], [-79.386595, 43.798089], [-79.386455, 43.798017], [-79.38635, 43.797955], [-79.386241, 43.797867], [-79.386116, 43.797747], [-79.385985, 43.797643], [-79.385859, 43.797596], [-79.385679, 43.797528], [-79.38551, 43.797495], [-79.385408, 43.797477], [-79.385264, 43.797475], [-79.385103, 43.797517], [-79.38493, 43.797534], [-79.384776, 43.79752], [-79.384633, 43.797433], [-79.384499, 43.797319], [-79.384374, 43.797212], [-79.384232, 43.797115], [-79.384082, 43.797072], [-79.383925, 43.797061], [-79.383753, 43.79706], [-79.38359, 43.797043], [-79.383428, 43.797023], [-79.383234, 43.797018], [-79.383017, 43.797028], [-79.382874, 43.797079], [-79.382745, 43.79713], [-79.38262, 43.797147], [-79.382482, 43.797103], [-79.382376, 43.797016], [-79.382298, 43.796948], [-79.38215, 43.79679]]}}, {"type": "Feature", "properties": {"name": "Don River W Branch", "class": "River", "covered": true}, "geometry": {"type": "LineString", "coordinates": [[-79.471732, 43.763529], [-79.471699, 43.763544], [-79.47161, 43.763637], [-79.471496, 43.763763], [-79.471349, 43.763886], [-79.471147, 43.763918], [-79.470992, 43.763827], [-79.470899, 43.763712], [-79.470767, 43.763657], [-79.470619, 43.763655], [-79.470426, 43.763617], [-79.470214, 43.763601], [-79.469996, 43.763588], [-79.469827, 43.763624], [-79.469667, 43.763686], [-79.469505, 43.763632], [-79.469308, 43.763601], [-79.469128, 43.76368], [-79.468944, 43.763716], [-79.468737, 43.763716], [-79.468539, 43.763765], [-79.468352, 43.763824], [-79.4680595, 43.763893499999995], [-79.467767, 43.763963], [-79.467564, 43.764002], [-79.467353, 43.763999], [-79.467117, 43.764001], [-79.466909, 43.76408], [-79.466743, 43.764214], [-79.466617, 43.764354], [-79.466538, 43.764491], [-79.466464, 43.764657], [-79.466437, 43.764823], [-79.466463, 43.764956], [-79.466416, 43.765058], [-79.466246, 43.765158], [-79.466126, 43.765218]]}}, {"type": "Feature", "properties": {"name": "Don River W Branch", "class": "River", "covered": true}, "geometry": {"type": "LineString", "coordinates": [[-79.464886, 43.774406], [-79.464978, 43.774397], [-79.465324, 43.774324], [-79.465659, 43.774213], [-79.465919, 43.774022], [-79.466021, 43.773766], [-79.46599, 43.773522], [-79.465888, 43.773282], [-79.465779, 43.773051], [-79.465654, 43.772837], [-79.465626, 43.772796], [-79.465516, 43.772636], [-79.465413, 43.772543]]}}, {"type": "Feature", "properties": {"name": "Don River W Branch", "class": "River", "covered": true}, "geometry": {"type": "LineString", "coordinates": [[-79.465413, 43.772543], [-79.465341, 43.772478], [-79.465102, 43.772371], [-79.464971, 43.772315], [-79.464886, 43.772278], [-79.464665, 43.772203], [-79.464414, 43.772149], [-79.464139, 43.772099], [-79.463812, 43.771999], [-79.463535, 43.77188], [-79.463255, 43.771769], [-79.463026, 43.771675], [-79.462974, 43.771655]]}}, {"type": "Feature", "properties": {"name": "Don River W Branch", "class": "River", "covered": true}, "geometry": {"type": "LineString", "coordinates": [[-79.464658, 43.769365], [-79.4647265, 43.769591500000004], [-79.464795, 43.769818], [-79.464653, 43.77], [-79.464445, 43.770173], [-79.46413, 43.770278], [-79.4638, 43.770352], [-79.463596, 43.770512], [-79.463526, 43.770761], [-79.463443, 43.771009], [-79.463312, 43.771187], [-79.463292, 43.771193], [-79.463288, 43.771231], [-79.46318, 43.771411], [-79.462974, 43.771655]]}}, {"type": "Feature", "properties": {"name": "Black Creek", "class": "River", "covered": true}, "geometry": {"type": "LineString", "coordinates": [[-79.521735, 43.775471], [-79.5215445, 43.7752575], [-79.521354, 43.775044], [-79.521209, 43.774984], [-79.521034, 43.774867], [-79.520858, 43.774745], [-79.52072, 43.774615], [-79.520556, 43.77452], [-79.52038, 43.774425], [-79.520127, 43.774385], [-79.519862, 43.774344], [-79.519634, 43.77426], [-79.519427, 43.774124], [-79.519274, 43.774057], [-79.519146, 43.773991], [-79.519007, 43.773962], [-79.518823, 43.774025], [-79.518732, 43.774131], [-79.51862, 43.774089], [-79.518548, 43.773951], [-79.518588, 43.773837], [-79.518694, 43.773772], [-79.518931, 43.773572], [-79.518894, 43.773398], [-79.518827, 43.773229], [-79.518701, 43.773088], [-79.518361, 43.772863], [-79.518146, 43.772824], [-79.518192, 43.772625], [-79.51808, 43.772412], [-79.517825, 43.772273], [-79.517585, 43.772182], [-79.517356, 43.772065], [-79.517173, 43.771953], [-79.517027, 43.771842], [-79.517017, 43.771649], [-79.517059, 43.771435], [-79.516989, 43.77126], [-79.516828, 43.771124], [-79.516729, 43.770995], [-79.516848, 43.770932], [-79.516704, 43.770591], [-79.5165, 43.770413], [-79.516325, 43.770252], [-79.516224, 43.770133]]}}, {"type": "Feature", "properties": {"name": "Black Creek", "class": "River", "covered": true}, "geometry": {"type": "LineString", "coordinates": [[-79.507721, 43.721043], [-79.507662, 43.72093], [-79.507577, 43.720703], [-79.507573, 43.720694], [-79.507561, 43.720662], [-79.507486, 43.720482], [-79.50739, 43.720312], [-79.507262, 43.720019], [-79.507219, 43.719927], [-79.507171, 43.719824], [-79.507151, 43.719794], [-79.507054, 43.7195855], [-79.506957, 43.719377], [-79.506838, 43.719125], [-79.506729, 43.718908], [-79.506646, 43.718708], [-79.50664, 43.718695]]}}, {"type": "Feature", "properties": {"name": "Don River W Branch", "class": "River", "covered": true}, "geometry": {"type": "LineString", "coordinates": [[-79.411235, 43.751525], [-79.411129, 43.751454], [-79.411022, 43.751378]]}}, {"type": "Feature", "properties": {"name": "Don River W Branch", "class": "River", "covered": true}, "geometry": {"type": "LineString", "coordinates": [[-79.411022, 43.751378], [-79.410967, 43.751338], [-79.410925, 43.751301]]}}, {"type": "Feature", "properties": {"name": "Don River W Branch", "class": "River", "covered": true}, "geometry": {"type": "LineString", "coordinates": [[-79.41166, 43.751757], [-79.41154, 43.751704], [-79.411449, 43.751654]]}}, {"type": "Feature", "properties": {"name": "Don River W Branch", "class": "River", "covered": true}, "geometry": {"type": "LineString", "coordinates": [[-79.411449, 43.751654], [-79.41131, 43.751576], [-79.411235, 43.751525]]}}, {"type": "Feature", "properties": {"name": "Humber River E Branch", "class": "River", "covered": true}, "geometry": {"type": "LineString", "coordinates": [[-79.55004, 43.735048], [-79.54983849999999, 43.735163], [-79.549637, 43.735278], [-79.549369, 43.735478], [-79.549119, 43.735708], [-79.549082, 43.735794], [-79.549107, 43.735896], [-79.549161, 43.735933], [-79.549427, 43.735938]]}}, {"type": "Feature", "properties": {"name": "Humber River", "class": "River", "covered": true}, "geometry": {"type": "LineString", "coordinates": [[-79.543704, 43.718619], [-79.5435915, 43.71881], [-79.543479, 43.719001], [-79.543454, 43.71906], [-79.54341, 43.719132]]}}, {"type": "Feature", "properties": {"name": "Humber River E Branch", "class": "River", "covered": true}, "geometry": {"type": "LineString", "coordinates": [[-79.549427, 43.735938], [-79.549576, 43.735938], [-79.549837, 43.735893], [-79.550011, 43.735857], [-79.550285, 43.735872], [-79.550459, 43.736004], [-79.55053, 43.736205], [-79.550559, 43.736404], [-79.550514, 43.73656], [-79.550451, 43.736692], [-79.550249, 43.73691], [-79.550053, 43.737193], [-79.55009, 43.737499], [-79.549992, 43.737803], [-79.549938, 43.737913], [-79.54988, 43.737974], [-79.54976, 43.737986], [-79.549665, 43.737959], [-79.549495, 43.737923], [-79.549274, 43.737916], [-79.548875, 43.738024], [-79.54858, 43.738237], [-79.548365, 43.738491], [-79.548358, 43.738771], [-79.548217, 43.738985], [-79.547836, 43.73906], [-79.547575, 43.739193], [-79.54748, 43.739241], [-79.547125, 43.739441], [-79.546945, 43.739524]]}}, {"type": "Feature", "properties": {"name": "Don River W Branch", "class": "River", "covered": true}, "geometry": {"type": "LineString", "coordinates": [[-79.466126, 43.765218], [-79.466049, 43.765257], [-79.465822, 43.765339], [-79.465805, 43.765347], [-79.465577, 43.765495], [-79.465371, 43.765589], [-79.465118, 43.765642], [-79.46484, 43.765706], [-79.46461, 43.765823], [-79.464712, 43.766001], [-79.464822, 43.766214], [-79.464863, 43.766396], [-79.464697, 43.766514], [-79.46463, 43.766712], [-79.464837, 43.76684], [-79.464861, 43.767013], [-79.46495, 43.767163], [-79.464897, 43.767335], [-79.464869, 43.767506], [-79.464844, 43.76769], [-79.464773, 43.767877], [-79.464744, 43.768091], [-79.464637, 43.768266], [-79.464403, 43.768402], [-79.464237, 43.768556], [-79.464305, 43.768714], [-79.4645, 43.768845], [-79.464572, 43.768987], [-79.46461500000001, 43.769176], [-79.464658, 43.769365]]}}, {"type": "Feature", "properties": {"name": "Humber River E Branch", "class": "River", "covered": true}, "geometry": {"type": "LineString", "coordinates": [[-79.546138, 43.74052], [-79.546169, 43.740652]]}}, {"type": "Feature", "properties": {"name": "Humber River E Branch", "class": "River", "covered": true}, "geometry": {"type": "LineString", "coordinates": [[-79.546945, 43.739524], [-79.546776, 43.739605], [-79.546427, 43.73979], [-79.546183, 43.740055], [-79.546101, 43.740362], [-79.546138, 43.74052]]}}, {"type": "Feature", "properties": {"name": "Humber River W Branch", "class": "River", "covered": true}, "geometry": {"type": "LineString", "coordinates": [[-79.60023, 43.72769], [-79.600066, 43.727729], [-79.599737, 43.727765], [-79.599421, 43.727783], [-79.599135, 43.72768], [-79.598897, 43.727568], [-79.598675, 43.727397], [-79.598568, 43.727185], [-79.598449, 43.727001], [-79.598277, 43.726817], [-79.598197, 43.726632], [-79.59819, 43.726407], [-79.598277, 43.726173], [-79.598358, 43.725962], [-79.598469, 43.725727], [-79.598452, 43.725471], [-79.598417, 43.725241], [-79.598278, 43.725003], [-79.598065, 43.724832], [-79.597867, 43.724666], [-79.597711, 43.724513], [-79.597564, 43.724392], [-79.597343, 43.724216], [-79.597088, 43.724045], [-79.596836, 43.723915], [-79.596557, 43.723803], [-79.596258, 43.723637], [-79.595983, 43.723502], [-79.595675, 43.723462], [-79.595523, 43.723457], [-79.595488, 43.723453], [-79.595363, 43.723412], [-79.59525, 43.723394], [-79.59492, 43.723354], [-79.59456, 43.723422], [-79.59415, 43.723494], [-79.59393, 43.723569]]}}, {"type": "Feature", "properties": {"name": "West Highland Creek", "class": "River", "covered": true}, "geometry": {"type": "LineString", "coordinates": [[-79.308694, 43.796161], [-79.308717, 43.796068], [-79.308785, 43.79584], [-79.30883, 43.795608], [-79.308875, 43.795376], [-79.3089305, 43.795199499999995], [-79.308986, 43.795023]]}}, {"type": "Feature", "properties": {"name": "West Highland Creek", "class": "River", "covered": true}, "geometry": {"type": "LineString", "coordinates": [[-79.308986, 43.795023], [-79.308988, 43.795016], [-79.30904566666666, 43.794824], [-79.30910333333334, 43.794632], [-79.309161, 43.79444], [-79.309218, 43.794215], [-79.309275, 43.79399], [-79.309318, 43.79381], [-79.30933, 43.79372], [-79.309326, 43.793648], [-79.309275, 43.79354], [-79.30915999999999, 43.793288000000004], [-79.309045, 43.793036], [-79.30896633333333, 43.792846833333336], [-79.30888766666666, 43.79265766666667], [-79.308809, 43.7924685], [-79.30873033333333, 43.79227933333333], [-79.30865166666666, 43.79209016666667], [-79.308573, 43.791901], [-79.30849866666667, 43.791720833333336], [-79.30842433333333, 43.79154066666667], [-79.30834999999999, 43.791360499999996], [-79.30827566666666, 43.79118033333333], [-79.30820133333333, 43.79100016666666], [-79.308127, 43.79082]]}}, {"type": "Feature", "properties": {"name": "West Highland Creek", "class": "River", "covered": false}, "geometry": {"type": "LineString", "coordinates": [[-79.290499, 43.78685], [-79.290391, 43.786749], [-79.290244, 43.786579], [-79.290125, 43.786435], [-79.289975, 43.786367], [-79.289899, 43.786345], [-79.289703, 43.786296], [-79.289671, 43.786305]]}}, {"type": "Feature", "properties": {"name": "Rouge River", "class": "River", "covered": true}, "geometry": {"type": "LineString", "coordinates": [[-79.174609, 43.812805], [-79.174584, 43.812936], [-79.174566, 43.813022], [-79.174499, 43.81313], [-79.174306, 43.813287], [-79.174013, 43.813467], [-79.173697, 43.813614], [-79.17337, 43.813712], [-79.173124, 43.813757]]}}, {"type": "Feature", "properties": {"name": "Massey Creek", "class": "River", "covered": true}, "geometry": {"type": "LineString", "coordinates": [[-79.278332, 43.712977], [-79.278475, 43.712961], [-79.278606, 43.712955]]}}, {"type": "Feature", "properties": {"name": "Humber River W Branch", "class": "River", "covered": true}, "geometry": {"type": "LineString", "coordinates": [[-79.623395, 43.734905], [-79.623242, 43.734718], [-79.623079, 43.73443], [-79.622921, 43.73421], [-79.622838, 43.734106], [-79.622815, 43.734079], [-79.622762, 43.733931], [-79.622723, 43.733841], [-79.62267, 43.733737], [-79.622603, 43.733666], [-79.622552, 43.733562], [-79.622509, 43.733463], [-79.622426, 43.733337], [-79.622372, 43.733189], [-79.622426, 43.733027], [-79.622475, 43.732892], [-79.622447, 43.73273], [-79.622379, 43.732572], [-79.622299, 43.732388], [-79.622203, 43.732217], [-79.622101, 43.732113], [-79.62202, 43.731956], [-79.621897, 43.731812], [-79.62179, 43.731691], [-79.621577, 43.731542], [-79.621492, 43.731493], [-79.621365, 43.731435], [-79.621162, 43.731372], [-79.620921, 43.7313], [-79.620687, 43.731224], [-79.620414, 43.731143], [-79.620173, 43.731098], [-79.619937, 43.731049], [-79.619753, 43.731013]]}}, {"type": "Feature", "properties": {"name": "Rouge River", "class": "River", "covered": true}, "geometry": {"type": "LineString", "coordinates": [[-79.217523, 43.830379], [-79.217352, 43.830166], [-79.2172525, 43.8299925], [-79.217153, 43.829819], [-79.2170395, 43.829629499999996], [-79.216926, 43.82944], [-79.2168355, 43.8292665], [-79.216745, 43.829093], [-79.216666, 43.828738], [-79.216785, 43.828432], [-79.21693450000001, 43.828286], [-79.217084, 43.82814], [-79.21716, 43.827949000000004], [-79.217236, 43.827758], [-79.217366, 43.827421], [-79.217275, 43.827096], [-79.2169, 43.826866], [-79.216499, 43.826748], [-79.2162455, 43.826689], [-79.215992, 43.82663], [-79.215537, 43.826503], [-79.215088, 43.826546], [-79.2148765, 43.826649], [-79.214665, 43.826752], [-79.214254, 43.826922], [-79.213793, 43.827038], [-79.213367, 43.827132], [-79.212872, 43.827135], [-79.212408, 43.827098], [-79.211977, 43.827191], [-79.211626, 43.827293], [-79.211559, 43.8273], [-79.211403, 43.827252], [-79.211319, 43.827221], [-79.211264, 43.82718], [-79.211273, 43.827109], [-79.211359, 43.826888], [-79.211508, 43.82666], [-79.211547, 43.826578], [-79.211558, 43.826422], [-79.21152, 43.826259], [-79.211482, 43.826206]]}}, {"type": "Feature", "properties": {"name": "Humber River W Branch", "class": "River", "covered": true}, "geometry": {"type": "LineString", "coordinates": [[-79.600365, 43.727665], [-79.60023, 43.72769]]}}, {"type": "Feature", "properties": {"name": "Humber River W Branch", "class": "River", "covered": true}, "geometry": {"type": "LineString", "coordinates": [[-79.631488, 43.737535], [-79.63120533333334, 43.73744933333334], [-79.63092266666666, 43.73736366666667], [-79.63064, 43.737278], [-79.630175, 43.737168]]}}, {"type": "Feature", "properties": {"name": "Don River", "class": "River", "covered": true}, "geometry": {"type": "LineString", "coordinates": [[-79.357502, 43.668633], [-79.357465, 43.668551], [-79.357427, 43.668465], [-79.357385, 43.668371], [-79.357346, 43.668272], [-79.357321, 43.668191], [-79.3572525, 43.667944], [-79.357184, 43.667697]]}}, {"type": "Feature", "properties": {"name": "Burke Brook", "class": "Creek/Tributary", "covered": true}, "geometry": {"type": "LineString", "coordinates": [[-79.366341, 43.720816], [-79.366154, 43.72075], [-79.365886, 43.720692], [-79.365633, 43.720624], [-79.365545, 43.720552]]}}, {"type": "Feature", "properties": {"name": "Rouge River", "class": "River", "covered": true}, "geometry": {"type": "LineString", "coordinates": [[-79.125014, 43.80001], [-79.124874, 43.799926], [-79.124601, 43.799641], [-79.124388, 43.799342], [-79.124227, 43.79901], [-79.124177, 43.798688], [-79.124202, 43.798353], [-79.124259, 43.798048], [-79.124355, 43.797732], [-79.124225, 43.797427], [-79.123845, 43.797278], [-79.123572, 43.797205], [-79.123474, 43.797179], [-79.123107, 43.797235], [-79.122735, 43.797329], [-79.122345, 43.797426], [-79.121932, 43.797403], [-79.12151, 43.797252], [-79.121174, 43.797022], [-79.1210275, 43.796874], [-79.120881, 43.796726], [-79.120588, 43.796455], [-79.120447, 43.796304500000005], [-79.120306, 43.796154], [-79.120178, 43.795858], [-79.120273, 43.795618], [-79.120627, 43.795497], [-79.1208695, 43.795411], [-79.121112, 43.795325], [-79.121231, 43.795202], [-79.12121, 43.794948], [-79.121003, 43.794741], [-79.120674, 43.794725], [-79.120329, 43.794757], [-79.119995, 43.794815], [-79.119675, 43.794818], [-79.119321, 43.794797], [-79.11898, 43.794721], [-79.11864, 43.794588], [-79.118635, 43.794585]]}}, {"type": "Feature", "properties": {"name": "Rouge River", "class": "River", "covered": true}, "geometry": {"type": "LineString", "coordinates": [[-79.118635, 43.794585], [-79.118413, 43.794481], [-79.118236, 43.794434]]}}, {"type": "Feature", "properties": {"name": "Don River E Branch", "class": "River", "covered": true}, "geometry": {"type": "LineString", "coordinates": [[-79.327941, 43.755767], [-79.328084, 43.755713], [-79.328294, 43.75561], [-79.328486, 43.755504], [-79.328671, 43.755378], [-79.328848, 43.755275], [-79.32902, 43.755157], [-79.329153, 43.755051], [-79.329216, 43.75495], [-79.32926, 43.754802], [-79.329311, 43.754654], [-79.329341, 43.754608]]}}, {"type": "Feature", "properties": {"name": "Don River E Branch", "class": "River", "covered": true}, "geometry": {"type": "LineString", "coordinates": [[-79.329341, 43.754608], [-79.329393, 43.754528], [-79.329458, 43.754391], [-79.329489, 43.754304]]}}, {"type": "Feature", "properties": {"name": "Humber River W Branch", "class": "River", "covered": true}, "geometry": {"type": "LineString", "coordinates": [[-79.59393, 43.723569], [-79.593721, 43.723639], [-79.593312, 43.723733], [-79.592916, 43.723873], [-79.592537, 43.72404], [-79.592249, 43.72431], [-79.592118, 43.724599], [-79.592137, 43.724923], [-79.592185, 43.725256], [-79.592147, 43.725544], [-79.592042, 43.725787], [-79.59172, 43.725854], [-79.591341, 43.725855], [-79.591056, 43.725878], [-79.590759, 43.725941], [-79.590468, 43.726031], [-79.590194, 43.726144]]}}, {"type": "Feature", "properties": {"name": "East Highland Creek", "class": "River", "covered": true}, "geometry": {"type": "LineString", "coordinates": [[-79.283436, 43.797059], [-79.283361, 43.797023], [-79.283226, 43.796977], [-79.283091, 43.796927], [-79.282952, 43.796873], [-79.282816, 43.796814], [-79.28253, 43.796728], [-79.282396, 43.796688], [-79.282254, 43.79666], [-79.282095, 43.796642], [-79.281942, 43.796642], [-79.281782, 43.796641], [-79.281615, 43.796659], [-79.281465, 43.796686], [-79.281318, 43.796717], [-79.281197, 43.796744], [-79.281079, 43.796771], [-79.280924, 43.796811], [-79.280775, 43.796838], [-79.280593, 43.796878], [-79.280414, 43.796909], [-79.280211, 43.796949], [-79.280021, 43.796994], [-79.279833, 43.797038], [-79.279654, 43.797092], [-79.279466, 43.797137], [-79.27927, 43.797168], [-79.279082, 43.797203], [-79.278889, 43.797248], [-79.278712, 43.797288], [-79.278533, 43.797328], [-79.278368, 43.79736], [-79.278181, 43.797391], [-79.278007, 43.797404], [-79.277725, 43.797396]]}}, {"type": "Feature", "properties": {"name": "Wilket Creek", "class": "River", "covered": true}, "geometry": {"type": "LineString", "coordinates": [[-79.352711, 43.721151], [-79.352759, 43.720959]]}}, {"type": "Feature", "properties": {"name": "East Highland Creek", "class": "River", "covered": true}, "geometry": {"type": "LineString", "coordinates": [[-79.277725, 43.797396], [-79.277438, 43.797388], [-79.277096, 43.797402], [-79.276702, 43.79741], [-79.276332, 43.797416], [-79.275953, 43.797418], [-79.275555, 43.79742], [-79.275131, 43.797424], [-79.274691, 43.797431], [-79.27427, 43.797436], [-79.273908, 43.797412], [-79.273548, 43.797292], [-79.273227, 43.797159], [-79.273025, 43.797076], [-79.272951, 43.797035], [-79.272702, 43.796942]]}}, {"type": "Feature", "properties": {"name": "West Highland Creek", "class": "River", "covered": true}, "geometry": {"type": "LineString", "coordinates": [[-79.30715, 43.810775], [-79.307199, 43.810723], [-79.307221, 43.8107], [-79.307318, 43.810498], [-79.307172, 43.810291], [-79.306977, 43.810075], [-79.306923, 43.809985], [-79.306863, 43.80986]]}}, {"type": "Feature", "properties": {"name": "Don River E Branch", "class": "River", "covered": true}, "geometry": {"type": "LineString", "coordinates": [[-79.333091, 43.703371], [-79.333095, 43.703366], [-79.333207, 43.703234], [-79.333436, 43.703066], [-79.33368, 43.70303]]}}, {"type": "Feature", "properties": {"name": "Don River E Branch", "class": "River", "covered": true}, "geometry": {"type": "LineString", "coordinates": [[-79.33368, 43.70303], [-79.333785, 43.703015], [-79.334155, 43.703008], [-79.334516, 43.703041], [-79.334694, 43.703077]]}}, {"type": "Feature", "properties": {"name": "Don River W Branch", "class": "River", "covered": true}, "geometry": {"type": "LineString", "coordinates": [[-79.335829, 43.704513], [-79.335648, 43.704401], [-79.33544, 43.704261]]}}, {"type": "Feature", "properties": {"name": "Humber River W Branch", "class": "River", "covered": true}, "geometry": {"type": "LineString", "coordinates": [[-79.553746, 43.729708], [-79.553705, 43.729721], [-79.553424, 43.729785], [-79.553119, 43.72983], [-79.553114, 43.729831], [-79.552806, 43.729888], [-79.552486, 43.729921], [-79.552148, 43.729966], [-79.551749, 43.730017], [-79.551387, 43.730073], [-79.551024, 43.730159], [-79.550876, 43.730197]]}}, {"type": "Feature", "properties": {"name": "Humber River E Branch", "class": "River", "covered": true}, "geometry": {"type": "LineString", "coordinates": [[-79.577423, 43.75026], [-79.577496, 43.750276], [-79.577896, 43.750361], [-79.57827, 43.750483], [-79.57857, 43.750655], [-79.578909, 43.750792], [-79.5792, 43.750963], [-79.579463, 43.751179], [-79.579719, 43.751396], [-79.580003, 43.75157], [-79.580372, 43.751699], [-79.580751, 43.751806], [-79.580758, 43.751808]]}}, {"type": "Feature", "properties": {"name": "West Highland Creek", "class": "River", "covered": false}, "geometry": {"type": "LineString", "coordinates": [[-79.257713, 43.760457], [-79.257453, 43.760513], [-79.257178, 43.760575], [-79.256944, 43.760632], [-79.256736, 43.760621], [-79.256528, 43.760617], [-79.256335, 43.760694], [-79.256122, 43.76067], [-79.255939, 43.760527], [-79.255682, 43.760532], [-79.255482, 43.76057], [-79.255253, 43.760562]]}}, {"type": "Feature", "properties": {"name": "Don River E Branch", "class": "River", "covered": true}, "geometry": {"type": "LineString", "coordinates": [[-79.340266, 43.744769], [-79.340272, 43.744739], [-79.340242, 43.744661], [-79.340182, 43.744583], [-79.340118, 43.744485], [-79.34006, 43.744377], [-79.339979, 43.744281], [-79.339893, 43.744197], [-79.3398, 43.744108], [-79.339716, 43.744034], [-79.339612, 43.743931], [-79.339517, 43.743838], [-79.339404, 43.743739], [-79.339301, 43.743642], [-79.339233, 43.743582], [-79.339099, 43.743514], [-79.338976, 43.743479], [-79.338805, 43.743454], [-79.338612, 43.743457], [-79.338415, 43.743455], [-79.338283, 43.743461], [-79.338128, 43.743508], [-79.337981, 43.743561], [-79.337812, 43.743636], [-79.337687, 43.743705], [-79.337558, 43.743767], [-79.337377, 43.743831], [-79.337235, 43.743826], [-79.337101, 43.743794], [-79.336949, 43.743753], [-79.336798, 43.743704], [-79.336663, 43.743633], [-79.336549, 43.743557], [-79.336466, 43.743473], [-79.336395, 43.743388], [-79.336321, 43.743302], [-79.336275, 43.74323], [-79.336254, 43.743165], [-79.336234, 43.743072], [-79.336239, 43.742999], [-79.336251, 43.742931]]}}, {"type": "Feature", "properties": {"name": "Rouge River", "class": "River", "covered": true}, "geometry": {"type": "LineString", "coordinates": [[-79.173124, 43.813757], [-79.172935, 43.813792]]}}, {"type": "Feature", "properties": {"name": "Humber River W Branch", "class": "River", "covered": true}, "geometry": {"type": "LineString", "coordinates": [[-79.590194, 43.726144], [-79.590172, 43.726153], [-79.589902, 43.72631], [-79.589625, 43.72654], [-79.589412, 43.72672], [-79.589177, 43.72691], [-79.588892, 43.727099], [-79.588679, 43.727293], [-79.588418, 43.727513], [-79.588118, 43.727712], [-79.58788, 43.727914], [-79.587672, 43.728058], [-79.58765, 43.728075]]}}, {"type": "Feature", "properties": {"name": "Black Creek", "class": "River", "covered": true}, "geometry": {"type": "LineString", "coordinates": [[-79.508875, 43.759067], [-79.508797, 43.759011], [-79.508577, 43.758844], [-79.508405, 43.758708], [-79.508371, 43.758525], [-79.508304, 43.758357], [-79.508167, 43.758175], [-79.507983, 43.758008], [-79.507838, 43.757853], [-79.507883, 43.757659], [-79.507659, 43.757524], [-79.5074, 43.75751], [-79.507168, 43.757559], [-79.506974, 43.75749], [-79.506901, 43.757328], [-79.506885, 43.757147], [-79.506869, 43.756966], [-79.506751, 43.75679]]}}, {"type": "Feature", "properties": {"name": "Black Creek", "class": "River", "covered": true}, "geometry": {"type": "LineString", "coordinates": [[-79.495431, 43.675548], [-79.495485, 43.675538], [-79.495715, 43.675493], [-79.495926, 43.675462], [-79.496141, 43.675462], [-79.496362, 43.675475], [-79.496573, 43.67548], [-79.496731, 43.675495]]}}, {"type": "Feature", "properties": {"name": "Don River", "class": "River", "covered": true}, "geometry": {"type": "LineString", "coordinates": [[-79.378004, 43.801215], [-79.378219, 43.801104], [-79.378373, 43.800992], [-79.378505, 43.800851], [-79.378601, 43.800735], [-79.378708, 43.800642], [-79.378813, 43.800588], [-79.379052, 43.800551]]}}, {"type": "Feature", "properties": {"name": "Don River", "class": "River", "covered": true}, "geometry": {"type": "LineString", "coordinates": [[-79.375738, 43.802081], [-79.375857, 43.802035], [-79.376243, 43.801919], [-79.376423, 43.801865], [-79.3766, 43.801797], [-79.376725, 43.801748], [-79.37694, 43.801672], [-79.37718, 43.801578], [-79.377337, 43.801516], [-79.377501, 43.801455], [-79.377723, 43.801371], [-79.377979, 43.801227], [-79.378004, 43.801215]]}}, {"type": "Feature", "properties": {"name": "Black Creek", "class": "River", "covered": true}, "geometry": {"type": "LineString", "coordinates": [[-79.516224, 43.770133], [-79.516191, 43.770089], [-79.516016, 43.769983], [-79.515877, 43.770026], [-79.515742, 43.769949], [-79.5156, 43.769921], [-79.515538, 43.770014], [-79.515364, 43.77], [-79.515218, 43.769858], [-79.515141, 43.769729], [-79.515168, 43.76961], [-79.514955, 43.769465], [-79.514624, 43.769676], [-79.514484, 43.769856], [-79.514352, 43.76996]]}}, {"type": "Feature", "properties": {"name": "Don River W Branch", "class": "River", "covered": true}, "geometry": {"type": "LineString", "coordinates": [[-79.467499, 43.781606], [-79.467481, 43.781573], [-79.467411, 43.781441], [-79.467347, 43.781298], [-79.46724, 43.781138], [-79.467082, 43.780983], [-79.466924, 43.780839], [-79.466742, 43.780707], [-79.466599, 43.780568], [-79.466512, 43.780416], [-79.466415, 43.780277], [-79.466361, 43.78014], [-79.466335, 43.780047], [-79.466344, 43.780036], [-79.466329, 43.779967], [-79.466308, 43.77992]]}}, {"type": "Feature", "properties": {"name": "Black Creek", "class": "River", "covered": true}, "geometry": {"type": "LineString", "coordinates": [[-79.497024, 43.742519], [-79.496937, 43.742348], [-79.496861, 43.74215], [-79.496933, 43.741944], [-79.497013, 43.741713], [-79.497008, 43.741462], [-79.496922, 43.741264], [-79.496762, 43.741099], [-79.496579, 43.740981], [-79.496414, 43.740824], [-79.496363, 43.740644], [-79.496312, 43.740458], [-79.496233, 43.740251], [-79.496146, 43.740075], [-79.495999, 43.739948], [-79.495825, 43.739802], [-79.495638, 43.7397], [-79.495428, 43.739667], [-79.495284, 43.739498], [-79.49502849999999, 43.739386499999995], [-79.494773, 43.739275], [-79.494653, 43.739081], [-79.49472, 43.738865], [-79.49471, 43.738674], [-79.494662, 43.73847], [-79.494558, 43.738249], [-79.49437, 43.738117], [-79.49423, 43.737826], [-79.494274, 43.737766], [-79.494304, 43.737688], [-79.494382, 43.737558], [-79.494487, 43.73743], [-79.494551, 43.737233], [-79.494533, 43.737], [-79.494409, 43.73686]]}}, {"type": "Feature", "properties": {"name": "Black Creek", "class": "River", "covered": true}, "geometry": {"type": "LineString", "coordinates": [[-79.506751, 43.75679], [-79.50667, 43.756669]]}}, {"type": "Feature", "properties": {"name": "Don River E Branch", "class": "River", "covered": true}, "geometry": {"type": "LineString", "coordinates": [[-79.371846, 43.805918], [-79.372043, 43.805896], [-79.372233, 43.805883], [-79.372442, 43.805901], [-79.372643, 43.805878], [-79.372849, 43.805834], [-79.373008, 43.805744], [-79.373076, 43.805622], [-79.373091, 43.805582], [-79.373375, 43.805429], [-79.373494, 43.805312], [-79.373582, 43.805213], [-79.37362, 43.805097], [-79.373582, 43.804961], [-79.373536, 43.804849], [-79.373459, 43.804795], [-79.373453, 43.804777], [-79.373425, 43.804655], [-79.373498, 43.804538], [-79.373589, 43.804435], [-79.373641, 43.804331], [-79.373583, 43.804214], [-79.373455, 43.804133], [-79.373286, 43.804079], [-79.373127, 43.80402], [-79.373032, 43.803899], [-79.372981, 43.803773], [-79.372841, 43.80366], [-79.372727, 43.803516], [-79.372695, 43.803367], [-79.372786, 43.803228], [-79.372973, 43.803138], [-79.373103, 43.803048], [-79.3732, 43.802945], [-79.373322, 43.802832], [-79.373485, 43.802783], [-79.373602, 43.802855], [-79.373592, 43.802977], [-79.373682, 43.803062]]}}, {"type": "Feature", "properties": {"name": "Don River E Branch", "class": "River", "covered": true}, "geometry": {"type": "LineString", "coordinates": [[-79.373682, 43.803062], [-79.373701, 43.80308], [-79.373866, 43.803153], [-79.374057, 43.803202], [-79.374237, 43.80318], [-79.374403, 43.803122], [-79.374513, 43.803014], [-79.374566, 43.802892], [-79.374695, 43.802807], [-79.374891, 43.802753], [-79.375062, 43.802654], [-79.375194, 43.802524], [-79.375336, 43.802403], [-79.37549, 43.802299], [-79.375636, 43.802182], [-79.375738, 43.802081]]}}, {"type": "Feature", "properties": {"name": "Don River E Branch", "class": "River", "covered": true}, "geometry": {"type": "LineString", "coordinates": [[-79.38215, 43.79679], [-79.382109, 43.796718], [-79.382093, 43.796629], [-79.382036, 43.796542], [-79.381937, 43.796452], [-79.381764, 43.796344], [-79.381571, 43.796232], [-79.381395, 43.796111]]}}, {"type": "Feature", "properties": {"name": "Don River E Branch", "class": "River", "covered": true}, "geometry": {"type": "LineString", "coordinates": [[-79.381395, 43.796111], [-79.381389, 43.796106], [-79.381238, 43.796007], [-79.38109, 43.795911], [-79.380938, 43.795815], [-79.380556, 43.795607]]}}, {"type": "Feature", "properties": {"name": "Humber Creek", "class": "River", "covered": true}, "geometry": {"type": "LineString", "coordinates": [[-79.514983, 43.689836], [-79.514863, 43.689906], [-79.514748, 43.689979]]}}, {"type": "Feature", "properties": {"name": "Etobicoke Creek", "class": "River", "covered": true}, "geometry": {"type": "LineString", "coordinates": [[-79.543862, 43.586682], [-79.543726, 43.586592], [-79.543531, 43.586453], [-79.543321, 43.586318], [-79.543126, 43.586201], [-79.542917, 43.586053], [-79.542712, 43.585913], [-79.542509, 43.585792], [-79.542305, 43.585652], [-79.542118, 43.585526], [-79.541924, 43.585391], [-79.541748, 43.585247], [-79.541589, 43.585108], [-79.54144, 43.584968], [-79.541312, 43.584856], [-79.541203, 43.584748], [-79.541138, 43.584689], [-79.541104, 43.584638]]}}, {"type": "Feature", "properties": {"name": "Don River E Branch", "class": "River", "covered": true}, "geometry": {"type": "LineString", "coordinates": [[-79.370457, 43.777716], [-79.370371, 43.777531], [-79.370315, 43.777329], [-79.370225, 43.777153], [-79.370084, 43.777045], [-79.369885, 43.777045], [-79.369653, 43.777049], [-79.369419, 43.777022], [-79.369285, 43.776886], [-79.369239, 43.776711], [-79.369231, 43.776526], [-79.369323, 43.776373], [-79.36954, 43.776266], [-79.36977, 43.776194], [-79.369976, 43.776073], [-79.370127, 43.775897], [-79.370095, 43.775722], [-79.369933, 43.775577], [-79.369708, 43.775546], [-79.369476, 43.775599], [-79.369239, 43.775667], [-79.369162, 43.775703]]}}, {"type": "Feature", "properties": {"name": "Humber Creek", "class": "River", "covered": true}, "geometry": {"type": "LineString", "coordinates": [[-79.514748, 43.689979], [-79.51467, 43.69003], [-79.514444, 43.690145], [-79.514182, 43.690248], [-79.513945, 43.690326], [-79.513643, 43.690385], [-79.5133265, 43.690450999999996], [-79.51301, 43.690517]]}}, {"type": "Feature", "properties": {"name": "Etobicoke Creek", "class": "River", "covered": true}, "geometry": {"type": "LineString", "coordinates": [[-79.546407, 43.58893], [-79.546302, 43.588851], [-79.546123, 43.588711], [-79.545941, 43.588576], [-79.545797, 43.588437], [-79.545687, 43.588252], [-79.545554, 43.588068], [-79.54541, 43.587892], [-79.545225, 43.587735], [-79.545037, 43.587573], [-79.544853, 43.587407], [-79.544661, 43.587258], [-79.544476, 43.587101], [-79.544282, 43.586966], [-79.544101, 43.586849], [-79.54391, 43.586714], [-79.543862, 43.586682]]}}, {"type": "Feature", "properties": {"name": "Don River E Branch", "class": "River", "covered": true}, "geometry": {"type": "LineString", "coordinates": [[-79.369162, 43.775703], [-79.369023, 43.77577], [-79.368855, 43.775896], [-79.368709, 43.776026], [-79.368489, 43.776075], [-79.368339, 43.775963], [-79.368238, 43.775809], [-79.368147, 43.775714]]}}, {"type": "Feature", "properties": {"name": "Mimico Creek", "class": "River", "covered": true}, "geometry": {"type": "LineString", "coordinates": [[-79.52434, 43.64961], [-79.52426, 43.64953], [-79.523988, 43.649323], [-79.52375, 43.64908], [-79.523463, 43.648877], [-79.523119, 43.648747], [-79.522814, 43.648567], [-79.52253, 43.648347], [-79.522402, 43.648269]]}}, {"type": "Feature", "properties": {"name": "Mimico Creek", "class": "River", "covered": true}, "geometry": {"type": "LineString", "coordinates": [[-79.521423, 43.647895], [-79.5211, 43.647793], [-79.520763, 43.647703], [-79.520407, 43.647631], [-79.520148, 43.647426], [-79.520045, 43.647384], [-79.519865, 43.647365], [-79.519607, 43.647388], [-79.519329, 43.647366], [-79.518963, 43.647326], [-79.518617, 43.647245], [-79.518298, 43.647101], [-79.517988, 43.646925], [-79.517684, 43.646732], [-79.517409, 43.646543], [-79.517171, 43.646286], [-79.517025, 43.64611]]}}, {"type": "Feature", "properties": {"name": "Massey Creek", "class": "River", "covered": true}, "geometry": {"type": "LineString", "coordinates": [[-79.330787, 43.701639], [-79.330934, 43.701643], [-79.331303, 43.701657], [-79.331614, 43.701764], [-79.331819, 43.701985], [-79.331864, 43.702241], [-79.331892, 43.702532], [-79.331986, 43.702797], [-79.332119, 43.703037], [-79.33223, 43.703123], [-79.332354, 43.70322]]}}, {"type": "Feature", "properties": {"name": "Massey Creek", "class": "River", "covered": true}, "geometry": {"type": "LineString", "coordinates": [[-79.328987, 43.701547], [-79.329288, 43.701624], [-79.329653, 43.701669], [-79.32999, 43.701636], [-79.330286, 43.701569], [-79.330606, 43.701634], [-79.330787, 43.701639]]}}, {"type": "Feature", "properties": {"name": "Don River W Branch", "class": "River", "covered": true}, "geometry": {"type": "LineString", "coordinates": [[-79.461406, 43.771493], [-79.461388, 43.771497], [-79.461189, 43.771544]]}}, {"type": "Feature", "properties": {"name": "Don River W Branch", "class": "River", "covered": false}, "geometry": {"type": "LineString", "coordinates": [[-79.461189, 43.771544], [-79.460966, 43.771595], [-79.460756, 43.7716]]}}, {"type": "Feature", "properties": {"name": "Don River W Branch", "class": "River", "covered": true}, "geometry": {"type": "LineString", "coordinates": [[-79.460756, 43.7716], [-79.46053, 43.771632], [-79.460316, 43.771635], [-79.460085, 43.771629], [-79.459853, 43.771632], [-79.459614, 43.771654], [-79.45934, 43.771676], [-79.459028, 43.771684], [-79.45878300000001, 43.771600500000005], [-79.458538, 43.771517], [-79.458336, 43.771374], [-79.458119, 43.771299], [-79.457874, 43.771343], [-79.45769, 43.771473], [-79.457549, 43.771602], [-79.457363, 43.771681], [-79.457189, 43.771745], [-79.456992, 43.77183], [-79.456815, 43.771906], [-79.456661, 43.77198], [-79.456465, 43.772058], [-79.456243, 43.77203], [-79.456103, 43.771887], [-79.456027, 43.771704], [-79.456082, 43.771514], [-79.456123, 43.771383], [-79.456118, 43.771335], [-79.456057, 43.77125]]}}, {"type": "Feature", "properties": {"name": "Don River W Branch", "class": "River", "covered": false}, "geometry": {"type": "LineString", "coordinates": [[-79.462974, 43.771655], [-79.462797, 43.771586], [-79.462527, 43.771522], [-79.462274, 43.771483]]}}, {"type": "Feature", "properties": {"name": "Don River W Branch", "class": "River", "covered": true}, "geometry": {"type": "LineString", "coordinates": [[-79.462274, 43.771483], [-79.462031, 43.771467], [-79.461839, 43.771446], [-79.461687, 43.771439], [-79.461535, 43.771463], [-79.461406, 43.771493]]}}, {"type": "Feature", "properties": {"name": "Humber River", "class": "River", "covered": true}, "geometry": {"type": "LineString", "coordinates": [[-79.471229, 43.631699], [-79.47133, 43.631783]]}}, {"type": "Feature", "properties": {"name": "Don River E Branch", "class": "River", "covered": true}, "geometry": {"type": "LineString", "coordinates": [[-79.330555, 43.73979], [-79.330441, 43.739638], [-79.330278, 43.739381], [-79.330154, 43.739133], [-79.330111, 43.738872], [-79.330139, 43.738629], [-79.330244, 43.738391], [-79.330423, 43.738188], [-79.330663, 43.738], [-79.330884, 43.737802], [-79.331089, 43.737627], [-79.331236, 43.737452], [-79.331431, 43.737285], [-79.331528, 43.737156], [-79.331557, 43.737092], [-79.331545, 43.736953], [-79.331515, 43.7369], [-79.331479, 43.736857], [-79.331299, 43.736732], [-79.331024, 43.736587], [-79.330799, 43.736408], [-79.330675, 43.736283], [-79.330659, 43.736242], [-79.330659, 43.736188], [-79.330682, 43.73615], [-79.330851, 43.735934], [-79.330997, 43.735714], [-79.331127, 43.735503], [-79.331191, 43.73526], [-79.331114, 43.734976], [-79.330977, 43.734719], [-79.330687, 43.734507], [-79.330448, 43.734358]]}}, {"type": "Feature", "properties": {"name": "West Highland Creek", "class": "River", "covered": true}, "geometry": {"type": "LineString", "coordinates": [[-79.3043, 43.81687], [-79.30436133333333, 43.816692333333336], [-79.30442266666667, 43.81651466666666], [-79.304484, 43.816337], [-79.304496, 43.816309], [-79.304588, 43.81607], [-79.304702, 43.815835], [-79.30484, 43.815621], [-79.304926, 43.815541], [-79.305039, 43.815436], [-79.305294, 43.815281], [-79.305547, 43.815143], [-79.305785, 43.814994], [-79.30598, 43.8148], [-79.306029, 43.814579], [-79.305988, 43.814362], [-79.305952, 43.814136], [-79.306034, 43.813908], [-79.306149, 43.813727], [-79.306247, 43.813589]]}}, {"type": "Feature", "properties": {"name": "Don River E Branch", "class": "River", "covered": true}, "geometry": {"type": "LineString", "coordinates": [[-79.330448, 43.734358], [-79.330384, 43.734318], [-79.330371, 43.734311], [-79.330061, 43.734146], [-79.329743, 43.734015], [-79.329397, 43.733934], [-79.329074, 43.733978], [-79.328811, 43.73414], [-79.328515, 43.734234], [-79.328196, 43.734143], [-79.32793, 43.733927], [-79.327729, 43.733661], [-79.327687, 43.733369], [-79.327658, 43.733076], [-79.327428, 43.732932], [-79.32712, 43.732945], [-79.326828, 43.732773], [-79.32682, 43.732764]]}}, {"type": "Feature", "properties": {"name": "Mimico Creek", "class": "River", "covered": true}, "geometry": {"type": "LineString", "coordinates": [[-79.525344, 43.65038], [-79.525306, 43.650353], [-79.525022, 43.650173], [-79.524742, 43.64998], [-79.524495, 43.649768], [-79.52434, 43.64961]]}}, {"type": "Feature", "properties": {"name": "Black Creek", "class": "River", "covered": true}, "geometry": {"type": "LineString", "coordinates": [[-79.514352, 43.76996], [-79.514309, 43.769995], [-79.513883, 43.770134], [-79.513629, 43.77012], [-79.513396, 43.770067], [-79.513156, 43.770028], [-79.512923, 43.77001], [-79.51246, 43.769906], [-79.512253, 43.769799], [-79.512186, 43.769639], [-79.512322, 43.769342], [-79.512207, 43.769193], [-79.511991, 43.769155], [-79.511901, 43.769211], [-79.511841, 43.76907], [-79.511743, 43.768933], [-79.511644, 43.76885], [-79.511441, 43.768828], [-79.511234, 43.768783], [-79.511266, 43.768633], [-79.511357, 43.768474], [-79.511336, 43.768313], [-79.511177, 43.768213], [-79.510961, 43.768167], [-79.510985, 43.768019], [-79.510935, 43.76788], [-79.51077, 43.767759], [-79.510653, 43.767611], [-79.510515, 43.7675], [-79.51039, 43.767506], [-79.510301, 43.767585], [-79.510134, 43.767505], [-79.510053, 43.767341], [-79.510159, 43.767276], [-79.510334, 43.767272], [-79.510352, 43.767154], [-79.510008, 43.767154], [-79.509856, 43.767075], [-79.509848, 43.766956], [-79.509913, 43.766753], [-79.509499, 43.766854], [-79.509334, 43.766771], [-79.509292, 43.766614], [-79.50933, 43.766472], [-79.509256, 43.766303], [-79.509115, 43.766155], [-79.509069, 43.76601], [-79.50902, 43.765851], [-79.508891, 43.765755], [-79.5087, 43.765731], [-79.508585, 43.765626], [-79.508388, 43.765519], [-79.508174, 43.765426], [-79.50797, 43.765304], [-79.507786, 43.765184], [-79.507611, 43.765066], [-79.507461, 43.764941], [-79.507383, 43.764749], [-79.507211, 43.764595], [-79.507213, 43.764479]]}}, {"type": "Feature", "properties": {"name": "Black Creek", "class": "River", "covered": true}, "geometry": {"type": "LineString", "coordinates": [[-79.507213, 43.764479], [-79.507215, 43.764403], [-79.507171, 43.764206], [-79.507256, 43.764063], [-79.507305, 43.763929], [-79.507313, 43.763782], [-79.507309, 43.763638], [-79.507362, 43.76349], [-79.50738, 43.763331], [-79.50745, 43.763237], [-79.50763, 43.76324], [-79.507832, 43.763295], [-79.508031, 43.763335], [-79.508226, 43.763277], [-79.508402, 43.763149], [-79.508454, 43.762991], [-79.508455, 43.762985], [-79.508466, 43.762842], [-79.508383, 43.762768], [-79.508195, 43.762792], [-79.508152, 43.76274]]}}, {"type": "Feature", "properties": {"name": "Etobicoke Creek", "class": "River", "covered": true}, "geometry": {"type": "LineString", "coordinates": [[-79.593747, 43.64426], [-79.593712, 43.644283], [-79.593677, 43.644306], [-79.593509, 43.644405], [-79.593307, 43.644509], [-79.593119, 43.644585], [-79.592905, 43.644649], [-79.592669, 43.644694], [-79.592453, 43.644717], [-79.592221, 43.64469], [-79.592023, 43.644645], [-79.59181, 43.644605], [-79.59164, 43.644542], [-79.591497, 43.644474]]}}, {"type": "Feature", "properties": {"name": "Black Creek", "class": "River", "covered": true}, "geometry": {"type": "LineString", "coordinates": [[-79.506066, 43.757157], [-79.506178, 43.757124], [-79.506149, 43.756989], [-79.5061, 43.75685], [-79.506168, 43.756718], [-79.506478, 43.756769], [-79.50667, 43.756669]]}}, {"type": "Feature", "properties": {"name": "Taylor Creek", "class": "River", "covered": true}, "geometry": {"type": "LineString", "coordinates": [[-79.321373, 43.702424], [-79.321506, 43.702423], [-79.32184, 43.702404]]}}, {"type": "Feature", "properties": {"name": "Taylor Creek", "class": "River", "covered": true}, "geometry": {"type": "LineString", "coordinates": [[-79.321233, 43.702579], [-79.321317, 43.702487], [-79.321373, 43.702424]]}}, {"type": "Feature", "properties": {"name": "Wilket Creek", "class": "River", "covered": true}, "geometry": {"type": "LineString", "coordinates": [[-79.359347, 43.732316], [-79.359377, 43.732252], [-79.359406, 43.732202], [-79.359431, 43.732159], [-79.359449, 43.732123], [-79.359459, 43.732092], [-79.35946, 43.732064], [-79.359453, 43.732025], [-79.359447, 43.731978], [-79.359436, 43.731932], [-79.359426, 43.731901], [-79.35939, 43.731856], [-79.359332, 43.73182], [-79.359265, 43.731788], [-79.359179, 43.731755], [-79.359115, 43.731728], [-79.359052, 43.731685], [-79.358995, 43.731643], [-79.358947, 43.731607], [-79.358908, 43.731581], [-79.358864, 43.731573], [-79.358783, 43.731572], [-79.358685, 43.731576]]}}, {"type": "Feature", "properties": {"name": "Wilket Creek", "class": "River", "covered": true}, "geometry": {"type": "LineString", "coordinates": [[-79.359818, 43.733191], [-79.359738, 43.733194], [-79.359735, 43.733194], [-79.359643, 43.733207], [-79.359578, 43.733215], [-79.359475, 43.733225], [-79.359417, 43.733227], [-79.359353, 43.733219], [-79.359288, 43.733199], [-79.359244, 43.733174], [-79.359206, 43.733148], [-79.359186, 43.733126], [-79.359168, 43.733091], [-79.359134, 43.733022], [-79.359124, 43.732986], [-79.359116, 43.732933], [-79.359124, 43.732838], [-79.359138, 43.732764], [-79.359171, 43.732688], [-79.359201, 43.732624], [-79.359237, 43.732565], [-79.359268, 43.732501], [-79.359292, 43.73245], [-79.359316, 43.732401], [-79.359333, 43.732352], [-79.359347, 43.732316]]}}, {"type": "Feature", "properties": {"name": "Don River W Branch", "class": "River", "covered": true}, "geometry": {"type": "LineString", "coordinates": [[-79.348229, 43.716192], [-79.34797, 43.716158], [-79.347772, 43.716138], [-79.347612, 43.716135], [-79.34748, 43.716135], [-79.347293, 43.716129], [-79.347109, 43.716109], [-79.346908, 43.716087], [-79.346792, 43.716078], [-79.346679, 43.716072], [-79.346605, 43.716058], [-79.346542, 43.716028], [-79.346473, 43.715992], [-79.346429, 43.715956], [-79.346388, 43.715908], [-79.346371, 43.715858], [-79.346355, 43.715762], [-79.346347, 43.715688], [-79.34634, 43.7156]]}}, {"type": "Feature", "properties": {"name": "Black Creek", "class": "River", "covered": true}, "geometry": {"type": "LineString", "coordinates": [[-79.496731, 43.675495], [-79.496801, 43.675502], [-79.497011, 43.675525], [-79.497253, 43.675543], [-79.497481, 43.675561], [-79.497709, 43.675588], [-79.49795, 43.675606], [-79.498172, 43.675597], [-79.498405, 43.675583], [-79.498603, 43.675565], [-79.498805, 43.675507], [-79.498994, 43.67543], [-79.499276, 43.67531]]}}, {"type": "Feature", "properties": {"name": "Humber River", "class": "River", "covered": true}, "geometry": {"type": "LineString", "coordinates": [[-79.47133, 43.631783], [-79.47150325, 43.631929], [-79.4716765, 43.632075], [-79.47184974999999, 43.632221], [-79.472023, 43.632367], [-79.472226, 43.6324965], [-79.472429, 43.632626], [-79.472798, 43.632819], [-79.473057, 43.632926]]}}, {"type": "Feature", "properties": {"name": "Humber River", "class": "River", "covered": true}, "geometry": {"type": "LineString", "coordinates": [[-79.473057, 43.632926], [-79.47316, 43.632969]]}}, {"type": "Feature", "properties": {"name": "Don River E Branch", "class": "River", "covered": true}, "geometry": {"type": "LineString", "coordinates": [[-79.363941, 43.771513], [-79.3639, 43.771487], [-79.363874, 43.77147], [-79.363774, 43.771415], [-79.363729, 43.771382]]}}, {"type": "Feature", "properties": {"name": "Don River E Branch", "class": "River", "covered": true}, "geometry": {"type": "LineString", "coordinates": [[-79.363729, 43.771382], [-79.363675, 43.771342], [-79.36357, 43.771275], [-79.363484, 43.771211], [-79.363314, 43.771118], [-79.363186, 43.771043], [-79.363039, 43.770966], [-79.362919, 43.77089], [-79.362774, 43.770823], [-79.362656, 43.770763], [-79.362561, 43.770714], [-79.362444, 43.770668], [-79.362318, 43.770639], [-79.362196, 43.770605], [-79.362121, 43.770573], [-79.362029, 43.770509], [-79.361882, 43.770389], [-79.361766, 43.770295], [-79.361647, 43.770178], [-79.361522, 43.770082], [-79.361392, 43.770006], [-79.361274, 43.769932], [-79.361169, 43.769845], [-79.36108, 43.769748], [-79.360982, 43.769622], [-79.360905, 43.769453], [-79.360894, 43.769319], [-79.360904, 43.769196], [-79.360892, 43.769041], [-79.360866, 43.768865], [-79.360846, 43.768699], [-79.360847, 43.768542], [-79.360845, 43.76841], [-79.360823, 43.768275], [-79.360791, 43.768167], [-79.360714, 43.768042], [-79.360627, 43.767938], [-79.360527, 43.767834], [-79.36038, 43.767716], [-79.360226, 43.76759], [-79.36007, 43.767465], [-79.36, 43.767417], [-79.359923, 43.76736], [-79.359866, 43.767292], [-79.359841, 43.767249], [-79.35979, 43.76715], [-79.359743, 43.767048], [-79.359709, 43.766939]]}}, {"type": "Feature", "properties": {"name": "West Highland Creek", "class": "River", "covered": true}, "geometry": {"type": "LineString", "coordinates": [[-79.306664, 43.809406], [-79.306644, 43.809367], [-79.306586, 43.809254], [-79.306489, 43.809086], [-79.306414, 43.808888]]}}, {"type": "Feature", "properties": {"name": "West Highland Creek", "class": "River", "covered": true}, "geometry": {"type": "LineString", "coordinates": [[-79.306863, 43.80986], [-79.306777, 43.80965], [-79.306725, 43.809525], [-79.306664, 43.809406]]}}, {"type": "Feature", "properties": {"name": "Highland Creek", "class": "River", "covered": true}, "geometry": {"type": "LineString", "coordinates": [[-79.190613, 43.77885], [-79.190439, 43.778893], [-79.190091, 43.778978], [-79.189754, 43.779089], [-79.189464, 43.779252], [-79.189009, 43.779278], [-79.188568, 43.779251], [-79.188118, 43.779221], [-79.187671, 43.779177], [-79.187274, 43.779165], [-79.186897, 43.779278], [-79.18661, 43.779475], [-79.186466, 43.779758], [-79.186416, 43.780032], [-79.186375, 43.780294], [-79.186286, 43.780556], [-79.186176, 43.780787], [-79.185994, 43.780991], [-79.185788, 43.781073], [-79.185685, 43.781114], [-79.18528, 43.781085], [-79.18498, 43.780879], [-79.184663, 43.780658], [-79.184342, 43.780479], [-79.183969, 43.780352], [-79.183619, 43.780253], [-79.183256, 43.780213], [-79.183239, 43.780212]]}}, {"type": "Feature", "properties": {"name": "Burke Brook", "class": "Creek/Tributary", "covered": true}, "geometry": {"type": "LineString", "coordinates": [[-79.378575, 43.71904], [-79.37831249999999, 43.719120000000004], [-79.37805, 43.7192]]}}, {"type": "Feature", "properties": {"name": "Burke Brook", "class": "Creek/Tributary", "covered": true}, "geometry": {"type": "LineString", "coordinates": [[-79.37805, 43.7192], [-79.377912, 43.719242], [-79.377665, 43.719327], [-79.377404, 43.719462], [-79.377142, 43.71961], [-79.376933, 43.719777], [-79.376768, 43.719934], [-79.376632, 43.7201], [-79.376389, 43.72015], [-79.376091, 43.720082], [-79.375948, 43.719947], [-79.37579, 43.719892], [-79.375614, 43.719919], [-79.375284, 43.719901], [-79.375032, 43.719838], [-79.374767, 43.719806], [-79.374481, 43.719824], [-79.374231, 43.719909], [-79.373986, 43.720048], [-79.373778, 43.720178], [-79.37349, 43.720192], [-79.373241, 43.720209], [-79.372995, 43.720268], [-79.372762, 43.720249], [-79.372454, 43.720235], [-79.372125, 43.720231], [-79.371778, 43.720199], [-79.371418, 43.720194], [-79.371103, 43.720166], [-79.370744, 43.720135], [-79.370447, 43.720161], [-79.37015, 43.720197], [-79.369847, 43.720278], [-79.369621, 43.720417], [-79.369375, 43.720552], [-79.369172, 43.72066], [-79.369143, 43.720696], [-79.369074, 43.720884], [-79.369005, 43.721072], [-79.368967, 43.721113], [-79.368911, 43.72113], [-79.368666, 43.721122], [-79.368388, 43.721095], [-79.368102, 43.721099], [-79.367862, 43.721045], [-79.367726, 43.720888], [-79.367682, 43.720873], [-79.36757, 43.720886], [-79.367534, 43.720903], [-79.367416, 43.721031], [-79.367151, 43.721089], [-79.366896, 43.721057], [-79.366658, 43.720931], [-79.366398, 43.720836], [-79.366341, 43.720816]]}}, {"type": "Feature", "properties": {"name": "Burke Brook", "class": "Creek/Tributary", "covered": true}, "geometry": {"type": "LineString", "coordinates": [[-79.379893, 43.717953], [-79.379779, 43.718121], [-79.379657, 43.718306], [-79.379532, 43.71846], [-79.379385, 43.718578], [-79.379275, 43.718711], [-79.379218, 43.718795], [-79.3788965, 43.7189175], [-79.378575, 43.71904]]}}, {"type": "Feature", "properties": {"name": "Burke Brook", "class": "Creek/Tributary", "covered": true}, "geometry": {"type": "LineString", "coordinates": [[-79.382359, 43.716457], [-79.382275, 43.716561], [-79.38206, 43.716727], [-79.381844, 43.716936], [-79.381623, 43.717148], [-79.381379, 43.717361], [-79.381132, 43.717547], [-79.380835, 43.717661], [-79.380533, 43.717734], [-79.380294, 43.717788], [-79.380068, 43.717836], [-79.379893, 43.717952], [-79.379893, 43.717953]]}}, {"type": "Feature", "properties": {"name": "Mimico Creek", "class": "River", "covered": true}, "geometry": {"type": "LineString", "coordinates": [[-79.488071, 43.625314], [-79.488064, 43.62531], [-79.488031, 43.625289], [-79.487948, 43.625238], [-79.487918, 43.625225]]}}, {"type": "Feature", "properties": {"name": "East Highland Creek", "class": "River", "covered": true}, "geometry": {"type": "LineString", "coordinates": [[-79.275431, 43.809926], [-79.275355, 43.809832], [-79.27521100000001, 43.8096485], [-79.275067, 43.809465], [-79.274921, 43.8092815], [-79.274775, 43.809098], [-79.274625, 43.808910999999995], [-79.274475, 43.808724], [-79.2743235, 43.808539499999995], [-79.274172, 43.808355], [-79.274043, 43.808189], [-79.273914, 43.808023], [-79.27380500000001, 43.807839], [-79.273696, 43.807655], [-79.273583, 43.8074575], [-79.27347, 43.80726], [-79.27333200000001, 43.8070885], [-79.273194, 43.806917], [-79.27292, 43.80663]]}}, {"type": "Feature", "properties": {"name": "Massey Creek", "class": "River", "covered": true}, "geometry": {"type": "LineString", "coordinates": [[-79.308618, 43.764234], [-79.308552, 43.764239], [-79.308498, 43.76427], [-79.308437, 43.764309], [-79.30841, 43.764327], [-79.308337, 43.764335], [-79.308292, 43.764337], [-79.308228, 43.76437], [-79.308158, 43.764396], [-79.308058, 43.764412], [-79.308006, 43.764442], [-79.307976, 43.764469], [-79.307952, 43.76449], [-79.3079, 43.764504], [-79.307852, 43.764497], [-79.307791, 43.764477], [-79.307758, 43.764451], [-79.307719, 43.764418], [-79.307671, 43.764307]]}}, {"type": "Feature", "properties": {"name": "Massey Creek", "class": "River", "covered": true}, "geometry": {"type": "LineString", "coordinates": [[-79.27865, 43.732724], [-79.278536, 43.732671], [-79.278392, 43.732629], [-79.278061, 43.732588], [-79.277704, 43.732504], [-79.277343, 43.732392], [-79.277015, 43.732268], [-79.276682, 43.732141], [-79.276368, 43.732006], [-79.276086, 43.731836], [-79.275878, 43.731615], [-79.275635, 43.731406], [-79.275308, 43.731319], [-79.274936, 43.731245], [-79.274585, 43.731167], [-79.274318, 43.730998], [-79.274198, 43.730954], [-79.274122, 43.730913], [-79.274047, 43.730871], [-79.273961, 43.730828]]}}, {"type": "Feature", "properties": {"name": "Massey Creek", "class": "River", "covered": true}, "geometry": {"type": "LineString", "coordinates": [[-79.278903, 43.732862], [-79.27865, 43.732724]]}}, {"type": "Feature", "properties": {"name": "Little Rouge River", "class": "River", "covered": true}, "geometry": {"type": "LineString", "coordinates": [[-79.185598, 43.841499], [-79.185629, 43.84147], [-79.185743, 43.841268], [-79.185752, 43.841029], [-79.185712, 43.840899], [-79.185711, 43.840894], [-79.185653, 43.840736], [-79.185587, 43.840484], [-79.185523, 43.840259], [-79.185518, 43.840052], [-79.185521, 43.840046]]}}, {"type": "Feature", "properties": {"name": "Massey Creek", "class": "River", "covered": true}, "geometry": {"type": "LineString", "coordinates": [[-79.269791, 43.728635], [-79.269461, 43.728444]]}}, {"type": "Feature", "properties": {"name": "Massey Creek", "class": "River", "covered": true}, "geometry": {"type": "LineString", "coordinates": [[-79.278265, 43.712991], [-79.278297, 43.712981], [-79.278332, 43.712977]]}}, {"type": "Feature", "properties": {"name": "Don River", "class": "River", "covered": true}, "geometry": {"type": "LineString", "coordinates": [[-79.30446, 43.727917], [-79.304653, 43.727877], [-79.304828, 43.727778], [-79.30507, 43.727693], [-79.305211, 43.727657], [-79.305322, 43.72763], [-79.305554, 43.727617], [-79.30574, 43.727568], [-79.305974, 43.727519], [-79.306067, 43.727488]]}}, {"type": "Feature", "properties": {"name": "Don River", "class": "River", "covered": true}, "geometry": {"type": "LineString", "coordinates": [[-79.306067, 43.727488], [-79.306188, 43.727447], [-79.306414, 43.727353], [-79.3067535, 43.727245499999995], [-79.307093, 43.727138], [-79.307323, 43.727026], [-79.307486, 43.726914], [-79.307714, 43.726815], [-79.307901, 43.726694], [-79.308171, 43.726546], [-79.308441, 43.726398], [-79.308599, 43.726268], [-79.308679, 43.726136]]}}, {"type": "Feature", "properties": {"name": "Don River E Branch", "class": "River", "covered": true}, "geometry": {"type": "LineString", "coordinates": [[-79.309695, 43.725455], [-79.3099495, 43.725387999999995], [-79.310204, 43.725321], [-79.310281, 43.725303], [-79.310422, 43.725279]]}}, {"type": "Feature", "properties": {"name": "Don River", "class": "River", "covered": true}, "geometry": {"type": "LineString", "coordinates": [[-79.308679, 43.726136], [-79.308687, 43.726124], [-79.308746, 43.725994], [-79.308906, 43.725917], [-79.309076, 43.725841], [-79.309242, 43.725706], [-79.309405, 43.725594], [-79.309695, 43.725455]]}}, {"type": "Feature", "properties": {"name": "Don River E Branch", "class": "River", "covered": true}, "geometry": {"type": "LineString", "coordinates": [[-79.310422, 43.725279], [-79.310436, 43.725276], [-79.310605, 43.725299], [-79.31083, 43.725317], [-79.311118, 43.72521], [-79.311374, 43.724958], [-79.311533, 43.724742], [-79.311619, 43.724594]]}}, {"type": "Feature", "properties": {"name": "Wilket Creek", "class": "River", "covered": true}, "geometry": {"type": "LineString", "coordinates": [[-79.357151, 43.730314], [-79.357203, 43.730177], [-79.357225, 43.730103], [-79.357233, 43.730069], [-79.357235, 43.73004], [-79.357233, 43.730014], [-79.35722, 43.72998], [-79.357201, 43.729958], [-79.357173, 43.729934], [-79.357129, 43.729907], [-79.357091, 43.729888], [-79.357027, 43.729868], [-79.356947, 43.729866], [-79.356845, 43.729869], [-79.356531, 43.729885]]}}, {"type": "Feature", "properties": {"name": "Wilket Creek", "class": "River", "covered": true}, "geometry": {"type": "LineString", "coordinates": [[-79.352703, 43.721189], [-79.352704, 43.72118], [-79.352711, 43.721151]]}}, {"type": "Feature", "properties": {"name": "Don River", "class": "River", "covered": true}, "geometry": {"type": "LineString", "coordinates": [[-79.335418, 43.7032], [-79.335731, 43.703079], [-79.335951, 43.70299], [-79.336171, 43.702901], [-79.336589, 43.702714], [-79.336922, 43.702457], [-79.337087, 43.7023085], [-79.337252, 43.70216], [-79.3374775, 43.7020445], [-79.337703, 43.701929], [-79.337953, 43.701822], [-79.338203, 43.701715], [-79.3384245, 43.701601499999995], [-79.338646, 43.701488], [-79.3388665, 43.7013745], [-79.339087, 43.701261], [-79.339263, 43.701111], [-79.339439, 43.700961], [-79.33958200000001, 43.700793000000004], [-79.339725, 43.700625], [-79.3399115, 43.700463], [-79.340098, 43.700301], [-79.3402915, 43.700145500000005], [-79.340485, 43.69999], [-79.34070650000001, 43.699861], [-79.340928, 43.699732], [-79.3411515, 43.699597999999995], [-79.341375, 43.699464], [-79.341609, 43.699352000000005], [-79.341843, 43.69924], [-79.342107, 43.699187], [-79.342371, 43.699134], [-79.3426215, 43.699079499999996], [-79.342872, 43.699025], [-79.343084, 43.698916999999994], [-79.343296, 43.698809], [-79.343313, 43.698795]]}}, {"type": "Feature", "properties": {"name": "Etobicoke Creek", "class": "River", "covered": true}, "geometry": {"type": "LineString", "coordinates": [[-79.601989, 43.644126], [-79.6017376, 43.6440842], [-79.6014862, 43.644042400000004], [-79.6012348, 43.6440006], [-79.60098339999999, 43.6439588], [-79.600732, 43.643917], [-79.600495, 43.6439], [-79.600459, 43.643897]]}}, {"type": "Feature", "properties": {"name": "Etobicoke Creek", "class": "River", "covered": true}, "geometry": {"type": "LineString", "coordinates": [[-79.600459, 43.643897], [-79.600273, 43.643882], [-79.600036, 43.643859], [-79.599827, 43.643842], [-79.599622, 43.643792], [-79.599422, 43.643743], [-79.599219, 43.643689], [-79.599074, 43.643608], [-79.598934, 43.643532], [-79.598839, 43.643446], [-79.598787, 43.643365], [-79.598716, 43.64328], [-79.598614, 43.643204], [-79.598497, 43.643145], [-79.598377, 43.6431], [-79.598232, 43.643091], [-79.598066, 43.643114], [-79.597904, 43.64311], [-79.59771, 43.643092], [-79.59753, 43.643079], [-79.597319, 43.643074], [-79.597146, 43.643061], [-79.596938, 43.643057], [-79.596729, 43.643039], [-79.5965, 43.643061], [-79.596275, 43.643071], [-79.596065, 43.643102], [-79.595833, 43.643152], [-79.595628, 43.643206], [-79.595419, 43.643287], [-79.595239, 43.643378], [-79.595051, 43.643468], [-79.59487, 43.643585], [-79.594715, 43.643689], [-79.594536, 43.643779], [-79.594383, 43.643891], [-79.594206, 43.644004], [-79.59403, 43.644099], [-79.593846, 43.644193], [-79.593747, 43.64426]]}}, {"type": "Feature", "properties": {"name": "Black Creek", "class": "River", "covered": true}, "geometry": {"type": "LineString", "coordinates": [[-79.50667, 43.756669], [-79.506239, 43.75651], [-79.506074, 43.756426], [-79.50626, 43.756329], [-79.506495, 43.756339], [-79.506667, 43.756281], [-79.506817, 43.755998], [-79.506915, 43.75585], [-79.507154, 43.755783], [-79.507319, 43.755628], [-79.507447, 43.755473], [-79.507548, 43.755306], [-79.507641, 43.755115], [-79.507831, 43.754796], [-79.507891, 43.75465], [-79.507925, 43.754502], [-79.50796, 43.754341], [-79.508, 43.754194], [-79.508081, 43.754101], [-79.508273, 43.75406], [-79.508486, 43.754006], [-79.50866, 43.753926], [-79.508823, 43.753879], [-79.509011, 43.753885], [-79.50923, 43.753897], [-79.509448, 43.753861], [-79.509657, 43.753806], [-79.509683, 43.753668], [-79.509607, 43.753541], [-79.509615, 43.753488], [-79.509625, 43.753429], [-79.509495, 43.753324], [-79.509459, 43.753211], [-79.509351, 43.753101], [-79.509459, 43.752998], [-79.509616, 43.752984], [-79.509752, 43.752952], [-79.509853, 43.752797], [-79.509961, 43.752656], [-79.510025, 43.752485], [-79.509982, 43.75228], [-79.509936, 43.752079], [-79.509908, 43.751885], [-79.509844, 43.751689], [-79.509739, 43.751472], [-79.509656, 43.751278], [-79.509537, 43.751162], [-79.509381, 43.751081], [-79.509251, 43.751022], [-79.509113, 43.751021], [-79.508872, 43.750979], [-79.50859, 43.750936], [-79.508349, 43.750903], [-79.508107, 43.750825], [-79.507903, 43.750809], [-79.507675, 43.750863], [-79.507428, 43.750889], [-79.507264, 43.750786], [-79.507327, 43.750679], [-79.507427, 43.750641], [-79.507481, 43.750635], [-79.507516, 43.750628], [-79.507531, 43.750615], [-79.507546, 43.750589], [-79.507553, 43.750554], [-79.507541, 43.750497], [-79.507521, 43.750372]]}}, {"type": "Feature", "properties": {"name": "Mimico Creek", "class": "River", "covered": true}, "geometry": {"type": "LineString", "coordinates": [[-79.522402, 43.648269], [-79.522216, 43.648162], [-79.522171, 43.648144]]}}, {"type": "Feature", "properties": {"name": "Mimico Creek", "class": "River", "covered": true}, "geometry": {"type": "LineString", "coordinates": [[-79.522171, 43.648144], [-79.521876, 43.648027], [-79.521484, 43.647915], [-79.521423, 43.647895]]}}, {"type": "Feature", "properties": {"name": "Humber River", "class": "River", "covered": true}, "geometry": {"type": "LineString", "coordinates": [[-79.505522, 43.662805], [-79.505767, 43.662909], [-79.506166, 43.663012], [-79.506601, 43.663017], [-79.5068445, 43.662965], [-79.507088, 43.662913], [-79.507499, 43.662787], [-79.50772, 43.6627015], [-79.507941, 43.662616], [-79.508374, 43.662481], [-79.50860800000001, 43.662397999999996], [-79.508842, 43.662315], [-79.50906599999999, 43.662217999999996], [-79.50929, 43.662121], [-79.5095365, 43.66206], [-79.509783, 43.661999], [-79.510247, 43.661936], [-79.510576, 43.661968], [-79.510981, 43.662049], [-79.511084, 43.662067], [-79.511303, 43.662121], [-79.511494, 43.662202], [-79.511535, 43.662224], [-79.511688, 43.662305], [-79.511695, 43.662309]]}}, {"type": "Feature", "properties": {"name": "Don River E Branch", "class": "River", "covered": true}, "geometry": {"type": "LineString", "coordinates": [[-79.376687, 43.792873], [-79.376666, 43.792787], [-79.376685, 43.792696], [-79.376722, 43.792645], [-79.376757, 43.792589]]}}, {"type": "Feature", "properties": {"name": "Mimico Creek", "class": "River", "covered": true}, "geometry": {"type": "LineString", "coordinates": [[-79.493642, 43.630435], [-79.493475, 43.630162], [-79.49338399999999, 43.629988], [-79.493293, 43.629814], [-79.4932065, 43.6296145], [-79.49312, 43.629415], [-79.493082, 43.62914], [-79.493065, 43.629034]]}}, {"type": "Feature", "properties": {"name": "Mimico Creek", "class": "River", "covered": true}, "geometry": {"type": "LineString", "coordinates": [[-79.493065, 43.629034], [-79.49302, 43.628759], [-79.4929, 43.628469]]}}, {"type": "Feature", "properties": {"name": "Etobicoke Creek", "class": "River", "covered": true}, "geometry": {"type": "LineString", "coordinates": [[-79.565657, 43.608668], [-79.565547, 43.608641], [-79.565332, 43.608568], [-79.56505, 43.608473], [-79.564804, 43.608383], [-79.564668, 43.608249], [-79.564633, 43.608105], [-79.564611, 43.607947], [-79.564638, 43.607803], [-79.564732, 43.607641], [-79.564853, 43.607506], [-79.564905, 43.607348], [-79.564873, 43.607218], [-79.564705, 43.607105], [-79.564493, 43.607042]]}}, {"type": "Feature", "properties": {"name": "Massey Creek", "class": "River", "covered": true}, "geometry": {"type": "LineString", "coordinates": [[-79.297107, 43.697402], [-79.297504, 43.697439]]}}, {"type": "Feature", "properties": {"name": "Massey Creek", "class": "River", "covered": true}, "geometry": {"type": "LineString", "coordinates": [[-79.290959, 43.697656], [-79.291057, 43.697636], [-79.291163, 43.697625], [-79.291271, 43.697621], [-79.291427, 43.697637], [-79.291646, 43.697665], [-79.291928, 43.697711], [-79.292279, 43.697733], [-79.292632, 43.697804], [-79.292873, 43.697867], [-79.293114, 43.69793], [-79.29335499999999, 43.697993], [-79.293596, 43.698056], [-79.293886, 43.697965], [-79.294143, 43.697833], [-79.294448, 43.697704], [-79.294752, 43.697634], [-79.295045, 43.697631], [-79.295349, 43.697573], [-79.295509, 43.697426], [-79.295722, 43.697347], [-79.296018, 43.697363], [-79.296069, 43.697363], [-79.2963285, 43.69737275], [-79.296588, 43.6973825], [-79.2968475, 43.69739225], [-79.297107, 43.697402]]}}, {"type": "Feature", "properties": {"name": "Black Creek", "class": "River", "covered": true}, "geometry": {"type": "LineString", "coordinates": [[-79.514631, 43.763443], [-79.514474, 43.763377], [-79.514234, 43.76325], [-79.514056, 43.763116], [-79.513861, 43.763014], [-79.513669, 43.76291], [-79.513483, 43.762737], [-79.51332, 43.76255], [-79.513143, 43.762383], [-79.512939, 43.762256], [-79.512864, 43.762229]]}}, {"type": "Feature", "properties": {"name": "Etobicoke Creek", "class": "River", "covered": true}, "geometry": {"type": "LineString", "coordinates": [[-79.56376, 43.627026], [-79.56373, 43.62698], [-79.563684, 43.626909], [-79.563617, 43.626786], [-79.563564, 43.626675], [-79.563504, 43.626547], [-79.563461, 43.626442], [-79.56344, 43.626309], [-79.56345, 43.626162], [-79.563472, 43.626109], [-79.563496, 43.626016], [-79.563537, 43.625892], [-79.563574, 43.625757], [-79.563605, 43.625645], [-79.563581, 43.625411], [-79.563557, 43.625177], [-79.563564, 43.625028], [-79.563602, 43.624888], [-79.563698, 43.624753], [-79.563803, 43.624627], [-79.563936, 43.624497], [-79.564085, 43.624416], [-79.564262, 43.624389], [-79.564458, 43.624442], [-79.564679, 43.624505], [-79.564881, 43.624577], [-79.565086, 43.624582], [-79.565265, 43.624505], [-79.565428, 43.62437], [-79.565534, 43.624208], [-79.565612, 43.624041], [-79.56565, 43.623893], [-79.565677, 43.62374], [-79.565716, 43.623555], [-79.565753, 43.623379], [-79.565764, 43.623195], [-79.565797, 43.623019], [-79.565865, 43.622848], [-79.565899, 43.622682], [-79.565904, 43.622524], [-79.565842, 43.622362], [-79.565747, 43.622223], [-79.565655, 43.622065], [-79.565583, 43.621917], [-79.565549, 43.621777], [-79.565581, 43.621624], [-79.565653, 43.62148], [-79.56581, 43.621363], [-79.565993, 43.621264], [-79.566214, 43.621174], [-79.566447, 43.621088], [-79.566652, 43.620989], [-79.566819, 43.620867], [-79.566907, 43.620705], [-79.566926, 43.620552], [-79.566874, 43.620408], [-79.56684, 43.620327], [-79.566831, 43.620305], [-79.56683, 43.620291], [-79.566809, 43.620183], [-79.566768, 43.620071], [-79.566745, 43.619931], [-79.566738, 43.619801], [-79.566735, 43.619643], [-79.566722, 43.61949], [-79.566716, 43.619315], [-79.566736, 43.619162], [-79.56679, 43.619009], [-79.566824, 43.618865], [-79.566775, 43.618721], [-79.566738, 43.618559], [-79.566684, 43.61841], [-79.566618, 43.618253], [-79.566567, 43.618104], [-79.56651, 43.617951], [-79.566545, 43.617816], [-79.566613, 43.617667], [-79.566696, 43.617541], [-79.56683, 43.617411], [-79.566969, 43.617289], [-79.567148, 43.61719], [-79.567341, 43.617122], [-79.567551, 43.617041], [-79.567721, 43.616915], [-79.567851, 43.61678], [-79.567862, 43.616623], [-79.56783, 43.616488], [-79.567818, 43.616326], [-79.567826, 43.616186], [-79.567861, 43.616015], [-79.567906, 43.615871], [-79.567943, 43.615713], [-79.568, 43.615574], [-79.568076, 43.615412], [-79.568129, 43.615263], [-79.568182, 43.615101], [-79.568216, 43.614962], [-79.568221, 43.614906]]}}, {"type": "Feature", "properties": {"name": "Etobicoke Creek", "class": "River", "covered": true}, "geometry": {"type": "LineString", "coordinates": [[-79.568221, 43.614906], [-79.568228, 43.614809], [-79.568279, 43.614674], [-79.568339, 43.614502], [-79.568354, 43.614367], [-79.568294, 43.614223], [-79.568188, 43.61412], [-79.568041, 43.613999], [-79.56796, 43.613941]]}}, {"type": "Feature", "properties": {"name": "Don River", "class": "River", "covered": true}, "geometry": {"type": "LineString", "coordinates": [[-79.358172, 43.695389], [-79.358453, 43.695475]]}}, {"type": "Feature", "properties": {"name": "Don River", "class": "River", "covered": true}, "geometry": {"type": "LineString", "coordinates": [[-79.363574, 43.683144], [-79.36379, 43.683064], [-79.364253, 43.682934], [-79.364653, 43.682741], [-79.36484300000001, 43.682624000000004], [-79.365033, 43.682507], [-79.36522099999999, 43.6823745], [-79.365409, 43.682242], [-79.36561950000001, 43.6821165], [-79.36583, 43.681991], [-79.365998, 43.681855999999996], [-79.366166, 43.681721], [-79.366368, 43.681397], [-79.366356, 43.681214999999995], [-79.366344, 43.681033], [-79.366226, 43.680862000000005], [-79.366108, 43.680691], [-79.365906, 43.6805285], [-79.365704, 43.680366], [-79.365628, 43.680307]]}}, {"type": "Feature", "properties": {"name": "Don River", "class": "River", "covered": true}, "geometry": {"type": "LineString", "coordinates": [[-79.358453, 43.695475], [-79.35846, 43.695477], [-79.358835, 43.695546], [-79.359237, 43.695522], [-79.359629, 43.695428], [-79.359849, 43.695356]]}}, {"type": "Feature", "properties": {"name": "Don River E Branch", "class": "River", "covered": true}, "geometry": {"type": "LineString", "coordinates": [[-79.399923, 43.786868], [-79.39968, 43.786919], [-79.399461, 43.78697], [-79.399319, 43.787052], [-79.399245, 43.787179], [-79.399219, 43.787334], [-79.399094, 43.787409], [-79.398909, 43.787511], [-79.398735, 43.787613], [-79.398598, 43.787679], [-79.398453, 43.787648], [-79.398281, 43.787572], [-79.398083, 43.787544], [-79.397879, 43.787507], [-79.397837, 43.787477], [-79.397826, 43.787461], [-79.397788, 43.787342], [-79.397771, 43.787287], [-79.397758, 43.787252]]}}, {"type": "Feature", "properties": {"name": "Black Creek", "class": "River", "covered": true}, "geometry": {"type": "LineString", "coordinates": [[-79.512864, 43.762229], [-79.512762, 43.762191], [-79.512694, 43.762166], [-79.512522, 43.762069], [-79.512465, 43.762037], [-79.512291, 43.761863], [-79.512282, 43.76183]]}}, {"type": "Feature", "properties": {"name": "East Highland Creek", "class": "River", "covered": false}, "geometry": {"type": "LineString", "coordinates": [[-79.264111, 43.817746], [-79.264072, 43.817715], [-79.26399, 43.817543], [-79.263916, 43.817291], [-79.26381, 43.817048], [-79.263698, 43.816764], [-79.2636, 43.816503], [-79.263486, 43.816228], [-79.263363, 43.815967], [-79.26322, 43.815715], [-79.263014, 43.815548], [-79.262732, 43.815435], [-79.262414, 43.815317], [-79.262118, 43.815208], [-79.262017, 43.815125], [-79.261904, 43.815032], [-79.261755, 43.814798], [-79.261624, 43.814496], [-79.261511, 43.814217], [-79.261437, 43.814005]]}}, {"type": "Feature", "properties": {"name": "East Highland Creek", "class": "River", "covered": true}, "geometry": {"type": "LineString", "coordinates": [[-79.261437, 43.814005], [-79.261305, 43.813836]]}}, {"type": "Feature", "properties": {"name": "Humber River", "class": "River", "covered": true}, "geometry": {"type": "LineString", "coordinates": [[-79.474245, 43.633436], [-79.474356, 43.633477], [-79.474449, 43.633522], [-79.474703, 43.633647]]}}, {"type": "Feature", "properties": {"name": "Black Creek", "class": "River", "covered": true}, "geometry": {"type": "LineString", "coordinates": [[-79.51477, 43.763514], [-79.514723, 43.763482], [-79.514631, 43.763443]]}}, {"type": "Feature", "properties": {"name": "Black Creek", "class": "River", "covered": true}, "geometry": {"type": "LineString", "coordinates": [[-79.516815, 43.765158], [-79.516755, 43.765119], [-79.516564, 43.765051], [-79.516342, 43.764948], [-79.516197, 43.764804], [-79.516066, 43.764603], [-79.515936, 43.764405], [-79.515778, 43.764222], [-79.515605, 43.76407], [-79.515399, 43.763955], [-79.515171, 43.763812], [-79.514952, 43.763638], [-79.51477, 43.763514]]}}, {"type": "Feature", "properties": {"name": "Massey Creek", "class": "River", "covered": true}, "geometry": {"type": "LineString", "coordinates": [[-79.302475, 43.697746], [-79.302604, 43.69776], [-79.302634, 43.697764], [-79.302996, 43.697813], [-79.303341, 43.697922], [-79.303619, 43.698093], [-79.303872, 43.698305], [-79.304138, 43.698485], [-79.304192, 43.698513], [-79.304276, 43.698564], [-79.304527, 43.698667], [-79.3048, 43.698765], [-79.30508633333334, 43.698872], [-79.30537266666667, 43.698979], [-79.305659, 43.699086], [-79.305732, 43.699108], [-79.306137, 43.699098], [-79.30614, 43.699099], [-79.306173, 43.699102]]}}, {"type": "Feature", "properties": {"name": "Don River E Branch", "class": "River", "covered": true}, "geometry": {"type": "LineString", "coordinates": [[-79.38658, 43.781852], [-79.386523, 43.781752], [-79.386508, 43.781612], [-79.38654, 43.781509], [-79.386519, 43.781365], [-79.386411, 43.781212], [-79.386254, 43.78114], [-79.386099, 43.781122], [-79.38596, 43.781036], [-79.385863, 43.780914], [-79.385822, 43.780802], [-79.385842, 43.780644], [-79.385757, 43.780491], [-79.385593, 43.780365], [-79.385412, 43.780257], [-79.38525, 43.78014], [-79.385062, 43.780018], [-79.384892, 43.779896], [-79.384734, 43.779819], [-79.384567, 43.779828], [-79.384415, 43.779882], [-79.384326, 43.779981], [-79.384228, 43.780066], [-79.38405, 43.780111], [-79.383848, 43.780071], [-79.383658, 43.779989], [-79.38348, 43.779904], [-79.383282, 43.779809], [-79.383202, 43.779665], [-79.383113, 43.779534], [-79.382993, 43.779422], [-79.382853, 43.779421], [-79.382727, 43.779498], [-79.382556, 43.779502], [-79.382477, 43.779426], [-79.382445, 43.779394], [-79.382358, 43.779317], [-79.382219, 43.779232], [-79.382141, 43.779173], [-79.381992, 43.779083], [-79.381988, 43.779082]]}}, {"type": "Feature", "properties": {"name": "Don River E Branch", "class": "River", "covered": true}, "geometry": {"type": "LineString", "coordinates": [[-79.392147, 43.785006], [-79.391904, 43.784862000000004], [-79.391661, 43.784718], [-79.391483, 43.784687], [-79.391274, 43.784659], [-79.39109, 43.784623], [-79.390887, 43.784583], [-79.390695, 43.78451], [-79.390469, 43.784434], [-79.390274, 43.784384], [-79.390094, 43.784339], [-79.389955, 43.784307], [-79.389827, 43.784334], [-79.389668, 43.784334], [-79.389474, 43.784298], [-79.389424, 43.784194], [-79.389507, 43.784073], [-79.389555, 43.783951], [-79.389502, 43.783852], [-79.389335, 43.783857], [-79.389185, 43.783852], [-79.389154, 43.783726], [-79.389055, 43.783622], [-79.388927, 43.783582], [-79.388823, 43.783645], [-79.38876, 43.783748], [-79.388608, 43.78377], [-79.388522, 43.783698], [-79.388496, 43.78359], [-79.388382, 43.783559], [-79.388237, 43.783576], [-79.388052, 43.783576], [-79.387954, 43.783495], [-79.387941, 43.783374], [-79.387804, 43.783265], [-79.387667, 43.783265], [-79.387538, 43.783247], [-79.38736, 43.783247], [-79.387197, 43.783161], [-79.387091, 43.783022], [-79.386949, 43.782909], [-79.386802, 43.782828], [-79.386711, 43.782688], [-79.386733, 43.782558], [-79.386715, 43.782418], [-79.38673, 43.782301], [-79.386792, 43.782184], [-79.386716, 43.782045], [-79.38661, 43.781905], [-79.38658, 43.781852]]}}, {"type": "Feature", "properties": {"name": "West Highland Creek", "class": "River", "covered": true}, "geometry": {"type": "LineString", "coordinates": [[-79.230762, 43.750154], [-79.230841, 43.750186], [-79.231024, 43.750303], [-79.231111, 43.750457], [-79.231142, 43.750669], [-79.231066, 43.750878], [-79.230871, 43.751043], [-79.230713, 43.751194], [-79.230657, 43.751246], [-79.230622, 43.751428], [-79.23065, 43.751633], [-79.230623, 43.751851]]}}, {"type": "Feature", "properties": {"name": "West Highland Creek", "class": "River", "covered": true}, "geometry": {"type": "LineString", "coordinates": [[-79.228646, 43.74955], [-79.229019, 43.749642], [-79.229313, 43.749705], [-79.22962, 43.749782], [-79.229896, 43.749862], [-79.230156, 43.749943], [-79.230384, 43.750016], [-79.230615, 43.750096], [-79.230762, 43.750154]]}}, {"type": "Feature", "properties": {"name": "West Highland Creek", "class": "River", "covered": true}, "geometry": {"type": "LineString", "coordinates": [[-79.230623, 43.751851], [-79.230632, 43.751934]]}}, {"type": "Feature", "properties": {"name": "Don River E Branch", "class": "River", "covered": true}, "geometry": {"type": "LineString", "coordinates": [[-79.397758, 43.787252], [-79.397688, 43.787147]]}}, {"type": "Feature", "properties": {"name": "Mimico Creek", "class": "River", "covered": true}, "geometry": {"type": "LineString", "coordinates": [[-79.569333, 43.672854], [-79.569311, 43.672784], [-79.569289, 43.672716], [-79.56928, 43.672691], [-79.569251, 43.672601], [-79.569245, 43.672581]]}}, {"type": "Feature", "properties": {"name": "West Highland Creek", "class": "River", "covered": true}, "geometry": {"type": "LineString", "coordinates": [[-79.239955, 43.747515], [-79.239827, 43.74765], [-79.239785, 43.747744]]}}, {"type": "Feature", "properties": {"name": "West Highland Creek", "class": "River", "covered": true}, "geometry": {"type": "LineString", "coordinates": [[-79.243231, 43.756003], [-79.243172, 43.755829], [-79.243147, 43.755778], [-79.243005, 43.755641], [-79.242791, 43.755647], [-79.242502, 43.755739], [-79.242169, 43.755677], [-79.241855, 43.75555], [-79.241539, 43.755405], [-79.241198, 43.755293], [-79.240937, 43.75522], [-79.240664, 43.755233], [-79.240422, 43.755147], [-79.240198, 43.755122], [-79.240111, 43.755113], [-79.239869, 43.754957], [-79.239681, 43.754793], [-79.239424, 43.75471], [-79.239142, 43.754615], [-79.238839, 43.754473], [-79.238542, 43.754329], [-79.238295, 43.754162], [-79.238237, 43.754133]]}}, {"type": "Feature", "properties": {"name": "West Highland Creek", "class": "River", "covered": true}, "geometry": {"type": "LineString", "coordinates": [[-79.238237, 43.754133], [-79.238191, 43.753938], [-79.238131, 43.753706], [-79.238015, 43.7535], [-79.237832, 43.753358], [-79.237588, 43.753393], [-79.237584, 43.753393]]}}, {"type": "Feature", "properties": {"name": "West Highland Creek", "class": "River", "covered": true}, "geometry": {"type": "LineString", "coordinates": [[-79.243393, 43.745349], [-79.243281, 43.745321], [-79.243034, 43.745264], [-79.24273, 43.745315], [-79.242461, 43.745336], [-79.242195, 43.745242], [-79.242117, 43.745233], [-79.241987, 43.745199], [-79.24181, 43.745147], [-79.241662, 43.745126], [-79.241512, 43.745154], [-79.241463, 43.745206], [-79.241398, 43.745263]]}}, {"type": "Feature", "properties": {"name": "Don River E Branch", "class": "River", "covered": true}, "geometry": {"type": "LineString", "coordinates": [[-79.329699, 43.760207], [-79.329693, 43.760088], [-79.329717, 43.759905], [-79.329804, 43.759716], [-79.329897, 43.759514], [-79.329998, 43.759291], [-79.330087, 43.75906], [-79.330194, 43.758863], [-79.3302, 43.758854], [-79.3302, 43.758853], [-79.330237, 43.758797], [-79.330266, 43.758755], [-79.33031, 43.758694]]}}, {"type": "Feature", "properties": {"name": "Wilket Creek", "class": "River", "covered": true}, "geometry": {"type": "LineString", "coordinates": [[-79.3619, 43.734158], [-79.361795, 43.734007], [-79.361696, 43.733901], [-79.361599, 43.733814], [-79.361564, 43.733795], [-79.361537, 43.73378], [-79.3615, 43.733767], [-79.361453, 43.733761], [-79.361416, 43.733754], [-79.361361, 43.733734], [-79.361304, 43.733697], [-79.361158, 43.733579], [-79.361081, 43.733538], [-79.361021, 43.733504], [-79.360968, 43.733461], [-79.360911, 43.733411], [-79.360857, 43.733373], [-79.360804, 43.733349], [-79.360715, 43.733327], [-79.360708, 43.733326], [-79.360611, 43.73331]]}}, {"type": "Feature", "properties": {"name": "Wilket Creek", "class": "River", "covered": true}, "geometry": {"type": "LineString", "coordinates": [[-79.360611, 43.73331], [-79.360556, 43.733322], [-79.360545, 43.733325], [-79.360501, 43.733337], [-79.360438, 43.733353], [-79.360393, 43.733361], [-79.360342, 43.733363], [-79.360308, 43.733361], [-79.360267, 43.733354], [-79.360228, 43.73334], [-79.360177, 43.733325], [-79.360133, 43.733307], [-79.360101, 43.733289], [-79.360069, 43.733267], [-79.360038, 43.733247], [-79.360004, 43.73323], [-79.359977, 43.73322], [-79.359818, 43.733191]]}}, {"type": "Feature", "properties": {"name": "Don River E Branch", "class": "River", "covered": true}, "geometry": {"type": "LineString", "coordinates": [[-79.332837, 43.763849], [-79.33281, 43.763817], [-79.332784, 43.763796], [-79.332598, 43.763649], [-79.332442, 43.763496], [-79.332247, 43.763359], [-79.332062, 43.763206], [-79.331894, 43.763034], [-79.331743, 43.762864], [-79.331642, 43.762693], [-79.331526, 43.762502], [-79.331451, 43.762344], [-79.331377, 43.762176], [-79.331359, 43.762137]]}}, {"type": "Feature", "properties": {"name": "Don River E Branch", "class": "River", "covered": true}, "geometry": {"type": "LineString", "coordinates": [[-79.333379, 43.764261], [-79.333333, 43.764223], [-79.333188, 43.764083], [-79.333034, 43.763974], [-79.333012, 43.76397], [-79.332989, 43.763966], [-79.332977, 43.763961], [-79.332963, 43.763955], [-79.332954, 43.763951], [-79.332948, 43.763945], [-79.332942, 43.763937], [-79.332936, 43.763932], [-79.332924, 43.763925], [-79.332915, 43.76392], [-79.33291, 43.763916], [-79.332907, 43.763912], [-79.332903, 43.763904], [-79.332899, 43.763897], [-79.332894, 43.763892], [-79.332888, 43.763886], [-79.332879, 43.763879], [-79.332867, 43.763873], [-79.332837, 43.763849]]}}, {"type": "Feature", "properties": {"name": "Don River E Branch", "class": "River", "covered": true}, "geometry": {"type": "LineString", "coordinates": [[-79.368147, 43.775714], [-79.368062, 43.775636], [-79.367985, 43.775542], [-79.36788, 43.775428], [-79.367789, 43.775319]]}}, {"type": "Feature", "properties": {"name": "West Highland Creek", "class": "River", "covered": false}, "geometry": {"type": "LineString", "coordinates": [[-79.28625, 43.78373], [-79.286217, 43.783714], [-79.286199, 43.783686], [-79.286099, 43.783574], [-79.28595, 43.783467], [-79.285697, 43.783346], [-79.285393, 43.783239], [-79.285105, 43.783133], [-79.284809, 43.783043], [-79.284521, 43.782939], [-79.284453, 43.782905], [-79.284324, 43.782866]]}}, {"type": "Feature", "properties": {"name": "Massey Creek", "class": "River", "covered": true}, "geometry": {"type": "LineString", "coordinates": [[-79.309528, 43.76507], [-79.309507, 43.765057], [-79.309504, 43.765017], [-79.309501, 43.764985], [-79.309496, 43.764882], [-79.309472, 43.764752], [-79.309369, 43.76462]]}}, {"type": "Feature", "properties": {"name": "Massey Creek", "class": "River", "covered": false}, "geometry": {"type": "LineString", "coordinates": [[-79.309369, 43.76462], [-79.309167, 43.764486]]}}, {"type": "Feature", "properties": {"name": "Massey Creek", "class": "River", "covered": true}, "geometry": {"type": "LineString", "coordinates": [[-79.309167, 43.764486], [-79.309, 43.764404], [-79.308913, 43.76433], [-79.308864, 43.76427], [-79.308801, 43.764242], [-79.308722, 43.764226], [-79.308618, 43.764234]]}}, {"type": "Feature", "properties": {"name": "Massey Creek", "class": "River", "covered": true}, "geometry": {"type": "LineString", "coordinates": [[-79.310093, 43.765455], [-79.309841, 43.765284], [-79.309589, 43.765113], [-79.309528, 43.76507]]}}, {"type": "Feature", "properties": {"name": "Massey Creek", "class": "River", "covered": true}, "geometry": {"type": "LineString", "coordinates": [[-79.268253, 43.72768], [-79.268022, 43.727461], [-79.267725, 43.727291], [-79.267439, 43.727109]]}}, {"type": "Feature", "properties": {"name": "Black Creek", "class": "River", "covered": true}, "geometry": {"type": "LineString", "coordinates": [[-79.498145, 43.746055], [-79.49803, 43.746023], [-79.497985, 43.746007], [-79.497951, 43.745983], [-79.497932, 43.745954], [-79.497922, 43.745918], [-79.497916, 43.745861], [-79.497916, 43.745814], [-79.497917, 43.745784], [-79.497922, 43.745747], [-79.497936, 43.745706], [-79.497936, 43.745704], [-79.498021, 43.745498], [-79.498059, 43.745259], [-79.497997, 43.745022], [-79.497907, 43.744823], [-79.497849, 43.744622], [-79.497833, 43.744396], [-79.497847, 43.74422], [-79.497902, 43.74402], [-79.497876, 43.743794], [-79.497884, 43.743597], [-79.497666, 43.743482], [-79.4974, 43.743492], [-79.497223, 43.743329], [-79.497223, 43.743115], [-79.49732, 43.742902], [-79.497178, 43.742747], [-79.497054, 43.742579], [-79.497024, 43.742519]]}}, {"type": "Feature", "properties": {"name": "Massey Creek", "class": "River", "covered": true}, "geometry": {"type": "LineString", "coordinates": [[-79.267854, 43.725962], [-79.267914, 43.725872], [-79.267923, 43.725806]]}}, {"type": "Feature", "properties": {"name": "Rouge River", "class": "River", "covered": true}, "geometry": {"type": "LineString", "coordinates": [[-79.206853, 43.81561], [-79.206865, 43.815548], [-79.206883, 43.81546], [-79.206743, 43.815388], [-79.206628, 43.81522], [-79.206522, 43.815132], [-79.20628366666666, 43.815025], [-79.20604533333334, 43.814918], [-79.205807, 43.814811], [-79.205504, 43.814651], [-79.205429, 43.814636], [-79.205146, 43.81458], [-79.204782, 43.814515], [-79.2044755, 43.814388], [-79.204169, 43.814261]]}}, {"type": "Feature", "properties": {"name": "Rouge River", "class": "River", "covered": true}, "geometry": {"type": "LineString", "coordinates": [[-79.20886, 43.817494], [-79.20873499999999, 43.817304], [-79.20861, 43.817114], [-79.208348, 43.816891], [-79.208074, 43.816845], [-79.207939, 43.816701], [-79.20763, 43.816651], [-79.207749, 43.816493], [-79.208066, 43.816414], [-79.207964, 43.81623], [-79.207912, 43.815998], [-79.207619, 43.815896], [-79.207386, 43.816062], [-79.207157, 43.816147], [-79.206871, 43.815983], [-79.206815, 43.815805], [-79.206835, 43.8157], [-79.206853, 43.81561]]}}, {"type": "Feature", "properties": {"name": "Black Creek", "class": "River", "covered": true}, "geometry": {"type": "LineString", "coordinates": [[-79.503244, 43.707729], [-79.503212, 43.707623], [-79.503059, 43.707357], [-79.502956, 43.7071], [-79.502809, 43.706854], [-79.50261, 43.706639], [-79.502432, 43.706412], [-79.502238, 43.706199], [-79.501975, 43.706004], [-79.50171, 43.705829], [-79.501408, 43.705743], [-79.501135, 43.705755]]}}, {"type": "Feature", "properties": {"name": "Humber Creek", "class": "River", "covered": true}, "geometry": {"type": "LineString", "coordinates": [[-79.545845, 43.695161], [-79.545635, 43.695151], [-79.545388, 43.695102], [-79.545167, 43.695034], [-79.54493, 43.694949], [-79.544676, 43.694854], [-79.54443, 43.694755], [-79.544194, 43.694683], [-79.543957, 43.69467], [-79.543692, 43.694724], [-79.543438, 43.694814], [-79.543233, 43.694954], [-79.543022, 43.69508], [-79.542798, 43.695188], [-79.54253, 43.695247], [-79.542284, 43.695269], [-79.542015, 43.69526], [-79.541759, 43.69526], [-79.541451, 43.695242], [-79.541451, 43.695242], [-79.541198, 43.695264]]}}, {"type": "Feature", "properties": {"name": "Humber Creek", "class": "River", "covered": true}, "geometry": {"type": "LineString", "coordinates": [[-79.538035, 43.696084], [-79.537954, 43.696079], [-79.537899, 43.69608], [-79.537842, 43.696098], [-79.537762, 43.69613], [-79.537689, 43.696175], [-79.537601, 43.696247], [-79.537543, 43.696306], [-79.537505, 43.696355], [-79.537473, 43.696385], [-79.53744, 43.696403], [-79.537382, 43.696414], [-79.537245, 43.696415], [-79.536986, 43.696418]]}}, {"type": "Feature", "properties": {"name": "Humber Creek", "class": "River", "covered": true}, "geometry": {"type": "LineString", "coordinates": [[-79.536986, 43.696418], [-79.536865, 43.696441], [-79.536864, 43.696441], [-79.536578, 43.696459], [-79.536299, 43.696495], [-79.536, 43.696509], [-79.535673, 43.696495], [-79.535413, 43.696392], [-79.535156, 43.696207], [-79.534917, 43.696018], [-79.534688, 43.695834], [-79.53445, 43.695654], [-79.534305, 43.695561]]}}, {"type": "Feature", "properties": {"name": "Massey Creek", "class": "River", "covered": true}, "geometry": {"type": "LineString", "coordinates": [[-79.271237, 43.714359], [-79.271591, 43.714281], [-79.271723, 43.714272], [-79.271915, 43.714245], [-79.272135, 43.714209], [-79.272369, 43.714197], [-79.272632, 43.714198], [-79.27286, 43.714187], [-79.272943, 43.714182], [-79.273196, 43.714215], [-79.27341, 43.714258], [-79.273636, 43.714334], [-79.273735, 43.714355]]}}, {"type": "Feature", "properties": {"name": "Don River W Branch", "class": "River", "covered": true}, "geometry": {"type": "LineString", "coordinates": [[-79.364972, 43.723577], [-79.364992, 43.723514], [-79.364993, 43.723512], [-79.365009, 43.723278], [-79.364907, 43.723031], [-79.364844, 43.722788], [-79.364811, 43.722536], [-79.364742, 43.722288], [-79.364719, 43.722081], [-79.364812, 43.721883], [-79.36501, 43.721748], [-79.365148, 43.721555], [-79.365287, 43.721348], [-79.365418, 43.721137], [-79.365535, 43.720916], [-79.365586, 43.720709], [-79.365545, 43.720552]]}}, {"type": "Feature", "properties": {"name": "West Highland Creek", "class": "River", "covered": true}, "geometry": {"type": "LineString", "coordinates": [[-79.306247, 43.813589], [-79.306277, 43.813547], [-79.3065, 43.813479], [-79.306566, 43.813456], [-79.306763, 43.813322], [-79.306854, 43.813172], [-79.30689, 43.813113], [-79.306891, 43.813112]]}}, {"type": "Feature", "properties": {"name": "West Highland Creek", "class": "River", "covered": true}, "geometry": {"type": "LineString", "coordinates": [[-79.306891, 43.813112], [-79.306963, 43.813014], [-79.306965, 43.812875]]}}, {"type": "Feature", "properties": {"name": "West Highland Creek", "class": "River", "covered": false}, "geometry": {"type": "LineString", "coordinates": [[-79.306965, 43.812875], [-79.306916, 43.812632], [-79.306803, 43.81236], [-79.306706, 43.812102], [-79.306535, 43.811849], [-79.306422, 43.811603], [-79.306546, 43.811374], [-79.306763, 43.811155]]}}, {"type": "Feature", "properties": {"name": "West Highland Creek", "class": "River", "covered": true}, "geometry": {"type": "LineString", "coordinates": [[-79.306763, 43.811155], [-79.307006, 43.810927], [-79.30715, 43.810775]]}}, {"type": "Feature", "properties": {"name": "Black Creek", "class": "River", "covered": true}, "geometry": {"type": "LineString", "coordinates": [[-79.508152, 43.76274], [-79.508131, 43.762714], [-79.508278, 43.762655], [-79.5085, 43.762621], [-79.508688, 43.762554], [-79.508761, 43.762429], [-79.508699, 43.762284], [-79.508698, 43.762281], [-79.508632, 43.762207], [-79.508497, 43.762195], [-79.508468, 43.762183], [-79.508407, 43.762207], [-79.508361, 43.762219], [-79.508327, 43.762213], [-79.508303, 43.762178], [-79.508269, 43.762118], [-79.508237, 43.76206], [-79.50822, 43.762], [-79.508221, 43.761984], [-79.508223, 43.761965], [-79.508237, 43.761927]]}}, {"type": "Feature", "properties": {"name": "West Highland Creek", "class": "River", "covered": true}, "geometry": {"type": "LineString", "coordinates": [[-79.228005, 43.754514], [-79.227992, 43.754418], [-79.227994, 43.754373], [-79.227939, 43.754315], [-79.227855, 43.754259], [-79.227768, 43.754213], [-79.227691, 43.754189], [-79.227578, 43.754162], [-79.227449, 43.754145], [-79.227343, 43.754144], [-79.227235, 43.754173]]}}, {"type": "Feature", "properties": {"name": "West Highland Creek", "class": "River", "covered": true}, "geometry": {"type": "LineString", "coordinates": [[-79.237584, 43.753393], [-79.237258, 43.753393], [-79.23695, 43.753356], [-79.236685, 43.753311], [-79.236615, 43.753303], [-79.236494, 43.75329]]}}, {"type": "Feature", "properties": {"name": "West Highland Creek", "class": "River", "covered": true}, "geometry": {"type": "LineString", "coordinates": [[-79.236494, 43.75329], [-79.23641, 43.753281], [-79.236409, 43.753281], [-79.236072, 43.753315], [-79.235799, 43.753321], [-79.235504, 43.753207], [-79.235217, 43.753143], [-79.234858, 43.753081], [-79.234518, 43.753019], [-79.234198, 43.753033], [-79.233955, 43.753111], [-79.233836, 43.753142]]}}, {"type": "Feature", "properties": {"name": "West Highland Creek", "class": "River", "covered": true}, "geometry": {"type": "LineString", "coordinates": [[-79.306414, 43.808888], [-79.30641, 43.808879], [-79.306329, 43.808703], [-79.306238, 43.808486], [-79.306141, 43.808234], [-79.306042, 43.807978], [-79.30602, 43.807715], [-79.306058, 43.807592], [-79.306093, 43.807477], [-79.306254, 43.807282], [-79.306485, 43.80714], [-79.306652, 43.806986], [-79.306849, 43.806809], [-79.306919, 43.806597], [-79.306892, 43.806392], [-79.306877, 43.806324], [-79.306862, 43.806255]]}}, {"type": "Feature", "properties": {"name": "West Highland Creek", "class": "River", "covered": true}, "geometry": {"type": "LineString", "coordinates": [[-79.306862, 43.806255], [-79.306858, 43.806236], [-79.306837, 43.806173], [-79.306821, 43.806122], [-79.306771, 43.805959], [-79.306744, 43.805896], [-79.30669466666666, 43.80571466666667], [-79.30664533333334, 43.80553333333333], [-79.306596, 43.805352], [-79.306639, 43.80521], [-79.306753, 43.805061], [-79.30688, 43.804885], [-79.307032, 43.804698], [-79.307194, 43.804499], [-79.307351, 43.804308], [-79.307336, 43.804067], [-79.307263, 43.803794], [-79.30725, 43.803741]]}}, {"type": "Feature", "properties": {"name": "West Highland Creek", "class": "River", "covered": false}, "geometry": {"type": "LineString", "coordinates": [[-79.260876, 43.76168], [-79.26066, 43.761608], [-79.260651, 43.761606], [-79.260382, 43.761477], [-79.260375, 43.761273], [-79.260276, 43.761111], [-79.26000733333333, 43.761122666666665], [-79.25973866666666, 43.76113433333333]]}}, {"type": "Feature", "properties": {"name": "West Highland Creek", "class": "River", "covered": true}, "geometry": {"type": "LineString", "coordinates": [[-79.25973866666666, 43.76113433333333], [-79.25947, 43.761146], [-79.259287, 43.760999], [-79.259325, 43.760751], [-79.259074, 43.760602]]}}, {"type": "Feature", "properties": {"name": "West Highland Creek", "class": "River", "covered": false}, "geometry": {"type": "LineString", "coordinates": [[-79.259074, 43.760602], [-79.258757, 43.760548], [-79.2584, 43.760471], [-79.258075, 43.760429], [-79.257713, 43.760457]]}}, {"type": "Feature", "properties": {"name": "West Highland Creek", "class": "River", "covered": false}, "geometry": {"type": "LineString", "coordinates": [[-79.263976, 43.763196], [-79.263972, 43.763195], [-79.263758, 43.762996], [-79.263559, 43.762808], [-79.263354, 43.762595], [-79.263198, 43.762399], [-79.262897, 43.762415], [-79.262525, 43.762396], [-79.262128, 43.762275], [-79.261753, 43.762102], [-79.261488, 43.761895], [-79.261262, 43.761716], [-79.261043, 43.761684], [-79.260876, 43.76168]]}}, {"type": "Feature", "properties": {"name": "Humber River W Branch", "class": "River", "covered": true}, "geometry": {"type": "LineString", "coordinates": [[-79.619753, 43.731013], [-79.619658, 43.730986], [-79.6194, 43.730924], [-79.6192, 43.73087], [-79.618999, 43.730811], [-79.618906, 43.730785], [-79.618715, 43.730713], [-79.618652, 43.73069], [-79.618555, 43.730636], [-79.618491, 43.730592]]}}, {"type": "Feature", "properties": {"name": "Don River W Branch", "class": "River", "covered": true}, "geometry": {"type": "LineString", "coordinates": [[-79.349176, 43.716239], [-79.34892, 43.71631], [-79.348562, 43.716295], [-79.348229, 43.716192]]}}, {"type": "Feature", "properties": {"name": "Don River W Branch", "class": "River", "covered": true}, "geometry": {"type": "LineString", "coordinates": [[-79.456631, 43.778677], [-79.456671, 43.778597], [-79.456682, 43.778551], [-79.456707, 43.778456], [-79.456812, 43.778346], [-79.456986, 43.778296], [-79.457153, 43.778289], [-79.457327, 43.778309], [-79.457476, 43.778217], [-79.457542, 43.77807], [-79.457593, 43.777927], [-79.457749, 43.777832], [-79.457888, 43.777749], [-79.458003, 43.777635], [-79.458077, 43.777501], [-79.458081, 43.777362], [-79.45815, 43.777239], [-79.458255, 43.7771], [-79.458352, 43.776936], [-79.458468, 43.776799], [-79.458636, 43.776677], [-79.45892733333334, 43.77659033333333], [-79.45921866666666, 43.77650366666667], [-79.45951, 43.776417], [-79.459747, 43.776361], [-79.45995, 43.776317], [-79.460196, 43.776294], [-79.460413, 43.776268], [-79.460546, 43.776253], [-79.460675, 43.776236], [-79.460962, 43.776205], [-79.461259, 43.776125], [-79.461416, 43.77596], [-79.461525, 43.775735], [-79.461651, 43.775557], [-79.461787, 43.77541], [-79.46201, 43.775269], [-79.462253, 43.775124], [-79.462476, 43.774985], [-79.462727, 43.774835], [-79.463025, 43.774717], [-79.463336, 43.774617], [-79.463671, 43.774532], [-79.464007, 43.774454], [-79.464296, 43.774431], [-79.464603, 43.774431], [-79.464886, 43.774406]]}}, {"type": "Feature", "properties": {"name": "Don River W Branch", "class": "River", "covered": true}, "geometry": {"type": "LineString", "coordinates": [[-79.452412, 43.781381], [-79.452475, 43.781325], [-79.452553, 43.781257], [-79.452594, 43.781184], [-79.452688, 43.781181], [-79.452749, 43.781191], [-79.452839, 43.781234], [-79.452891, 43.781251], [-79.453047, 43.781236], [-79.453107, 43.781183], [-79.453167, 43.781129], [-79.453218, 43.781031], [-79.453232, 43.781004], [-79.453364, 43.78103], [-79.453388, 43.781034], [-79.453517, 43.781004], [-79.45356, 43.780837], [-79.45363, 43.780681], [-79.453711, 43.780525], [-79.453702, 43.780483], [-79.453682, 43.780393], [-79.453573, 43.780365], [-79.453499, 43.780347], [-79.453393, 43.780277], [-79.453387, 43.780205], [-79.453407, 43.780127], [-79.453472, 43.780012], [-79.45354, 43.779938], [-79.453613, 43.779906], [-79.453767, 43.77994], [-79.453905, 43.780003], [-79.454047, 43.780051], [-79.454157, 43.78007], [-79.454148, 43.780002], [-79.454243, 43.77997], [-79.454297, 43.780037], [-79.45436, 43.780071], [-79.454417, 43.780142], [-79.454452, 43.780216], [-79.454545, 43.780258], [-79.454611, 43.780173], [-79.454574, 43.780086], [-79.454631, 43.780012], [-79.454607, 43.779924], [-79.454646, 43.779825], [-79.454725, 43.779794], [-79.454845, 43.779835], [-79.454978, 43.779809], [-79.455102, 43.779839], [-79.455236, 43.779903], [-79.455366, 43.779921], [-79.455473, 43.779868], [-79.455522, 43.779767], [-79.455496, 43.779697], [-79.4554, 43.779701], [-79.455308, 43.779695], [-79.455212, 43.779668], [-79.455213, 43.7796], [-79.455146, 43.77954], [-79.455091, 43.779481], [-79.455143, 43.77942], [-79.455288, 43.779379], [-79.455367, 43.779295], [-79.455381, 43.779198], [-79.455451, 43.779125], [-79.455742, 43.779049], [-79.455755, 43.779042], [-79.455845, 43.778981]]}}, {"type": "Feature", "properties": {"name": "Don River W Branch", "class": "River", "covered": true}, "geometry": {"type": "LineString", "coordinates": [[-79.455845, 43.778981], [-79.455952, 43.778937], [-79.455962, 43.778931], [-79.456091, 43.77888], [-79.456236, 43.77886], [-79.45633, 43.778921], [-79.456437, 43.778946], [-79.4566, 43.778759], [-79.456631, 43.778677]]}}, {"type": "Feature", "properties": {"name": "Don River W Branch", "class": "River", "covered": true}, "geometry": {"type": "LineString", "coordinates": [[-79.465399, 43.777431], [-79.465362, 43.777381], [-79.465321, 43.777326], [-79.465215, 43.777251], [-79.465146, 43.777126], [-79.465142, 43.776999], [-79.465154, 43.776887], [-79.465219, 43.776765], [-79.465366, 43.776683], [-79.465395, 43.776564], [-79.465319, 43.776425], [-79.465307, 43.776296], [-79.465399, 43.776149], [-79.465435, 43.776023], [-79.46543, 43.776009], [-79.465395, 43.77593], [-79.465289, 43.775819], [-79.465189, 43.775658], [-79.46515, 43.775449], [-79.465145, 43.775303], [-79.465154, 43.775201], [-79.465171, 43.775056], [-79.465154, 43.774882], [-79.465083, 43.774728], [-79.465068, 43.774696], [-79.465066, 43.774693], [-79.465025, 43.774622], [-79.464886, 43.774406]]}}, {"type": "Feature", "properties": {"name": "Don River W Branch", "class": "River", "covered": true}, "geometry": {"type": "LineString", "coordinates": [[-79.466308, 43.77992], [-79.466262, 43.779814], [-79.466159, 43.779653], [-79.4661, 43.77946], [-79.465996, 43.779235], [-79.46596, 43.778993], [-79.465938, 43.778786], [-79.465939, 43.778554], [-79.465883, 43.778298], [-79.465788, 43.778113], [-79.465765, 43.777915], [-79.465689, 43.777733], [-79.465547, 43.777601], [-79.465464, 43.777559], [-79.465399, 43.777431]]}}, {"type": "Feature", "properties": {"name": "Don River E Branch", "class": "River", "covered": true}, "geometry": {"type": "LineString", "coordinates": [[-79.370778, 43.778096], [-79.370603, 43.777963], [-79.370557, 43.777895], [-79.370485, 43.777788], [-79.370457, 43.777716]]}}, {"type": "Feature", "properties": {"name": "Don River E Branch", "class": "River", "covered": true}, "geometry": {"type": "LineString", "coordinates": [[-79.375895, 43.78859], [-79.375907, 43.788487], [-79.375973, 43.78828], [-79.376075, 43.788069], [-79.376191, 43.787889], [-79.376287, 43.787709], [-79.376411, 43.787547], [-79.37657, 43.787385], [-79.376773, 43.787251], [-79.376995, 43.787138], [-79.377187, 43.787044], [-79.377261, 43.786891], [-79.377402, 43.786738], [-79.377533, 43.786576], [-79.37761, 43.786396], [-79.377676, 43.786212], [-79.377703, 43.786099], [-79.377702, 43.786095], [-79.377719, 43.786018], [-79.377757, 43.785865], [-79.377856, 43.785717], [-79.377989, 43.785542], [-79.378057, 43.785357], [-79.377986, 43.785204], [-79.377859, 43.785028], [-79.377722, 43.784866], [-79.377604, 43.784709], [-79.377512, 43.784564], [-79.37746, 43.784443], [-79.377415, 43.784299], [-79.37738, 43.784213], [-79.377324, 43.784132], [-79.377107, 43.784096], [-79.376875, 43.78406], [-79.376693, 43.783974], [-79.376594, 43.783825], [-79.376571, 43.783641], [-79.376498, 43.783474], [-79.376414, 43.783312], [-79.376443, 43.783146], [-79.376572, 43.783024], [-79.376766, 43.782921], [-79.376942, 43.782777], [-79.377069, 43.78262], [-79.377232, 43.782467], [-79.377405, 43.782319], [-79.377591, 43.782166], [-79.377616, 43.782013], [-79.37748, 43.781873], [-79.377243, 43.781859], [-79.377009, 43.781819], [-79.376848, 43.78171], [-79.376651, 43.781715], [-79.37642, 43.781705], [-79.376237, 43.781602], [-79.376156, 43.781422], [-79.37601, 43.781282], [-79.375813, 43.781268], [-79.375647, 43.781363], [-79.3755, 43.781466], [-79.375312, 43.781511], [-79.375127, 43.781614], [-79.374962, 43.781744], [-79.374822, 43.781839], [-79.374686, 43.781942], [-79.374537, 43.782041], [-79.374367, 43.782113], [-79.374171, 43.782225], [-79.374014, 43.782342], [-79.373845, 43.7824], [-79.373624, 43.782422], [-79.373371, 43.782359], [-79.373164, 43.782255], [-79.372972, 43.782111], [-79.372779, 43.781985], [-79.372622, 43.781841], [-79.372505, 43.78167], [-79.372358, 43.781503], [-79.372169, 43.781404], [-79.371944, 43.781417], [-79.371732, 43.781322], [-79.371577, 43.781196], [-79.371357, 43.781142], [-79.371142, 43.781177], [-79.370903, 43.781227], [-79.370663, 43.781249], [-79.370443, 43.781217], [-79.370478, 43.781051], [-79.370483, 43.780857], [-79.370345, 43.780691], [-79.370275, 43.780506], [-79.370245, 43.780308], [-79.370236, 43.780101], [-79.370252, 43.779889], [-79.370273, 43.779687], [-79.370308, 43.779489], [-79.370335, 43.779304], [-79.370339, 43.779088], [-79.370245, 43.778967], [-79.370078, 43.778854], [-79.370052, 43.778678], [-79.370106, 43.778548], [-79.370293, 43.778548], [-79.37045, 43.778692], [-79.370637, 43.778729], [-79.370816, 43.778576], [-79.37087, 43.778387], [-79.370814, 43.778265], [-79.370766, 43.778162], [-79.370778, 43.778096]]}}, {"type": "Feature", "properties": {"name": "Don River W Branch", "class": "River", "covered": true}, "geometry": {"type": "LineString", "coordinates": [[-79.467737, 43.784066], [-79.467672, 43.784048], [-79.467664, 43.784046], [-79.467447, 43.784005], [-79.467255, 43.783984], [-79.467066, 43.783984], [-79.466886, 43.784012], [-79.466694, 43.784042], [-79.466479, 43.78409], [-79.466282, 43.784142], [-79.466097, 43.784215], [-79.465937, 43.784276], [-79.46574, 43.784306], [-79.465521, 43.784302], [-79.465333, 43.784282], [-79.465132, 43.784261], [-79.464937, 43.784242], [-79.464735, 43.784222], [-79.464535, 43.784217], [-79.464347, 43.784192], [-79.464174, 43.784163], [-79.463979, 43.784135], [-79.463798, 43.784113], [-79.463584, 43.784092], [-79.463388, 43.784009], [-79.463226, 43.783906], [-79.463148, 43.783777], [-79.463129, 43.783628], [-79.463114, 43.783482], [-79.463067, 43.783352], [-79.463009, 43.783225], [-79.462944, 43.783108], [-79.462836, 43.78299], [-79.462702, 43.782917], [-79.462522, 43.78287], [-79.462412, 43.78275], [-79.462355, 43.782618], [-79.462338, 43.78248], [-79.462266, 43.782343], [-79.462152, 43.782236], [-79.462016, 43.78216], [-79.46188, 43.782095], [-79.461726, 43.782019], [-79.461584, 43.781917], [-79.461473, 43.781796], [-79.461332, 43.781686], [-79.461175, 43.78157], [-79.461023, 43.781463], [-79.460885, 43.781341], [-79.460822, 43.781194], [-79.460806, 43.781152], [-79.460795, 43.78111]]}}, {"type": "Feature", "properties": {"name": "Don River W Branch", "class": "River", "covered": true}, "geometry": {"type": "LineString", "coordinates": [[-79.460795, 43.78111], [-79.460769, 43.781055], [-79.460749, 43.78104], [-79.460658, 43.780974], [-79.460488, 43.781003], [-79.460361, 43.780947], [-79.460229, 43.780854], [-79.46008, 43.780757], [-79.459917, 43.780661], [-79.459723, 43.78057], [-79.459529, 43.7805], [-79.45934, 43.780488], [-79.459156, 43.780509], [-79.459026, 43.78059], [-79.459021, 43.7806], [-79.458907, 43.780714]]}}, {"type": "Feature", "properties": {"name": "Don River W Branch", "class": "River", "covered": true}, "geometry": {"type": "LineString", "coordinates": [[-79.467668, 43.78495], [-79.467783, 43.784987], [-79.467826, 43.784988], [-79.468018, 43.784993], [-79.46825, 43.784968], [-79.468456, 43.784879], [-79.468548, 43.784746], [-79.468532, 43.784615], [-79.468454, 43.784473], [-79.468332, 43.784345], [-79.468161, 43.78424], [-79.468029, 43.784156], [-79.467876, 43.784104], [-79.467874, 43.784103], [-79.467737, 43.784066]]}}, {"type": "Feature", "properties": {"name": "Don River E Branch", "class": "River", "covered": true}, "geometry": {"type": "LineString", "coordinates": [[-79.32682, 43.732764], [-79.326545, 43.73257], [-79.326301, 43.732322], [-79.326068, 43.732092], [-79.325736, 43.732002], [-79.325346, 43.731938], [-79.325098, 43.731827], [-79.325024, 43.731794], [-79.32482, 43.73169]]}}, {"type": "Feature", "properties": {"name": "Don River E Branch", "class": "River", "covered": true}, "geometry": {"type": "LineString", "coordinates": [[-79.32482, 43.73169], [-79.324752, 43.73155], [-79.324739, 43.731489], [-79.324712, 43.731361], [-79.32467650000001, 43.731140499999995], [-79.324641, 43.73092]]}}, {"type": "Feature", "properties": {"name": "Don River", "class": "River", "covered": true}, "geometry": {"type": "LineString", "coordinates": [[-79.379052, 43.800551], [-79.379145, 43.800523], [-79.379214, 43.800446], [-79.379306, 43.800323], [-79.379415, 43.800252], [-79.379541, 43.800209], [-79.37968, 43.80018], [-79.379818, 43.800169], [-79.379978, 43.8002], [-79.380164, 43.800221], [-79.380334, 43.800219], [-79.380515, 43.800154], [-79.380696, 43.800063], [-79.380859, 43.799971], [-79.380982, 43.799848], [-79.381055, 43.799757], [-79.38105, 43.799647], [-79.380966, 43.799567], [-79.380825, 43.799533], [-79.380684, 43.799501], [-79.380594, 43.799447], [-79.380583, 43.79933], [-79.380672, 43.799255], [-79.380827, 43.799145], [-79.381053, 43.799044], [-79.381114, 43.79902], [-79.3813, 43.798979], [-79.381453, 43.79894], [-79.38151, 43.798878], [-79.381516, 43.798677], [-79.381574, 43.798512], [-79.381689, 43.798366], [-79.381827, 43.798286], [-79.381988, 43.798199], [-79.382025, 43.798075], [-79.38194, 43.797953], [-79.381845, 43.797862], [-79.381768, 43.797758], [-79.381742, 43.797584], [-79.381821, 43.797406], [-79.381929, 43.797275], [-79.38198, 43.797118], [-79.381992, 43.79706]]}}, {"type": "Feature", "properties": {"name": "Don River", "class": "River", "covered": true}, "geometry": {"type": "LineString", "coordinates": [[-79.381992, 43.79706], [-79.382011, 43.796968], [-79.382047, 43.796897], [-79.38215, 43.79679]]}}, {"type": "Feature", "properties": {"name": "Rouge River", "class": "River", "covered": true}, "geometry": {"type": "LineString", "coordinates": [[-79.138791, 43.806748], [-79.138733, 43.806568], [-79.138558, 43.806345], [-79.138259, 43.806211], [-79.137901, 43.806203], [-79.137526, 43.806219], [-79.137121, 43.806251], [-79.1367, 43.806331], [-79.136323, 43.806378], [-79.136245, 43.806344], [-79.136011, 43.806278]]}}, {"type": "Feature", "properties": {"name": "Rouge River", "class": "River", "covered": true}, "geometry": {"type": "LineString", "coordinates": [[-79.136011, 43.806278], [-79.135899, 43.806204], [-79.135769, 43.806159], [-79.1354, 43.806163], [-79.13503, 43.806233], [-79.134736, 43.806356], [-79.134471, 43.80651], [-79.13431, 43.806554], [-79.134227, 43.806574], [-79.134151, 43.80657], [-79.134109, 43.806551], [-79.134056, 43.806512], [-79.134011, 43.806486], [-79.133952, 43.806456]]}}, {"type": "Feature", "properties": {"name": "Massey Creek", "class": "River", "covered": true}, "geometry": {"type": "LineString", "coordinates": [[-79.31312, 43.76663], [-79.31286, 43.766627], [-79.312663, 43.76664], [-79.31239, 43.766718], [-79.312287, 43.766771], [-79.312074, 43.766836]]}}, {"type": "Feature", "properties": {"name": "Massey Creek", "class": "River", "covered": false}, "geometry": {"type": "LineString", "coordinates": [[-79.312074, 43.766836], [-79.311632, 43.766904], [-79.311547, 43.766906], [-79.311457, 43.766882], [-79.311214, 43.76665], [-79.311017, 43.766447], [-79.310887, 43.766267]]}}, {"type": "Feature", "properties": {"name": "Massey Creek", "class": "River", "covered": true}, "geometry": {"type": "LineString", "coordinates": [[-79.310887, 43.766267], [-79.31069, 43.766022], [-79.310636, 43.76596], [-79.310514, 43.765819]]}}, {"type": "Feature", "properties": {"name": "Massey Creek", "class": "River", "covered": true}, "geometry": {"type": "LineString", "coordinates": [[-79.310514, 43.765819], [-79.31049, 43.765736], [-79.310474, 43.765717], [-79.310456, 43.765683], [-79.310447, 43.765654], [-79.310303, 43.765581], [-79.310201, 43.765534], [-79.310093, 43.765455]]}}, {"type": "Feature", "properties": {"name": "Humber River W Branch", "class": "River", "covered": true}, "geometry": {"type": "LineString", "coordinates": [[-79.60607, 43.723808], [-79.605953, 43.723938], [-79.605825, 43.724132], [-79.605767, 43.724326], [-79.60573, 43.724483], [-79.60576, 43.724632], [-79.605745, 43.724825], [-79.605722, 43.725019], [-79.605654, 43.725217], [-79.605561, 43.725402], [-79.605485, 43.725618], [-79.605384, 43.725789], [-79.605203, 43.725964], [-79.604999, 43.726082], [-79.604747, 43.726149], [-79.604453, 43.726226], [-79.604174, 43.726298], [-79.60386, 43.726317], [-79.603845, 43.726314], [-79.603643, 43.726284]]}}, {"type": "Feature", "properties": {"name": "Humber River W Branch", "class": "River", "covered": true}, "geometry": {"type": "LineString", "coordinates": [[-79.603643, 43.726284], [-79.603553, 43.726271], [-79.603528, 43.726268], [-79.603238, 43.726124], [-79.602923, 43.726048], [-79.602607, 43.726052], [-79.602256, 43.726134], [-79.60195, 43.726224], [-79.601746, 43.726359], [-79.601569, 43.726454], [-79.601343, 43.726598], [-79.601205, 43.726765], [-79.601077, 43.726945], [-79.600939, 43.727134], [-79.600857, 43.727341], [-79.60066, 43.727512], [-79.600488, 43.727629], [-79.600365, 43.727665]]}}, {"type": "Feature", "properties": {"name": "West Highland Creek", "class": "River", "covered": false}, "geometry": {"type": "LineString", "coordinates": [[-79.264786, 43.76491], [-79.26491, 43.764849], [-79.265228, 43.764679], [-79.265511, 43.764514], [-79.265729, 43.764313], [-79.265654, 43.76406], [-79.265479, 43.763816], [-79.265204, 43.763622], [-79.264926, 43.763439], [-79.264878, 43.763422], [-79.264603, 43.763327], [-79.26427, 43.76329], [-79.263976, 43.763196]]}}, {"type": "Feature", "properties": {"name": "East Highland Creek", "class": "River", "covered": true}, "geometry": {"type": "LineString", "coordinates": [[-79.235551, 43.801474], [-79.235414, 43.801366], [-79.235185, 43.801193], [-79.23493, 43.800999], [-79.234656, 43.800782], [-79.234387, 43.800555], [-79.234122, 43.800327], [-79.233836, 43.800105], [-79.233553, 43.799883], [-79.233256, 43.799638], [-79.232948, 43.799396], [-79.232672, 43.799172], [-79.232589, 43.799107], [-79.232499, 43.799037]]}}, {"type": "Feature", "properties": {"name": "Don River E Branch", "class": "River", "covered": true}, "geometry": {"type": "LineString", "coordinates": [[-79.35173, 43.763505], [-79.351698, 43.7635], [-79.351663, 43.763503], [-79.351586, 43.76351], [-79.351475, 43.763533], [-79.351364, 43.76357], [-79.351275, 43.763618], [-79.351204, 43.763691], [-79.351173, 43.763763], [-79.351165, 43.763833], [-79.351168, 43.763894], [-79.351148, 43.763965], [-79.351095, 43.764036], [-79.351004, 43.764089], [-79.3509, 43.764105], [-79.350766, 43.764099], [-79.35063, 43.764058], [-79.350436, 43.763976], [-79.350404, 43.763958], [-79.350234, 43.763884], [-79.35009, 43.763819], [-79.349945, 43.763742], [-79.349802, 43.76365], [-79.349665, 43.763572], [-79.34954, 43.763458], [-79.349426, 43.763287], [-79.349418, 43.763161], [-79.34944, 43.763003], [-79.349486, 43.76285], [-79.349508, 43.762673], [-79.349535, 43.762561], [-79.349562, 43.762385], [-79.349588, 43.762242], [-79.349621, 43.762136], [-79.34967, 43.761991], [-79.349704, 43.761854], [-79.349748, 43.761742], [-79.349787, 43.76165], [-79.349821, 43.761562], [-79.349842, 43.761496], [-79.349856, 43.761435], [-79.34985, 43.761423]]}}, {"type": "Feature", "properties": {"name": "Humber River E Branch", "class": "River", "covered": true}, "geometry": {"type": "LineString", "coordinates": [[-79.562335, 43.743619], [-79.56226, 43.743732], [-79.562239, 43.743762], [-79.562166, 43.744074], [-79.562353, 43.744313], [-79.562722, 43.744489], [-79.563045, 43.74465], [-79.563404, 43.744796], [-79.563679, 43.745041], [-79.563982, 43.745256], [-79.564391, 43.745408], [-79.564797, 43.74555], [-79.565221, 43.745679], [-79.565679, 43.745771], [-79.566118, 43.745846], [-79.566446, 43.745878]]}}, {"type": "Feature", "properties": {"name": "West Highland Creek", "class": "River", "covered": false}, "geometry": {"type": "LineString", "coordinates": [[-79.255253, 43.760562], [-79.25503, 43.760554], [-79.254768, 43.760469], [-79.254618, 43.760313], [-79.254786, 43.760121], [-79.255053, 43.759939], [-79.25492, 43.759763], [-79.254918, 43.759763]]}}, {"type": "Feature", "properties": {"name": "West Highland Creek", "class": "River", "covered": true}, "geometry": {"type": "LineString", "coordinates": [[-79.254918, 43.759763], [-79.25468, 43.759697]]}}, {"type": "Feature", "properties": {"name": "West Highland Creek", "class": "River", "covered": true}, "geometry": {"type": "LineString", "coordinates": [[-79.25468, 43.759697], [-79.254613, 43.759678], [-79.254584, 43.75966], [-79.254404, 43.759549], [-79.254179, 43.75939], [-79.253908, 43.759413], [-79.253614, 43.759451], [-79.253469, 43.759248], [-79.253276, 43.759148], [-79.253125, 43.759349], [-79.252965, 43.759545], [-79.252667, 43.759492], [-79.252609, 43.759483]]}}, {"type": "Feature", "properties": {"name": "Humber Creek", "class": "River", "covered": true}, "geometry": {"type": "LineString", "coordinates": [[-79.549042, 43.696364], [-79.548981, 43.696387]]}}, {"type": "Feature", "properties": {"name": "Humber Creek", "class": "River", "covered": false}, "geometry": {"type": "LineString", "coordinates": [[-79.548981, 43.696387], [-79.548709, 43.696464], [-79.548402, 43.69654]]}}, {"type": "Feature", "properties": {"name": "Humber Creek", "class": "River", "covered": true}, "geometry": {"type": "LineString", "coordinates": [[-79.548402, 43.69654], [-79.548125, 43.69659], [-79.547877, 43.696617], [-79.547576, 43.69659], [-79.547305, 43.696469], [-79.547054, 43.696316], [-79.546862, 43.696091], [-79.54666, 43.695843], [-79.546445, 43.695637], [-79.546259, 43.695416], [-79.546094, 43.695232], [-79.545881, 43.695164], [-79.545845, 43.695161]]}}, {"type": "Feature", "properties": {"name": "West Highland Creek", "class": "River", "covered": true}, "geometry": {"type": "LineString", "coordinates": [[-79.249684, 43.743427], [-79.249614, 43.743497], [-79.249481, 43.743659], [-79.249375, 43.743775], [-79.249324, 43.743811]]}}, {"type": "Feature", "properties": {"name": "West Highland Creek", "class": "River", "covered": true}, "geometry": {"type": "LineString", "coordinates": [[-79.250998, 43.742995], [-79.250762, 43.743065], [-79.250688, 43.743086], [-79.25055, 43.743137], [-79.250308, 43.743197], [-79.250126, 43.743232], [-79.249942, 43.743265], [-79.249732, 43.743379], [-79.249684, 43.743427]]}}, {"type": "Feature", "properties": {"name": "Don River E Branch", "class": "River", "covered": true}, "geometry": {"type": "LineString", "coordinates": [[-79.333109, 43.756789], [-79.332894, 43.756705], [-79.332891, 43.756703], [-79.332804, 43.75667], [-79.332688, 43.75658], [-79.332487, 43.756485], [-79.332274, 43.756505], [-79.332079, 43.756478], [-79.331851, 43.756433], [-79.331669, 43.756302], [-79.331466, 43.756206], [-79.331241, 43.756105], [-79.331083, 43.755924], [-79.331042, 43.755747], [-79.330943, 43.755647], [-79.330812, 43.755518], [-79.330779, 43.75532], [-79.33072, 43.755169], [-79.330484, 43.755147], [-79.330307, 43.755006], [-79.330165, 43.754847], [-79.330043, 43.754687], [-79.32991, 43.754529], [-79.329818, 43.754378], [-79.329543, 43.754321], [-79.329489, 43.754304]]}}, {"type": "Feature", "properties": {"name": "Don River E Branch", "class": "River", "covered": true}, "geometry": {"type": "LineString", "coordinates": [[-79.33031, 43.758694], [-79.330357, 43.758584], [-79.330394, 43.758506], [-79.330528, 43.758366]]}}, {"type": "Feature", "properties": {"name": "Don River E Branch", "class": "River", "covered": false}, "geometry": {"type": "LineString", "coordinates": [[-79.330528, 43.758366], [-79.330781, 43.75827], [-79.331061, 43.758176]]}}, {"type": "Feature", "properties": {"name": "Don River E Branch", "class": "River", "covered": true}, "geometry": {"type": "LineString", "coordinates": [[-79.331061, 43.758176], [-79.331324, 43.758096], [-79.331608, 43.758025], [-79.331876, 43.757942], [-79.332115, 43.757863], [-79.332351, 43.757761], [-79.332519, 43.75765], [-79.332622, 43.757517], [-79.332845, 43.757456], [-79.333004, 43.757484], [-79.333242, 43.757379], [-79.333432, 43.757236], [-79.333429, 43.757048], [-79.333405, 43.756903], [-79.333366, 43.756856], [-79.333314, 43.756831], [-79.333109, 43.756789]]}}, {"type": "Feature", "properties": {"name": "West Highland Creek", "class": "River", "covered": true}, "geometry": {"type": "LineString", "coordinates": [[-79.30725, 43.803741], [-79.307207, 43.803579], [-79.307148, 43.803345], [-79.307128, 43.80321], [-79.307116, 43.80311], [-79.307047, 43.803014], [-79.306988, 43.802927], [-79.306929, 43.802825], [-79.306826, 43.802711], [-79.306766, 43.802626], [-79.306727, 43.802566], [-79.306692, 43.802532], [-79.306647, 43.802494], [-79.306596, 43.802453], [-79.306543, 43.802433], [-79.306529, 43.802407], [-79.306512, 43.802372], [-79.306487, 43.802316], [-79.306467, 43.802244], [-79.306439, 43.802148], [-79.306425, 43.802069], [-79.306422, 43.80199], [-79.306429, 43.801918], [-79.306426, 43.801878], [-79.306433, 43.801857], [-79.306454, 43.801812], [-79.306465, 43.801771], [-79.306479, 43.801733], [-79.306497, 43.801697], [-79.306521, 43.801669], [-79.306552, 43.801639]]}}, {"type": "Feature", "properties": {"name": "West Highland Creek", "class": "River", "covered": true}, "geometry": {"type": "LineString", "coordinates": [[-79.306552, 43.801639], [-79.306593, 43.801597], [-79.306641, 43.801551], [-79.306662, 43.801513], [-79.306681, 43.801468], [-79.306689, 43.801432], [-79.306689, 43.801402], [-79.306691, 43.80137], [-79.306687, 43.801336], [-79.306683, 43.801305], [-79.306687, 43.801272], [-79.306716, 43.80122], [-79.306776, 43.801139], [-79.3069215, 43.800893], [-79.307067, 43.800647]]}}, {"type": "Feature", "properties": {"name": "Black Creek", "class": "River", "covered": true}, "geometry": {"type": "LineString", "coordinates": [[-79.494409, 43.73686], [-79.494377, 43.736823], [-79.494392, 43.736665], [-79.494544, 43.736479], [-79.49466, 43.736293], [-79.494849, 43.736199], [-79.495046, 43.736109], [-79.495094, 43.735977], [-79.495159, 43.735843], [-79.495206, 43.73575], [-79.495201, 43.735644], [-79.49521, 43.735534], [-79.495089, 43.73541], [-79.495015, 43.735266], [-79.495232, 43.735274], [-79.495461, 43.735343], [-79.495699, 43.735283], [-79.495884, 43.735146], [-79.496031, 43.735002], [-79.496203, 43.73488], [-79.49627, 43.734871]]}}, {"type": "Feature", "properties": {"name": "Rouge River", "class": "River", "covered": true}, "geometry": {"type": "LineString", "coordinates": [[-79.191741, 43.809175], [-79.191685, 43.809264], [-79.191628, 43.809375], [-79.191526, 43.809473], [-79.191449, 43.809568], [-79.191433, 43.809712], [-79.191486, 43.809869], [-79.19153, 43.809995], [-79.191457, 43.810094], [-79.191439, 43.810162], [-79.191433, 43.810177]]}}, {"type": "Feature", "properties": {"name": "West Highland Creek", "class": "River", "covered": false}, "geometry": {"type": "LineString", "coordinates": [[-79.252609, 43.759483], [-79.252386, 43.759447], [-79.252071, 43.759382], [-79.251959, 43.759132], [-79.251852, 43.758897], [-79.251817, 43.758728], [-79.251801, 43.758649], [-79.251803, 43.758643], [-79.251842, 43.758504]]}}, {"type": "Feature", "properties": {"name": "West Highland Creek", "class": "River", "covered": false}, "geometry": {"type": "LineString", "coordinates": [[-79.251842, 43.758504], [-79.251844, 43.758414], [-79.251844, 43.758396], [-79.251844, 43.758396], [-79.251641, 43.75824], [-79.251336, 43.758353], [-79.251016, 43.758418], [-79.250655, 43.75841]]}}, {"type": "Feature", "properties": {"name": "West Highland Creek", "class": "River", "covered": true}, "geometry": {"type": "LineString", "coordinates": [[-79.250655, 43.75841], [-79.25031, 43.758482], [-79.249939, 43.758552], [-79.249605, 43.758567], [-79.249316, 43.758643], [-79.24926, 43.758853], [-79.249189, 43.759063], [-79.248866, 43.758953], [-79.248636, 43.758704], [-79.248488, 43.758566]]}}, {"type": "Feature", "properties": {"name": "Rouge River", "class": "River", "covered": true}, "geometry": {"type": "LineString", "coordinates": [[-79.134396, 43.804621], [-79.134392, 43.804493], [-79.134391, 43.804429], [-79.134365, 43.804356]]}}, {"type": "Feature", "properties": {"name": "Don River", "class": "River", "covered": true}, "geometry": {"type": "LineString", "coordinates": [[-79.362168, 43.688467], [-79.362276, 43.688403]]}}, {"type": "Feature", "properties": {"name": "West Highland Creek", "class": "River", "covered": false}, "geometry": {"type": "LineString", "coordinates": [[-79.307714, 43.789928], [-79.307378, 43.789837], [-79.30711033333333, 43.789755666666665], [-79.30684266666667, 43.78967433333334], [-79.306575, 43.789593], [-79.306535, 43.789585]]}}, {"type": "Feature", "properties": {"name": "West Highland Creek", "class": "River", "covered": false}, "geometry": {"type": "LineString", "coordinates": [[-79.306535, 43.789585], [-79.306238, 43.78952]]}}, {"type": "Feature", "properties": {"name": "Don River W Branch", "class": "River", "covered": true}, "geometry": {"type": "LineString", "coordinates": [[-79.466902, 43.787908], [-79.466799, 43.787777], [-79.466722, 43.787593], [-79.466666, 43.787399], [-79.466589, 43.787237], [-79.466498, 43.787108], [-79.4664, 43.786989], [-79.466323, 43.786903], [-79.466177, 43.786888], [-79.466033, 43.786855], [-79.465972, 43.786724], [-79.466068, 43.786605], [-79.466232, 43.786476], [-79.466269, 43.786326], [-79.466252, 43.786155], [-79.466244, 43.785985], [-79.466311, 43.785858], [-79.466328, 43.785749], [-79.466375, 43.785599], [-79.466488, 43.785489], [-79.466639, 43.785403], [-79.466873, 43.785347], [-79.467079, 43.785295], [-79.467177, 43.785198], [-79.467189, 43.785049], [-79.467299, 43.78497], [-79.467493, 43.784962], [-79.467522, 43.784961], [-79.467668, 43.78495]]}}, {"type": "Feature", "properties": {"name": "Humber River E Branch", "class": "River", "covered": true}, "geometry": {"type": "LineString", "coordinates": [[-79.57978, 43.762416], [-79.579892, 43.762528], [-79.579914, 43.762547], [-79.580003, 43.762611], [-79.5801, 43.762684], [-79.580179, 43.762733], [-79.580268, 43.76277], [-79.580352, 43.762807], [-79.580425, 43.762846], [-79.580478, 43.762882], [-79.580644, 43.763018]]}}, {"type": "Feature", "properties": {"name": "Humber River", "class": "River", "covered": true}, "geometry": {"type": "LineString", "coordinates": [[-79.511748, 43.662337], [-79.511837, 43.662385], [-79.51184, 43.662386], [-79.511959, 43.662454], [-79.511983, 43.662467], [-79.512013, 43.66249], [-79.512126, 43.662571], [-79.512212, 43.662634]]}}, {"type": "Feature", "properties": {"name": "Humber River", "class": "River", "covered": true}, "geometry": {"type": "LineString", "coordinates": [[-79.511695, 43.662309], [-79.511748, 43.662337]]}}, {"type": "Feature", "properties": {"name": "Don River E Branch", "class": "River", "covered": true}, "geometry": {"type": "LineString", "coordinates": [[-79.320129, 43.730523], [-79.320219, 43.7303535], [-79.320309, 43.730184], [-79.320363, 43.730004], [-79.320417, 43.729824], [-79.320227, 43.729536], [-79.319785, 43.729445], [-79.319292, 43.729413], [-79.318908, 43.729264], [-79.318771, 43.729151]]}}, {"type": "Feature", "properties": {"name": "Don River E Branch", "class": "River", "covered": true}, "geometry": {"type": "LineString", "coordinates": [[-79.320914, 43.731051], [-79.32077, 43.731117], [-79.320494, 43.731355], [-79.320117, 43.731512], [-79.319722, 43.731389], [-79.319618, 43.731097], [-79.319759, 43.730791], [-79.320115, 43.73055], [-79.320129, 43.730523]]}}, {"type": "Feature", "properties": {"name": "Don River E Branch", "class": "River", "covered": true}, "geometry": {"type": "LineString", "coordinates": [[-79.324641, 43.73092], [-79.324725, 43.730711], [-79.324791, 43.730565], [-79.324869, 43.730236], [-79.324958, 43.730043]]}}, {"type": "Feature", "properties": {"name": "Don River E Branch", "class": "River", "covered": true}, "geometry": {"type": "LineString", "coordinates": [[-79.313881, 43.730318], [-79.313884, 43.730215], [-79.313993, 43.730086], [-79.31413, 43.729977], [-79.314312, 43.729922], [-79.31456, 43.729883], [-79.314757, 43.729855], [-79.314932, 43.729825], [-79.315131, 43.72979], [-79.315338, 43.729735], [-79.315519, 43.729642], [-79.315737, 43.72957], [-79.315919, 43.729505], [-79.316185, 43.729459], [-79.316404, 43.72944], [-79.316555, 43.729434], [-79.316743, 43.729421], [-79.316906, 43.729441], [-79.317046, 43.729535], [-79.31725, 43.729567], [-79.317424, 43.729604], [-79.317569, 43.729653], [-79.317879, 43.729726], [-79.317993, 43.729681], [-79.318094, 43.729627], [-79.318241, 43.729641], [-79.3184, 43.729641], [-79.318532, 43.729592], [-79.318626, 43.729506], [-79.318692, 43.729381], [-79.318756, 43.729241], [-79.318771, 43.729151]]}}, {"type": "Feature", "properties": {"name": "Don River E Branch", "class": "River", "covered": true}, "geometry": {"type": "LineString", "coordinates": [[-79.324958, 43.730043], [-79.325008, 43.729933], [-79.325011, 43.729926], [-79.325197, 43.729661], [-79.325123, 43.729449], [-79.324705, 43.729462], [-79.32428, 43.72943], [-79.323862, 43.72938], [-79.323417, 43.729379], [-79.323014, 43.729473], [-79.322658, 43.72967], [-79.322339, 43.729908], [-79.322045, 43.730182], [-79.322029, 43.730199], [-79.321791, 43.730312]]}}, {"type": "Feature", "properties": {"name": "Don River E Branch", "class": "River", "covered": true}, "geometry": {"type": "LineString", "coordinates": [[-79.321791, 43.730312], [-79.321754, 43.730461], [-79.32175, 43.730465], [-79.321476, 43.730722], [-79.321145, 43.730946], [-79.320914, 43.731051]]}}, {"type": "Feature", "properties": {"name": "Rouge River", "class": "River", "covered": true}, "geometry": {"type": "LineString", "coordinates": [[-79.211987, 43.819752], [-79.211759, 43.819564], [-79.211677, 43.819479], [-79.211386, 43.819298], [-79.21101, 43.819157], [-79.210697, 43.819018], [-79.210483, 43.818864], [-79.21029, 43.818658], [-79.209879, 43.818497], [-79.209475, 43.818332], [-79.209244, 43.818101], [-79.209046, 43.817848], [-79.20895300000001, 43.817671000000004], [-79.20886, 43.817494]]}}, {"type": "Feature", "properties": {"name": "Don River W Branch", "class": "River", "covered": true}, "geometry": {"type": "LineString", "coordinates": [[-79.410925, 43.751301], [-79.410813, 43.751203], [-79.410647, 43.751037], [-79.410482, 43.750877], [-79.410317, 43.750702], [-79.410222, 43.750575], [-79.41017, 43.750479], [-79.410145, 43.75043], [-79.410075, 43.750346], [-79.410019, 43.750265], [-79.40999, 43.750171], [-79.409968, 43.750062], [-79.409958, 43.749923], [-79.40997899999999, 43.7496875], [-79.41, 43.749452], [-79.41001, 43.749347], [-79.410043, 43.749133], [-79.410068, 43.748949], [-79.410071, 43.748749], [-79.410075, 43.748564], [-79.410076, 43.748373], [-79.410083, 43.748183], [-79.410101, 43.747995], [-79.410138, 43.747696], [-79.410214, 43.747419], [-79.410228, 43.747376], [-79.4103, 43.747191], [-79.410378, 43.746997], [-79.410488, 43.746812], [-79.41058, 43.746672], [-79.410632, 43.746542], [-79.410649, 43.746424], [-79.410649, 43.746308], [-79.410614, 43.746191], [-79.410569, 43.746059], [-79.410481, 43.745981], [-79.410359, 43.745905], [-79.410211, 43.745849], [-79.410097, 43.745813], [-79.409993, 43.745781], [-79.409892, 43.745748], [-79.409747, 43.745716], [-79.409647, 43.745656], [-79.40958, 43.745558], [-79.409493, 43.745411], [-79.409405, 43.745326], [-79.409327, 43.745235], [-79.409233, 43.745136], [-79.409149, 43.74504], [-79.409097, 43.74497], [-79.409062, 43.744924], [-79.408981, 43.74487], [-79.408894, 43.744814], [-79.408818, 43.744736], [-79.408749, 43.744638], [-79.408683, 43.744541], [-79.408631, 43.744436], [-79.408556, 43.74431], [-79.408531, 43.744193], [-79.408555, 43.744071], [-79.408584, 43.743934], [-79.408635, 43.743833], [-79.408648, 43.743746], [-79.408658, 43.743682], [-79.40866, 43.743576], [-79.408619, 43.743472]]}}, {"type": "Feature", "properties": {"name": "Black Creek", "class": "River", "covered": true}, "geometry": {"type": "LineString", "coordinates": [[-79.483037, 43.678824], [-79.48306, 43.678755], [-79.483083, 43.678595]]}}, {"type": "Feature", "properties": {"name": "East Highland Creek", "class": "River", "covered": true}, "geometry": {"type": "LineString", "coordinates": [[-79.20946, 43.779815], [-79.209378, 43.779821], [-79.209051, 43.779838], [-79.208876, 43.779838], [-79.208708, 43.779819], [-79.208558, 43.779764], [-79.208399, 43.779673], [-79.208199, 43.779521], [-79.208124, 43.77943], [-79.208117, 43.779314], [-79.208126, 43.779078], [-79.208127, 43.778944], [-79.208136, 43.778787], [-79.208162, 43.778617], [-79.208204, 43.778441], [-79.208225, 43.778325]]}}, {"type": "Feature", "properties": {"name": "East Highland Creek", "class": "River", "covered": true}, "geometry": {"type": "LineString", "coordinates": [[-79.211718, 43.781762], [-79.211621, 43.781685], [-79.21136, 43.781464], [-79.21117, 43.781181]]}}, {"type": "Feature", "properties": {"name": "East Highland Creek", "class": "River", "covered": true}, "geometry": {"type": "LineString", "coordinates": [[-79.213265, 43.782618], [-79.212882, 43.782408], [-79.212681, 43.782383], [-79.212495, 43.782332], [-79.212371, 43.782277], [-79.212261, 43.782202], [-79.212137, 43.782096], [-79.2119275, 43.781929000000005], [-79.211718, 43.781762]]}}, {"type": "Feature", "properties": {"name": "Mimico Creek", "class": "River", "covered": true}, "geometry": {"type": "LineString", "coordinates": [[-79.569939, 43.674014], [-79.569876, 43.673911]]}}, {"type": "Feature", "properties": {"name": "Mimico Creek", "class": "River", "covered": true}, "geometry": {"type": "LineString", "coordinates": [[-79.569876, 43.673911], [-79.569781, 43.67374]]}}, {"type": "Feature", "properties": {"name": "Don River", "class": "River", "covered": true}, "geometry": {"type": "LineString", "coordinates": [[-79.371767, 43.808677], [-79.371694, 43.808542], [-79.371639, 43.808444], [-79.371588, 43.808315]]}}, {"type": "Feature", "properties": {"name": "Don River", "class": "River", "covered": true}, "geometry": {"type": "LineString", "coordinates": [[-79.371588, 43.808315], [-79.371514, 43.808079]]}}, {"type": "Feature", "properties": {"name": "Don River", "class": "River", "covered": true}, "geometry": {"type": "LineString", "coordinates": [[-79.371514, 43.808079], [-79.371502, 43.808044], [-79.371536, 43.807906], [-79.371497, 43.807812], [-79.371518, 43.807715], [-79.371562, 43.807614], [-79.371626, 43.807508], [-79.371679, 43.807398], [-79.37174, 43.807309], [-79.371773, 43.807227], [-79.371757, 43.807112], [-79.371727, 43.806985], [-79.371699, 43.806864], [-79.371658, 43.806734], [-79.371629, 43.806626], [-79.371602, 43.806499], [-79.371561, 43.806356], [-79.371534, 43.806228], [-79.371528, 43.806128], [-79.371537, 43.806088], [-79.371602, 43.806042], [-79.371846, 43.805918]]}}, {"type": "Feature", "properties": {"name": "Humber River", "class": "River", "covered": true}, "geometry": {"type": "LineString", "coordinates": [[-79.51301, 43.690517], [-79.513113, 43.690784], [-79.5131575, 43.690973], [-79.513202, 43.691162], [-79.513238, 43.6913675], [-79.513274, 43.691573], [-79.5132935, 43.691778], [-79.513313, 43.691983], [-79.513306, 43.6921835], [-79.513299, 43.692384], [-79.51329700000001, 43.692584], [-79.513295, 43.692783999999996], [-79.513293, 43.692984], [-79.513291, 43.693184], [-79.513289, 43.693384], [-79.51316866666667, 43.693580000000004], [-79.51304833333333, 43.693776], [-79.512928, 43.693972], [-79.512816, 43.694239], [-79.512766, 43.694515], [-79.512742, 43.694819], [-79.512645, 43.695171], [-79.512447, 43.695485], [-79.512236, 43.695782], [-79.512029, 43.696086], [-79.5119, 43.696388], [-79.511922, 43.696498], [-79.511965, 43.696694], [-79.512246, 43.69695], [-79.512654, 43.697109], [-79.513104, 43.697233], [-79.513536, 43.697248], [-79.513903, 43.697198], [-79.514299, 43.697091], [-79.514456, 43.69707], [-79.514575, 43.697055]]}}, {"type": "Feature", "properties": {"name": "Humber River", "class": "River", "covered": true}, "geometry": {"type": "LineString", "coordinates": [[-79.514575, 43.697055], [-79.514655, 43.697044], [-79.514656, 43.697044], [-79.515049, 43.697019], [-79.515477, 43.696958], [-79.515696, 43.696918], [-79.515878, 43.696885], [-79.516339, 43.696801], [-79.516781, 43.696813], [-79.517195, 43.696843], [-79.517606, 43.696924], [-79.518004, 43.69695], [-79.51827466666667, 43.69700733333333], [-79.51854533333334, 43.69706466666667], [-79.518816, 43.697122], [-79.519146, 43.697278], [-79.519486, 43.697471], [-79.519754, 43.697721], [-79.520041, 43.697971], [-79.520315, 43.69825], [-79.52044033333333, 43.69841733333333], [-79.52056566666667, 43.69858466666667], [-79.520691, 43.698752], [-79.520797, 43.698983]]}}, {"type": "Feature", "properties": {"name": "Rouge River", "class": "River", "covered": true}, "geometry": {"type": "LineString", "coordinates": [[-79.1944, 43.823854], [-79.19456, 43.823677], [-79.194576, 43.823429], [-79.194617, 43.823182], [-79.19445, 43.822911], [-79.194225, 43.822645], [-79.194089, 43.822361], [-79.194048, 43.822091], [-79.194148, 43.821884], [-79.194188, 43.821817], [-79.194262, 43.821745], [-79.194534, 43.821674], [-79.194658, 43.821462], [-79.194813, 43.821233], [-79.195049, 43.821094], [-79.195347, 43.821023], [-79.195631, 43.821114], [-79.195969, 43.821191], [-79.196321, 43.821138], [-79.196546, 43.820936], [-79.196614, 43.82068], [-79.196671, 43.820442], [-79.196675, 43.820176], [-79.196533, 43.81991], [-79.196311, 43.819752], [-79.196019, 43.819805], [-79.195763, 43.819823], [-79.195433, 43.81984], [-79.19513, 43.819762], [-79.194889, 43.819582], [-79.194583, 43.819495], [-79.194295, 43.819522], [-79.194037, 43.8194], [-79.193889, 43.819161], [-79.19388, 43.818899], [-79.193982, 43.818634], [-79.194104, 43.818346], [-79.1942, 43.818068], [-79.19431, 43.817793], [-79.194411, 43.817519], [-79.194608, 43.817299], [-79.194849, 43.817061], [-79.194954, 43.816787], [-79.194822, 43.816526], [-79.194544, 43.816336], [-79.19424, 43.816173], [-79.19399, 43.815988], [-79.193981, 43.815718], [-79.193849, 43.815447], [-79.193612, 43.815186], [-79.1934, 43.814956], [-79.193128, 43.814784], [-79.192765, 43.814679], [-79.192389, 43.814557], [-79.191986, 43.814436], [-79.191768, 43.814297], [-79.19153349999999, 43.814191], [-79.191299, 43.814085], [-79.1910285, 43.8139715], [-79.190758, 43.813858], [-79.190416, 43.813596], [-79.1902825, 43.8134275], [-79.190149, 43.813259], [-79.189742, 43.813055], [-79.189341, 43.813149], [-79.188989, 43.813309], [-79.188551, 43.81336], [-79.188184, 43.813501], [-79.188131, 43.813853], [-79.187919, 43.814167], [-79.187475, 43.814291], [-79.187049, 43.814262], [-79.186701, 43.814474], [-79.186268, 43.814552], [-79.185813, 43.814585], [-79.185725, 43.814611]]}}, {"type": "Feature", "properties": {"name": "Rouge River", "class": "River", "covered": true}, "geometry": {"type": "LineString", "coordinates": [[-79.196737, 43.825307], [-79.196999, 43.825219], [-79.197319, 43.825201], [-79.197706, 43.82518], [-79.19788, 43.825144], [-79.198208, 43.825032], [-79.198395, 43.824969], [-79.198657, 43.824855], [-79.198777, 43.824756], [-79.198881, 43.824647], [-79.198901, 43.824592], [-79.198901, 43.824476], [-79.198813, 43.824349], [-79.198681, 43.824265], [-79.198528, 43.824115], [-79.198404, 43.824037], [-79.198203, 43.823963], [-79.198076, 43.823896], [-79.197936, 43.823884], [-79.197811, 43.823926], [-79.197663, 43.823991], [-79.197192, 43.824061], [-79.196823, 43.824081], [-79.196602, 43.824037], [-79.196323, 43.823935], [-79.196168, 43.823837], [-79.196014, 43.823722], [-79.195859, 43.82364], [-79.195754, 43.823563], [-79.195662, 43.823537], [-79.195477, 43.823547], [-79.195229, 43.823631], [-79.195061, 43.823704], [-79.194962, 43.823809], [-79.194892, 43.823882], [-79.19482, 43.823941], [-79.194664, 43.823949], [-79.194503, 43.823918], [-79.1944, 43.823854]]}}, {"type": "Feature", "properties": {"name": "Humber River", "class": "River", "covered": true}, "geometry": {"type": "LineString", "coordinates": [[-79.53828, 43.711941], [-79.53812, 43.71209], [-79.537942, 43.712396], [-79.537882, 43.712617]]}}, {"type": "Feature", "properties": {"name": "Humber River", "class": "River", "covered": true}, "geometry": {"type": "LineString", "coordinates": [[-79.538819, 43.711573], [-79.538764, 43.711608], [-79.538483, 43.711772], [-79.538403, 43.71182], [-79.53828, 43.711941]]}}, {"type": "Feature", "properties": {"name": "Rouge River", "class": "River", "covered": true}, "geometry": {"type": "LineString", "coordinates": [[-79.203479, 43.82609], [-79.20306, 43.825931], [-79.2028415, 43.825835999999995], [-79.202623, 43.825741], [-79.20240100000001, 43.825652500000004], [-79.202179, 43.825564], [-79.201753, 43.825446], [-79.201346, 43.825589], [-79.201025, 43.825863], [-79.200869, 43.8260425], [-79.200713, 43.826222], [-79.200605, 43.826386], [-79.200497, 43.82655], [-79.2003645, 43.8267095], [-79.200232, 43.826869], [-79.2000845, 43.8270395], [-79.199937, 43.82721], [-79.199794, 43.8273875], [-79.199651, 43.827565]]}}, {"type": "Feature", "properties": {"name": "Little Rouge River", "class": "River", "covered": true}, "geometry": {"type": "LineString", "coordinates": [[-79.176575, 43.828045], [-79.176362, 43.827983], [-79.176006, 43.82791], [-79.175616, 43.827846], [-79.175241, 43.827791], [-79.175022, 43.827781], [-79.174936, 43.82779], [-79.174639, 43.827704], [-79.174364, 43.827487], [-79.174103, 43.82727], [-79.173805, 43.827098], [-79.173488, 43.82694], [-79.173331, 43.826647], [-79.173334, 43.826368], [-79.173456, 43.826148], [-79.173717, 43.826058], [-79.173981, 43.825996], [-79.174245, 43.825907], [-79.174486, 43.825741], [-79.174412, 43.825543], [-79.17421, 43.825349], [-79.1739, 43.825235], [-79.173581, 43.825131], [-79.173329, 43.824914], [-79.173282, 43.824839], [-79.173175, 43.824666], [-79.173083, 43.824409], [-79.173127, 43.824171], [-79.173283, 43.823955], [-79.173543, 43.823763], [-79.173817, 43.823601], [-79.174085, 43.823431], [-79.174194, 43.823229], [-79.173989, 43.823044], [-79.173749, 43.82294], [-79.173876, 43.822746], [-79.174008, 43.822499], [-79.174017, 43.822436], [-79.174032, 43.822369], [-79.174088, 43.82218], [-79.174239, 43.821915], [-79.174294, 43.821737], [-79.174318, 43.821658], [-79.174322, 43.821406], [-79.174132, 43.821149], [-79.173834, 43.820968], [-79.173511, 43.820977], [-79.173221, 43.821066], [-79.172908, 43.821191], [-79.172555, 43.821271], [-79.172239, 43.82127], [-79.171924, 43.821256], [-79.17163, 43.821421], [-79.171437, 43.82161], [-79.171196, 43.821762], [-79.170863, 43.82186], [-79.170539, 43.821778], [-79.170274, 43.821755], [-79.169997, 43.821849], [-79.169721, 43.822006], [-79.169456, 43.822108], [-79.169127, 43.822157], [-79.168829, 43.822016], [-79.168632, 43.821786], [-79.168395, 43.821601], [-79.168034, 43.821425]]}}, {"type": "Feature", "properties": {"name": "Don River", "class": "River", "covered": true}, "geometry": {"type": "LineString", "coordinates": [[-79.348177, 43.651955], [-79.34803866666667, 43.651772], [-79.34790033333334, 43.651589], [-79.347762, 43.651406], [-79.34762366666666, 43.651223], [-79.34748533333334, 43.65104], [-79.347347, 43.650857]]}}, {"type": "Feature", "properties": {"name": "Mimico Creek", "class": "River", "covered": true}, "geometry": {"type": "LineString", "coordinates": [[-79.496238, 43.631512], [-79.495973, 43.6315], [-79.4956785, 43.631391], [-79.495384, 43.631282], [-79.49513999999999, 43.631198999999995], [-79.494896, 43.631116], [-79.49452, 43.630963], [-79.4943065, 43.630843999999996], [-79.494093, 43.630725], [-79.49387899999999, 43.6305985], [-79.493665, 43.630472], [-79.493642, 43.630435]]}}, {"type": "Feature", "properties": {"name": "Mimico Creek", "class": "River", "covered": true}, "geometry": {"type": "LineString", "coordinates": [[-79.498985, 43.632051], [-79.499092, 43.631811], [-79.499126, 43.631637], [-79.49909, 43.631507], [-79.498964, 43.631402], [-79.498916, 43.631322], [-79.498874, 43.631251], [-79.498755, 43.63121], [-79.498627, 43.631151], [-79.498266, 43.630962], [-79.498012, 43.630875], [-79.49771, 43.63086], [-79.497462, 43.630917], [-79.49737, 43.630983], [-79.497232, 43.631138], [-79.496905, 43.631302], [-79.496544, 43.631428], [-79.496238, 43.631512]]}}, {"type": "Feature", "properties": {"name": "Mimico Creek", "class": "River", "covered": true}, "geometry": {"type": "LineString", "coordinates": [[-79.502785, 43.634146], [-79.502589, 43.634028], [-79.502455, 43.633945], [-79.50236, 43.633883], [-79.502224, 43.633797], [-79.502015, 43.633673], [-79.501896, 43.63361], [-79.501783, 43.633546], [-79.501686, 43.633493], [-79.501522, 43.633472], [-79.501337, 43.633475], [-79.501146, 43.633508], [-79.500861, 43.633566], [-79.500613, 43.633617], [-79.500177, 43.633675], [-79.4998835, 43.633719], [-79.49959, 43.633763], [-79.499415, 43.633799], [-79.499206, 43.633817], [-79.499125, 43.63374], [-79.499044, 43.633611], [-79.49896, 43.633502], [-79.498886, 43.633338], [-79.49881, 43.633095], [-79.498705, 43.632864], [-79.49872, 43.632671], [-79.498757, 43.632496], [-79.49887100000001, 43.6322735], [-79.498985, 43.632051]]}}, {"type": "Feature", "properties": {"name": "Adams Creek", "class": "Creek/Tributary", "covered": true}, "geometry": {"type": "LineString", "coordinates": [[-79.125503, 43.784123], [-79.125428, 43.78398]]}}, {"type": "Feature", "properties": {"name": "Berry Creek", "class": "Creek/Tributary", "covered": true}, "geometry": {"type": "LineString", "coordinates": [[-79.544041, 43.718886], [-79.543962, 43.718794], [-79.543789, 43.718682], [-79.543704, 43.718619]]}}, {"type": "Feature", "properties": {"name": "Adams Creek", "class": "Creek/Tributary", "covered": true}, "geometry": {"type": "LineString", "coordinates": [[-79.133804, 43.785942], [-79.133586, 43.785881], [-79.133196, 43.785765], [-79.132905, 43.785709], [-79.132646, 43.785637], [-79.132415, 43.785621], [-79.13213, 43.785582], [-79.131852, 43.785627], [-79.131589, 43.785694], [-79.131372, 43.78577], [-79.131105, 43.785826], [-79.130801, 43.78588], [-79.130544, 43.785913], [-79.13031, 43.785872], [-79.130024, 43.785823], [-79.129705, 43.785771], [-79.129539, 43.78576], [-79.129406, 43.785751], [-79.129236, 43.785702], [-79.129232, 43.785701], [-79.128872, 43.785623], [-79.128687, 43.785497], [-79.128537, 43.785443], [-79.12814, 43.785265], [-79.128078, 43.785151], [-79.12802, 43.785044], [-79.12787, 43.784976], [-79.127727, 43.784967], [-79.12764, 43.784948], [-79.127397, 43.784821], [-79.127049, 43.784696], [-79.126818, 43.784646], [-79.126615, 43.784572]]}}, {"type": "Feature", "properties": {"name": "Adams Creek", "class": "Creek/Tributary", "covered": true}, "geometry": {"type": "LineString", "coordinates": [[-79.135112, 43.787247], [-79.135145, 43.787148], [-79.135163, 43.7871], [-79.135163, 43.787072], [-79.135176, 43.787037], [-79.135168, 43.786993], [-79.135181, 43.78696], [-79.135195, 43.786921], [-79.135213, 43.786906], [-79.135238, 43.786897], [-79.135238, 43.786883], [-79.135226, 43.786867], [-79.13519, 43.786848], [-79.135163, 43.786827], [-79.135145, 43.786788], [-79.135125, 43.786739], [-79.135101, 43.786705], [-79.135082, 43.786693], [-79.135046, 43.786696], [-79.134972, 43.786703], [-79.134905, 43.786693], [-79.134861, 43.786675], [-79.134839, 43.786645], [-79.134821, 43.786619], [-79.13479, 43.786607], [-79.134744, 43.786611], [-79.1347, 43.786635], [-79.134649, 43.786644], [-79.134612, 43.786639], [-79.134589, 43.786607], [-79.13458, 43.786571], [-79.134563, 43.786527], [-79.13456, 43.786485], [-79.134577, 43.786438], [-79.134589, 43.786403], [-79.13451, 43.78642], [-79.134465, 43.78642], [-79.134423, 43.786409], [-79.134397, 43.786384], [-79.13437, 43.786356], [-79.134365, 43.786309], [-79.13436, 43.786252], [-79.134356, 43.786202], [-79.134333, 43.786156], [-79.134312, 43.786112], [-79.134283, 43.78609], [-79.134246, 43.786086], [-79.134185, 43.786057], [-79.134125, 43.786028], [-79.134088, 43.786014], [-79.134053, 43.78599], [-79.134006, 43.785973], [-79.133957, 43.785958], [-79.133804, 43.785942]]}}, {"type": "Feature", "properties": {"name": "Adams Creek", "class": "Creek/Tributary", "covered": true}, "geometry": {"type": "LineString", "coordinates": [[-79.135024, 43.788451], [-79.13502, 43.7884], [-79.134998, 43.78833], [-79.134956, 43.788231], [-79.134933, 43.788155], [-79.134895, 43.788108], [-79.134859, 43.788047], [-79.134825, 43.78799], [-79.134832, 43.78794], [-79.13486, 43.787886], [-79.134944, 43.787673], [-79.135028, 43.78746], [-79.135112, 43.787247]]}}, {"type": "Feature", "properties": {"name": "Albion Creek", "class": "Creek/Tributary", "covered": true}, "geometry": {"type": "LineString", "coordinates": [[-79.576319, 43.742514], [-79.576178, 43.742343], [-79.576032, 43.742215], [-79.575892, 43.742091], [-79.575861, 43.742007], [-79.575817, 43.741935], [-79.575727, 43.741856], [-79.575627, 43.741798], [-79.575542, 43.741749], [-79.575447, 43.741665], [-79.575416, 43.741581], [-79.575376, 43.741473], [-79.575286, 43.741394], [-79.575151, 43.741347], [-79.574981, 43.741316], [-79.5747125, 43.741277999999994], [-79.574444, 43.74124], [-79.5741755, 43.741202], [-79.573907, 43.741164], [-79.573656, 43.741121], [-79.573318, 43.74107], [-79.573007, 43.741016], [-79.572786, 43.740978], [-79.572631, 43.740951], [-79.572553, 43.740929], [-79.572484, 43.7409], [-79.572429, 43.740864], [-79.572384, 43.7408], [-79.572377, 43.740733], [-79.572382, 43.740665], [-79.572393, 43.740623], [-79.572387, 43.74056], [-79.572368, 43.740496], [-79.572386, 43.740434], [-79.57239, 43.740382], [-79.572358, 43.740336], [-79.57233, 43.740266], [-79.572311, 43.740161], [-79.572305, 43.740067], [-79.5723, 43.73994], [-79.572314, 43.739849], [-79.572326, 43.739763], [-79.572322, 43.739616], [-79.5723, 43.739457], [-79.572267, 43.739296]]}}, {"type": "Feature", "properties": {"name": "Albion Creek", "class": "Creek/Tributary", "covered": true}, "geometry": {"type": "LineString", "coordinates": [[-79.581268, 43.742334], [-79.580989, 43.742353], [-79.580674, 43.742375]]}}, {"type": "Feature", "properties": {"name": "Albion Creek", "class": "Creek/Tributary", "covered": true}, "geometry": {"type": "LineString", "coordinates": [[-79.580674, 43.742375], [-79.580431, 43.742387], [-79.580126, 43.742414499999995], [-79.579821, 43.742442], [-79.57953499999999, 43.742472], [-79.579249, 43.742501999999995], [-79.578963, 43.742532], [-79.578963, 43.742532], [-79.57868657142858, 43.74257257142857], [-79.57841014285714, 43.74261314285714], [-79.57813371428571, 43.74265371428571], [-79.57785728571429, 43.742694285714286], [-79.57758085714286, 43.74273485714286], [-79.57730442857142, 43.74277542857143], [-79.577028, 43.742816], [-79.57689, 43.742836], [-79.576786, 43.742836], [-79.57671, 43.742824], [-79.576638, 43.742782], [-79.576531, 43.742685], [-79.576319, 43.742514]]}}, {"type": "Feature", "properties": {"name": "Berry Creek", "class": "Creek/Tributary", "covered": true}, "geometry": {"type": "LineString", "coordinates": [[-79.550871, 43.719883], [-79.55062749999999, 43.72001], [-79.550384, 43.720137], [-79.550008, 43.720261], [-79.549707, 43.720255], [-79.549506, 43.72022], [-79.549249, 43.720273], [-79.548988, 43.720328], [-79.548798, 43.720261], [-79.54861, 43.72015], [-79.548454, 43.720095], [-79.548251, 43.72009], [-79.547869, 43.720108], [-79.547606, 43.720195], [-79.547386, 43.720267], [-79.547168, 43.720313], [-79.546825, 43.720253], [-79.546522, 43.720146], [-79.546279, 43.720061], [-79.546115, 43.720032], [-79.545923, 43.720028], [-79.545815, 43.720009], [-79.545665, 43.719844], [-79.545547, 43.719643], [-79.545353, 43.719501], [-79.545017, 43.719382], [-79.54472, 43.719234], [-79.54434, 43.719046], [-79.544041, 43.718886]]}}, {"type": "Feature", "properties": {"name": "Berry Creek", "class": "Creek/Tributary", "covered": true}, "geometry": {"type": "LineString", "coordinates": [[-79.554738, 43.719608], [-79.554482, 43.719653], [-79.554196, 43.719699], [-79.553918, 43.719735], [-79.553665, 43.719757], [-79.553391, 43.719767], [-79.553123, 43.719704], [-79.55292, 43.7196], [-79.552745, 43.719488], [-79.552557, 43.719371], [-79.552364, 43.719285], [-79.552177, 43.719285], [-79.552057, 43.719394], [-79.551889, 43.719421], [-79.551669, 43.719466], [-79.551453, 43.719515], [-79.551276, 43.719583], [-79.551136, 43.719696], [-79.550985, 43.719799], [-79.550871, 43.719883]]}}, {"type": "Feature", "properties": {"name": "Berry Creek", "class": "Creek/Tributary", "covered": true}, "geometry": {"type": "LineString", "coordinates": [[-79.560275, 43.721181], [-79.560027, 43.721082], [-79.559759, 43.720965], [-79.559649, 43.720938], [-79.559499, 43.720902], [-79.559238, 43.720839], [-79.559167, 43.720821]]}}, {"type": "Feature", "properties": {"name": "Berry Creek", "class": "Creek/Tributary", "covered": true}, "geometry": {"type": "LineString", "coordinates": [[-79.564169, 43.72333], [-79.563941, 43.723272], [-79.563677, 43.723173], [-79.563407, 43.723078], [-79.563153, 43.722993], [-79.562879, 43.722912], [-79.562595, 43.722809], [-79.562297, 43.722696], [-79.56204, 43.722548], [-79.561819, 43.722377], [-79.56163, 43.72222], [-79.561424, 43.722058], [-79.561185, 43.721873], [-79.560959, 43.721702], [-79.560756, 43.721536], [-79.560537, 43.721369], [-79.560304, 43.721194], [-79.560275, 43.721181]]}}, {"type": "Feature", "properties": {"name": "Berry Creek", "class": "Creek/Tributary", "covered": true}, "geometry": {"type": "LineString", "coordinates": [[-79.569092, 43.722193], [-79.569017, 43.72218], [-79.56872, 43.722085], [-79.568475, 43.722004], [-79.568206, 43.721946], [-79.567949, 43.721942], [-79.567657, 43.722], [-79.56739, 43.722077], [-79.567113, 43.722176], [-79.566835, 43.722293], [-79.566586, 43.722415], [-79.566349, 43.722537], [-79.566091, 43.722649], [-79.565812, 43.722767], [-79.565568, 43.722875], [-79.565325, 43.722978], [-79.565082, 43.723064], [-79.56485950000001, 43.723147499999996], [-79.564637, 43.723231], [-79.564434, 43.723298], [-79.56419, 43.723335], [-79.564169, 43.72333]]}}, {"type": "Feature", "properties": {"name": "Berry Creek", "class": "Creek/Tributary", "covered": true}, "geometry": {"type": "LineString", "coordinates": [[-79.571915, 43.722515], [-79.571802, 43.722547], [-79.571548, 43.722624], [-79.571324, 43.722678], [-79.571088, 43.722678], [-79.570839, 43.722642], [-79.570637, 43.722575], [-79.570384, 43.722503], [-79.5701, 43.722436], [-79.569847, 43.722359], [-79.56958, 43.72231], [-79.569337, 43.722238], [-79.569092, 43.722193]]}}, {"type": "Feature", "properties": {"name": "Berry Creek", "class": "Creek/Tributary", "covered": true}, "geometry": {"type": "LineString", "coordinates": [[-79.582758, 43.718008], [-79.582724, 43.718035], [-79.582655, 43.718125], [-79.582556, 43.718206], [-79.582431, 43.718291], [-79.582382, 43.718355], [-79.582327, 43.718427], [-79.582199, 43.718535], [-79.582075, 43.718634], [-79.581964, 43.718694], [-79.581909, 43.718742], [-79.581885, 43.718762], [-79.581829, 43.718836], [-79.581721, 43.718896], [-79.581646, 43.718958], [-79.58134, 43.719062], [-79.581258, 43.719073], [-79.581095, 43.719111], [-79.580912, 43.719148], [-79.580817, 43.719161], [-79.580652, 43.719202], [-79.580573, 43.719219], [-79.580265, 43.719324], [-79.580021, 43.719478], [-79.579969, 43.719535], [-79.579867, 43.719621], [-79.579775, 43.719724], [-79.57968, 43.719797], [-79.579568, 43.71986], [-79.579294, 43.719968], [-79.579158, 43.719977], [-79.579043, 43.719991], [-79.578897, 43.719991], [-79.578699, 43.720004], [-79.578623, 43.720004], [-79.578566, 43.720004], [-79.578436, 43.720013], [-79.578255, 43.720032], [-79.578092, 43.720059], [-79.577918, 43.720086], [-79.577782, 43.720117], [-79.577662, 43.720185], [-79.577584, 43.720245], [-79.577552, 43.720271], [-79.577437, 43.720325], [-79.577281, 43.72041], [-79.577194, 43.720473], [-79.577086, 43.720537], [-79.576987, 43.720617], [-79.576972, 43.720639], [-79.576846, 43.720816], [-79.576803, 43.720974], [-79.576772, 43.721009], [-79.576751, 43.721077], [-79.576717, 43.721153], [-79.576665, 43.721243], [-79.576635, 43.721311], [-79.576581, 43.72141], [-79.576551, 43.72149], [-79.576503, 43.721558], [-79.576249, 43.72164], [-79.575961, 43.721671], [-79.575646, 43.721689], [-79.575433, 43.721696], [-79.575415, 43.721696], [-79.575328, 43.721698], [-79.575247, 43.721701], [-79.575218, 43.721702], [-79.575021, 43.721708], [-79.574674, 43.721722], [-79.574517, 43.721731], [-79.57442, 43.721731], [-79.574321, 43.721737], [-79.574273, 43.72174], [-79.574219, 43.721747], [-79.574109, 43.721753], [-79.57385, 43.721794], [-79.573542, 43.721871], [-79.573259, 43.721966], [-79.573008, 43.722083], [-79.572886, 43.722143], [-79.572787, 43.722191], [-79.572669, 43.722237], [-79.572623, 43.722258], [-79.572546, 43.722285], [-79.572324, 43.722362], [-79.572153, 43.722448], [-79.572053, 43.722479], [-79.572039, 43.722484], [-79.571915, 43.722515]]}}, {"type": "Feature", "properties": {"name": "Emery Creek", "class": "Creek/Tributary", "covered": true}, "geometry": {"type": "LineString", "coordinates": [[-79.5443, 43.743034], [-79.5443, 43.743025], [-79.544299, 43.743023], [-79.544288, 43.742879], [-79.544277, 43.742715], [-79.544303, 43.742608], [-79.54431, 43.742556], [-79.544367, 43.742397], [-79.544417, 43.742249], [-79.544475, 43.742106], [-79.54459, 43.741962], [-79.544715, 43.741844], [-79.544809, 43.741756], [-79.544886, 43.741699], [-79.544917, 43.74168], [-79.545044, 43.741593], [-79.54515, 43.74151], [-79.545284, 43.741424], [-79.545397, 43.741325], [-79.545486, 43.741195], [-79.545591, 43.741078], [-79.545668, 43.740968], [-79.545747, 43.740833], [-79.545879, 43.740707], [-79.546029, 43.740595], [-79.546138, 43.74052]]}}, {"type": "Feature", "properties": {"name": "Emery Creek", "class": "Creek/Tributary", "covered": true}, "geometry": {"type": "LineString", "coordinates": [[-79.544219, 43.743573], [-79.544245, 43.743469], [-79.544266, 43.743387], [-79.54429, 43.743225], [-79.544298, 43.743159], [-79.5443, 43.743034]]}}, {"type": "Feature", "properties": {"name": "Emery Creek", "class": "Creek/Tributary", "covered": true}, "geometry": {"type": "LineString", "coordinates": [[-79.544115, 43.743725], [-79.544187, 43.743644], [-79.544219, 43.743573]]}}, {"type": "Feature", "properties": {"name": "Emery Creek", "class": "Creek/Tributary", "covered": true}, "geometry": {"type": "LineString", "coordinates": [[-79.541779, 43.746432], [-79.541779, 43.746409], [-79.541782, 43.746342], [-79.541802, 43.746246], [-79.541843, 43.74616], [-79.541886, 43.746062], [-79.54193, 43.745988], [-79.541971, 43.745934], [-79.542014, 43.745891], [-79.542093, 43.74586], [-79.54218, 43.74581], [-79.542277, 43.745743], [-79.542346, 43.745693], [-79.542382, 43.745661], [-79.542415, 43.745628], [-79.542436, 43.745598], [-79.542441, 43.745572], [-79.542431, 43.745549], [-79.542408, 43.745487], [-79.542378, 43.745423], [-79.542336, 43.745356], [-79.542269, 43.74529], [-79.542199, 43.745221], [-79.542155, 43.745183], [-79.542113, 43.745131], [-79.542102, 43.74509], [-79.542099, 43.745026], [-79.542105, 43.744911], [-79.542127, 43.744818], [-79.542166, 43.744715], [-79.542218, 43.7446], [-79.542255, 43.744544], [-79.542285, 43.744495], [-79.54233, 43.744447], [-79.542391, 43.744415], [-79.542477, 43.744374], [-79.542613, 43.744322], [-79.542752, 43.74428], [-79.542941, 43.744213], [-79.543111, 43.744148], [-79.543434, 43.744031], [-79.543671, 43.743937], [-79.543893, 43.743831], [-79.544115, 43.743725]]}}, {"type": "Feature", "properties": {"name": "Emery Creek", "class": "Creek/Tributary", "covered": true}, "geometry": {"type": "LineString", "coordinates": [[-79.541865, 43.746912], [-79.541813, 43.746772], [-79.541811, 43.746763], [-79.541795, 43.746641], [-79.541779, 43.746483], [-79.541779, 43.746432]]}}, {"type": "Feature", "properties": {"name": "Emery Creek", "class": "Creek/Tributary", "covered": true}, "geometry": {"type": "LineString", "coordinates": [[-79.541978, 43.747548], [-79.54194033333333, 43.747336000000004], [-79.54190266666667, 43.747124], [-79.541865, 43.746912]]}}, {"type": "Feature", "properties": {"name": "Thornton Creek", "class": "Creek/Tributary", "covered": true}, "geometry": {"type": "LineString", "coordinates": [[-79.148394, 43.769958], [-79.148312, 43.769974], [-79.14818, 43.77001], [-79.148033, 43.770045], [-79.147913, 43.770081], [-79.147829, 43.770112], [-79.147695, 43.770148], [-79.147606, 43.77017], [-79.147534, 43.770188], [-79.147443, 43.770215]]}}, {"type": "Feature", "properties": {"name": "Thornton Creek", "class": "Creek/Tributary", "covered": true}, "geometry": {"type": "LineString", "coordinates": [[-79.153023, 43.769421], [-79.152974, 43.769435], [-79.152919, 43.769443], [-79.152849, 43.769457], [-79.152748, 43.769452], [-79.152625, 43.769434], [-79.1525, 43.769447], [-79.152408, 43.769473], [-79.152347, 43.769496], [-79.152291, 43.769523], [-79.15222, 43.769563], [-79.152177, 43.769603], [-79.15218, 43.769666], [-79.152176, 43.769729], [-79.152131, 43.769761], [-79.15208, 43.769792], [-79.152027, 43.769814], [-79.151894, 43.769836], [-79.151767, 43.769854], [-79.151674, 43.769854], [-79.151619, 43.769863], [-79.151577, 43.769862], [-79.151367, 43.769817], [-79.151287, 43.769812], [-79.151186, 43.769807], [-79.151064, 43.769811], [-79.150923, 43.769824], [-79.150835, 43.769856], [-79.150776, 43.769887], [-79.150695, 43.769887], [-79.150578, 43.769864], [-79.150448, 43.769841], [-79.150382, 43.769859], [-79.150342, 43.769881], [-79.150263, 43.769886], [-79.150144, 43.769854], [-79.150035, 43.769808], [-79.14993, 43.769781], [-79.149817, 43.769731], [-79.149733, 43.769677], [-79.149647, 43.769645], [-79.149599, 43.769658], [-79.149552, 43.769708], [-79.14954, 43.769771], [-79.149494, 43.769829], [-79.149419, 43.769869], [-79.149325, 43.769892], [-79.149211, 43.769896], [-79.149106, 43.769882], [-79.149005, 43.769873], [-79.148863, 43.769913], [-79.148754, 43.769912], [-79.148628, 43.769926], [-79.148489, 43.769939], [-79.148394, 43.769958]]}}, {"type": "Feature", "properties": {"name": "Thornton Creek", "class": "Creek/Tributary", "covered": true}, "geometry": {"type": "LineString", "coordinates": [[-79.158737, 43.767881], [-79.158653, 43.767894], [-79.158459, 43.767931], [-79.158221, 43.76799], [-79.157871, 43.76803], [-79.157702, 43.767942], [-79.1576, 43.767899], [-79.157346, 43.768043], [-79.157163, 43.768035], [-79.156983, 43.767999], [-79.156815, 43.768009], [-79.156612, 43.768049], [-79.156424, 43.768143], [-79.156268, 43.768248], [-79.156182, 43.768391], [-79.156046, 43.76846], [-79.155919, 43.768338], [-79.155802, 43.768241], [-79.155702, 43.768147], [-79.155477, 43.768123], [-79.155372, 43.768069], [-79.155273, 43.767948], [-79.155073, 43.768057], [-79.154859, 43.768131], [-79.154644, 43.768115], [-79.154505, 43.768094], [-79.154295, 43.768054], [-79.154118, 43.768112], [-79.153735, 43.76825], [-79.153642, 43.768266], [-79.153569, 43.768262], [-79.153465, 43.768257], [-79.153358, 43.768288], [-79.153252, 43.768292], [-79.15315, 43.768274], [-79.15303, 43.768256], [-79.152944, 43.768255], [-79.152811, 43.768259], [-79.152699, 43.768264], [-79.152608, 43.768259], [-79.152512, 43.768236], [-79.152458, 43.768213], [-79.1524, 43.7682], [-79.152311, 43.76819], [-79.152245, 43.768195], [-79.152154, 43.768203], [-79.152084, 43.768208], [-79.152018, 43.768203], [-79.151945, 43.768203], [-79.151856, 43.768207], [-79.151805, 43.768225], [-79.151758, 43.768243], [-79.151722, 43.76827], [-79.151674, 43.76831], [-79.151674, 43.768369], [-79.151696, 43.768414], [-79.151741, 43.768472], [-79.151798, 43.768535], [-79.151869, 43.768594], [-79.151913, 43.76868], [-79.151956, 43.768765], [-79.152002, 43.768815], [-79.152049, 43.768874], [-79.15212, 43.768973], [-79.152216, 43.769059], [-79.152291, 43.769104], [-79.152395, 43.769127], [-79.152498, 43.769132], [-79.152655, 43.769132], [-79.15281, 43.769155], [-79.152886, 43.769155], [-79.152932, 43.769182], [-79.153017, 43.76925], [-79.153059, 43.769318], [-79.153059, 43.769354], [-79.153023, 43.769421]]}}, {"type": "Feature", "properties": {"name": "West Hill Watercourse", "class": "Creek/Tributary", "covered": true}, "geometry": {"type": "LineString", "coordinates": [[-79.159219, 43.770856], [-79.159129, 43.770847], [-79.159087, 43.770838], [-79.158873, 43.770777], [-79.158747, 43.770831], [-79.15846, 43.770889], [-79.158144, 43.770897], [-79.157985, 43.770893], [-79.157795, 43.770833], [-79.157571, 43.77072], [-79.157403, 43.770567], [-79.157315, 43.770528], [-79.157204, 43.770514], [-79.157029, 43.77047], [-79.156819, 43.770364], [-79.156651, 43.770349], [-79.156364, 43.770492], [-79.156124, 43.770494], [-79.155869, 43.770441], [-79.155692, 43.770302], [-79.155515, 43.770163], [-79.155333, 43.7701], [-79.155251, 43.770035], [-79.155132, 43.769928], [-79.154968, 43.769867], [-79.154802, 43.769848], [-79.154661, 43.769786], [-79.154565, 43.76965], [-79.15441, 43.769611], [-79.154377, 43.769548], [-79.154208, 43.769485], [-79.153996, 43.769405], [-79.153804, 43.769361], [-79.153688, 43.769334], [-79.153614, 43.769354], [-79.153576, 43.769421], [-79.153526, 43.769448], [-79.153467, 43.76945], [-79.153417, 43.769431], [-79.153363, 43.769411], [-79.153378, 43.76944], [-79.153355, 43.769453], [-79.153294, 43.769439], [-79.153227, 43.769457], [-79.153136, 43.76946], [-79.153023, 43.769421]]}}, {"type": "Feature", "properties": {"name": "Thornton Creek", "class": "Creek/Tributary", "covered": false}, "geometry": {"type": "LineString", "coordinates": [[-79.178597, 43.766009], [-79.178427, 43.766026], [-79.178088, 43.766043], [-79.177747, 43.766049], [-79.177421, 43.766035], [-79.177025, 43.766024], [-79.176675, 43.766081], [-79.176363, 43.766173], [-79.176009, 43.766195], [-79.17563, 43.766199], [-79.175248, 43.766228], [-79.174891, 43.766325]]}}, {"type": "Feature", "properties": {"name": "Thornton Creek", "class": "Creek/Tributary", "covered": true}, "geometry": {"type": "LineString", "coordinates": [[-79.174891, 43.766325], [-79.17473, 43.766377], [-79.174719, 43.766379], [-79.17455, 43.766407]]}}, {"type": "Feature", "properties": {"name": "Thornton Creek", "class": "Creek/Tributary", "covered": true}, "geometry": {"type": "LineString", "coordinates": [[-79.183162, 43.766649], [-79.183076, 43.766611], [-79.182983, 43.766521], [-79.182868, 43.766407], [-79.182759, 43.76627], [-79.182633, 43.7662], [-79.182436, 43.766173], [-79.182261, 43.76609], [-79.182125, 43.765999], [-79.181968, 43.765909], [-79.181838, 43.765749], [-79.18173, 43.765734], [-79.18151, 43.765923], [-79.181173, 43.76587], [-79.181129, 43.766007], [-79.180911, 43.765964], [-79.1808, 43.766109], [-79.180602, 43.766096], [-79.180405, 43.766089], [-79.180247, 43.766054]]}}, {"type": "Feature", "properties": {"name": "Thornton Creek", "class": "Creek/Tributary", "covered": true}, "geometry": {"type": "LineString", "coordinates": [[-79.180247, 43.766054], [-79.180208, 43.766045], [-79.180082, 43.766019]]}}, {"type": "Feature", "properties": {"name": "Thornton Creek", "class": "Creek/Tributary", "covered": true}, "geometry": {"type": "LineString", "coordinates": [[-79.180082, 43.766019], [-79.179941, 43.765989], [-79.179935, 43.765987]]}}, {"type": "Feature", "properties": {"name": "Thornton Creek", "class": "Creek/Tributary", "covered": false}, "geometry": {"type": "LineString", "coordinates": [[-79.179935, 43.765987], [-79.179859, 43.765992], [-79.179643, 43.765989], [-79.179462, 43.765936], [-79.17918, 43.765946], [-79.178915, 43.765972], [-79.178693, 43.766], [-79.178597, 43.766009]]}}, {"type": "Feature", "properties": {"name": "Thornton Creek", "class": "Creek/Tributary", "covered": true}, "geometry": {"type": "LineString", "coordinates": [[-79.17455, 43.766407], [-79.174548, 43.766407], [-79.174292, 43.766457], [-79.17402, 43.766534], [-79.173763, 43.766556], [-79.173545, 43.766537], [-79.173315, 43.766505], [-79.173027, 43.766473], [-79.172751, 43.766433], [-79.172485, 43.766369], [-79.172232, 43.766291], [-79.172024, 43.766262], [-79.171877, 43.766328], [-79.171796, 43.766348], [-79.171571, 43.766255], [-79.171348, 43.766258], [-79.17109, 43.766235], [-79.170885, 43.766258], [-79.170723, 43.766401], [-79.170516, 43.766395], [-79.170323, 43.76623], [-79.170059, 43.766134], [-79.169854, 43.766113], [-79.169645, 43.766222], [-79.169412, 43.766245], [-79.169162, 43.766252], [-79.168885, 43.766218], [-79.168647, 43.766145], [-79.168395, 43.766067], [-79.168135, 43.766098], [-79.167878, 43.766209], [-79.167585, 43.766302], [-79.167349, 43.766407], [-79.167125, 43.766502], [-79.166856, 43.766586], [-79.16658, 43.76663], [-79.166342, 43.766643], [-79.166071, 43.766618], [-79.165844, 43.766579], [-79.1657, 43.766597], [-79.165522, 43.766594], [-79.16537, 43.766606], [-79.16522, 43.766715], [-79.165126, 43.766834], [-79.164858, 43.766892], [-79.164522, 43.766969], [-79.164339, 43.767105], [-79.164174, 43.767155], [-79.163903, 43.767165], [-79.163849, 43.767167], [-79.163607, 43.767226], [-79.163302, 43.767329], [-79.163124, 43.767459], [-79.163009, 43.767592], [-79.16276, 43.767699], [-79.162432, 43.767816], [-79.162307, 43.767926], [-79.162185, 43.767955], [-79.16207, 43.767886], [-79.161891, 43.767877], [-79.161783, 43.76795], [-79.161613, 43.767977], [-79.161295, 43.767976], [-79.161066, 43.768009], [-79.160795, 43.768055], [-79.16053, 43.768033], [-79.160281, 43.768115], [-79.160007, 43.768121], [-79.159771, 43.768017], [-79.159621, 43.767828], [-79.159459, 43.767674], [-79.15937, 43.767653], [-79.159298, 43.767659], [-79.159126, 43.767772], [-79.159013, 43.767835], [-79.158871, 43.767871], [-79.158737, 43.767881]]}}, {"type": "Feature", "properties": {"name": "Don River E Branch", "class": "River", "covered": true}, "geometry": {"type": "LineString", "coordinates": [[-79.397688, 43.787147], [-79.397669, 43.787067], [-79.397621, 43.786936], [-79.397565, 43.786926], [-79.397318, 43.786845], [-79.397062, 43.786798], [-79.396779, 43.786816], [-79.396532, 43.786846], [-79.396288, 43.78684], [-79.396056, 43.786855], [-79.395857, 43.786947], [-79.39581, 43.787005], [-79.395781, 43.787021], [-79.39572, 43.787011], [-79.395619, 43.786941], [-79.395515, 43.78693], [-79.3954, 43.786926], [-79.395363, 43.786912], [-79.395261, 43.786824], [-79.395017, 43.786722], [-79.394744, 43.786582], [-79.394493, 43.786476], [-79.394218, 43.786389], [-79.393949, 43.786284], [-79.393757, 43.786237], [-79.393692, 43.786202], [-79.393662, 43.786146], [-79.393638, 43.786057], [-79.393593, 43.785972], [-79.393571, 43.78589], [-79.393464, 43.785754], [-79.393372, 43.785637], [-79.393252, 43.785461], [-79.393118, 43.785265], [-79.393035, 43.785142], [-79.392983, 43.785045], [-79.392509, 43.785053], [-79.392147, 43.785006]]}}, {"type": "Feature", "properties": {"name": "Highland Creek", "class": "River", "covered": true}, "geometry": {"type": "LineString", "coordinates": [[-79.145013, 43.767075], [-79.14504600000001, 43.76684066666667], [-79.145079, 43.76660633333333], [-79.145112, 43.766372]]}}, {"type": "Feature", "properties": {"name": "Highland Creek", "class": "River", "covered": true}, "geometry": {"type": "LineString", "coordinates": [[-79.14517, 43.767306], [-79.145052, 43.767207], [-79.145013, 43.767075]]}}, {"type": "Feature", "properties": {"name": "Highland Creek", "class": "River", "covered": true}, "geometry": {"type": "LineString", "coordinates": [[-79.145431, 43.769278], [-79.14544833333333, 43.76908], [-79.14546566666667, 43.768882], [-79.145483, 43.768684], [-79.145509, 43.768403], [-79.145483, 43.768233], [-79.145344, 43.767903], [-79.145262, 43.76771], [-79.145279, 43.767522], [-79.14517, 43.767306]]}}, {"type": "Feature", "properties": {"name": "Highland Creek", "class": "River", "covered": true}, "geometry": {"type": "LineString", "coordinates": [[-79.147443, 43.770215], [-79.147271, 43.770027], [-79.147113, 43.769926], [-79.146954, 43.769854], [-79.146829, 43.769825], [-79.146695, 43.769871], [-79.146478, 43.769996], [-79.146295, 43.770101], [-79.146115, 43.770162], [-79.145974, 43.770173], [-79.145823, 43.770103], [-79.145641, 43.77002], [-79.145575, 43.769913], [-79.145536, 43.769753], [-79.145536, 43.769621], [-79.145464, 43.769454], [-79.145431, 43.769278]]}}, {"type": "Feature", "properties": {"name": "Centennial Creek", "class": "Creek/Tributary", "covered": true}, "geometry": {"type": "LineString", "coordinates": [[-79.149845, 43.781343], [-79.149744, 43.781142], [-79.149744, 43.780959], [-79.149632, 43.78081], [-79.149728, 43.780674], [-79.149721, 43.780554], [-79.149523, 43.780524], [-79.149624, 43.780392], [-79.149459, 43.780282], [-79.149276, 43.780222], [-79.149116, 43.780268], [-79.148971, 43.780214], [-79.148805, 43.780119], [-79.148587, 43.780004], [-79.148536, 43.779808], [-79.148372, 43.779646], [-79.148441, 43.77943], [-79.148492, 43.779255], [-79.148512, 43.779091], [-79.148446, 43.778919], [-79.148296, 43.778795], [-79.148369, 43.778612], [-79.148516, 43.77851], [-79.148651, 43.778412], [-79.148768, 43.778276], [-79.148777, 43.778141], [-79.148864, 43.777979], [-79.148985, 43.77784], [-79.148817, 43.777704], [-79.148793, 43.777577], [-79.148758, 43.77739], [-79.148843, 43.777183], [-79.1489875, 43.7769765], [-79.149132, 43.77677]]}}, {"type": "Feature", "properties": {"name": "Centennial Creek", "class": "Creek/Tributary", "covered": true}, "geometry": {"type": "LineString", "coordinates": [[-79.154541, 43.786658], [-79.154344, 43.786392], [-79.154114, 43.786294], [-79.153971, 43.786137], [-79.153933, 43.785945], [-79.153691, 43.785884], [-79.153405, 43.785771], [-79.153228, 43.785638], [-79.153025, 43.785543], [-79.152851, 43.785426], [-79.152624, 43.785304], [-79.152418, 43.785176], [-79.152266, 43.785041], [-79.152047, 43.784856], [-79.151776, 43.784751], [-79.151619, 43.784594], [-79.15149, 43.784422], [-79.151217, 43.784322], [-79.151031, 43.784205], [-79.150813, 43.784102], [-79.150609, 43.783935], [-79.15053, 43.783798], [-79.150486, 43.783568], [-79.150411, 43.783343], [-79.150377, 43.783138], [-79.15037, 43.782915], [-79.150322, 43.782709], [-79.150229, 43.782543], [-79.150184, 43.782355], [-79.150092, 43.782166], [-79.150092, 43.781988], [-79.150006, 43.781885], [-79.149966, 43.781741], [-79.149884, 43.781538], [-79.149845, 43.781343]]}}, {"type": "Feature", "properties": {"name": "Centennial Creek", "class": "Creek/Tributary", "covered": true}, "geometry": {"type": "LineString", "coordinates": [[-79.16254, 43.790377], [-79.162357, 43.790362], [-79.162156, 43.790388], [-79.161924, 43.790388], [-79.161689, 43.790276], [-79.161498, 43.790203], [-79.161275, 43.79018], [-79.161031, 43.79016], [-79.160804, 43.790081], [-79.160649, 43.790019], [-79.160333, 43.789913]]}}, {"type": "Feature", "properties": {"name": "Centennial Creek", "class": "Creek/Tributary", "covered": true}, "geometry": {"type": "LineString", "coordinates": [[-79.160333, 43.789913], [-79.159942, 43.789783], [-79.159696, 43.789698], [-79.1594745, 43.7895585], [-79.159253, 43.789419], [-79.158987, 43.789334], [-79.158697, 43.789291], [-79.158453, 43.789245], [-79.158373, 43.789218], [-79.158146, 43.789179]]}}, {"type": "Feature", "properties": {"name": "Centennial Creek", "class": "Creek/Tributary", "covered": true}, "geometry": {"type": "LineString", "coordinates": [[-79.158146, 43.789179], [-79.157902, 43.789138]]}}, {"type": "Feature", "properties": {"name": "Centennial Creek", "class": "Creek/Tributary", "covered": true}, "geometry": {"type": "LineString", "coordinates": [[-79.157902, 43.789138], [-79.157531, 43.789076], [-79.157344, 43.789001], [-79.157227, 43.788886], [-79.157002, 43.788823], [-79.156804, 43.788791], [-79.156649, 43.788683], [-79.1566, 43.788649], [-79.15638, 43.788487], [-79.156128, 43.788337], [-79.155927, 43.788166], [-79.155668, 43.788089], [-79.155457, 43.787971], [-79.155374, 43.787802], [-79.155244, 43.787663], [-79.155119, 43.787554], [-79.154994, 43.787402], [-79.154835, 43.787242], [-79.154795, 43.787195], [-79.15479, 43.787182], [-79.154706, 43.786936], [-79.154541, 43.786658]]}}, {"type": "Feature", "properties": {"name": "Centennial Creek", "class": "Creek/Tributary", "covered": true}, "geometry": {"type": "LineString", "coordinates": [[-79.149132, 43.77677], [-79.149108, 43.7765545], [-79.149084, 43.776339], [-79.14914, 43.776155], [-79.149103, 43.776031], [-79.149086, 43.77585], [-79.149166, 43.775672], [-79.148934, 43.775602], [-79.148787, 43.775651], [-79.148696, 43.775697], [-79.148593, 43.775725], [-79.148399, 43.775687], [-79.148223, 43.775778], [-79.148041, 43.775723], [-79.148044, 43.775568], [-79.147851, 43.77552], [-79.147688, 43.775388], [-79.147448, 43.775365], [-79.147288, 43.775188], [-79.147346, 43.774988], [-79.147238, 43.774893], [-79.147064, 43.774796], [-79.146856, 43.774676], [-79.146812, 43.774479], [-79.146645, 43.774377], [-79.146493, 43.774265], [-79.146216, 43.77423], [-79.14609, 43.774102], [-79.146064, 43.773945], [-79.145877, 43.77389], [-79.145672, 43.773831], [-79.145516, 43.773743], [-79.145315, 43.773674], [-79.145219, 43.77355], [-79.14505, 43.773484], [-79.144944, 43.773474], [-79.144801, 43.773427], [-79.144654, 43.773387], [-79.144568, 43.773358], [-79.144557, 43.773321], [-79.14457, 43.773258], [-79.144536, 43.773205], [-79.144458, 43.773184], [-79.144393, 43.773166], [-79.14434, 43.773122], [-79.144335, 43.773039], [-79.144319, 43.772983], [-79.14427, 43.772943], [-79.144199, 43.772885], [-79.144128, 43.772841], [-79.144052, 43.772802], [-79.143977, 43.772778], [-79.143921, 43.772759], [-79.143879, 43.772748], [-79.143856, 43.772728], [-79.143861, 43.772705], [-79.143859, 43.772686], [-79.143844, 43.772605], [-79.1438, 43.77259], [-79.143639, 43.772576], [-79.143482, 43.772588], [-79.143295, 43.772588], [-79.143066, 43.772588], [-79.142921, 43.772598], [-79.142852, 43.772604], [-79.142785, 43.772617], [-79.142748, 43.77262], [-79.142719, 43.772597], [-79.142714, 43.772573], [-79.142719, 43.772535], [-79.142705, 43.772449], [-79.142697, 43.7724], [-79.142703, 43.772352], [-79.14275, 43.772271], [-79.142797, 43.77219], [-79.142849, 43.772141], [-79.14288, 43.772112], [-79.142896, 43.772084], [-79.142903, 43.772028], [-79.142871, 43.771927], [-79.142842, 43.771834], [-79.142821, 43.771766], [-79.142778, 43.771707], [-79.14276, 43.77165], [-79.142742, 43.771625], [-79.142676, 43.771608], [-79.142603, 43.771607], [-79.142574, 43.771567], [-79.142519, 43.77149], [-79.142506, 43.771448], [-79.142463, 43.771411], [-79.142339, 43.771391], [-79.142261, 43.77137], [-79.142199, 43.771377], [-79.142152, 43.771358], [-79.142144, 43.771328], [-79.142162, 43.771271], [-79.142191, 43.771216], [-79.142224, 43.771179], [-79.142256, 43.771153], [-79.142273, 43.771133], [-79.142279, 43.771115], [-79.142268, 43.771075], [-79.142278, 43.771043], [-79.142316, 43.770972], [-79.142364, 43.770917], [-79.142448, 43.770864], [-79.142492, 43.770836], [-79.142565, 43.770817], [-79.142595, 43.770809], [-79.14264, 43.770804], [-79.142674, 43.770813], [-79.142701, 43.770841], [-79.142723, 43.770865], [-79.142732, 43.770875], [-79.14276, 43.770883], [-79.142793, 43.770879], [-79.14283, 43.770869], [-79.142849, 43.770847], [-79.142915, 43.770813], [-79.143007, 43.77078], [-79.143053, 43.770757], [-79.143148, 43.770716], [-79.143242, 43.770682], [-79.143303, 43.770666], [-79.143407, 43.770663], [-79.143513, 43.770666], [-79.143622, 43.770677], [-79.143709, 43.770685], [-79.143753, 43.77069], [-79.143814, 43.770683], [-79.143874, 43.770676], [-79.143984, 43.770623], [-79.144109, 43.770547], [-79.1442, 43.770503], [-79.144268, 43.770462], [-79.144301, 43.770455], [-79.144369, 43.770463], [-79.144417, 43.770481], [-79.144453, 43.770494], [-79.144485, 43.770479], [-79.14454, 43.770452], [-79.144556, 43.770429], [-79.144598, 43.770409], [-79.144646, 43.770379], [-79.144635, 43.770337], [-79.144617, 43.770267], [-79.144611, 43.77024], [-79.144674, 43.770202], [-79.144721, 43.770159], [-79.144772, 43.770127], [-79.144819, 43.770084], [-79.144835, 43.770037], [-79.144863, 43.769953], [-79.144866, 43.769858], [-79.144892, 43.769736], [-79.144904, 43.769681], [-79.144924, 43.76962], [-79.145022, 43.769547], [-79.145119, 43.769475], [-79.145261, 43.769369], [-79.145431, 43.769278]]}}, {"type": "Feature", "properties": {"name": "Cudmore Creek", "class": "Creek/Tributary", "covered": true}, "geometry": {"type": "LineString", "coordinates": [[-79.362452, 43.688982], [-79.362444, 43.68898], [-79.362408, 43.688969], [-79.362134, 43.688854], [-79.361958, 43.688742], [-79.36187, 43.688677]]}}, {"type": "Feature", "properties": {"name": "Cudmore Creek", "class": "Creek/Tributary", "covered": true}, "geometry": {"type": "LineString", "coordinates": [[-79.362716, 43.689284], [-79.362683, 43.689226], [-79.362607, 43.689086], [-79.362525, 43.689001], [-79.362452, 43.688982]]}}, {"type": "Feature", "properties": {"name": "West Highland Creek", "class": "River", "covered": true}, "geometry": {"type": "LineString", "coordinates": [[-79.202684, 43.762398], [-79.202777, 43.762587]]}}, {"type": "Feature", "properties": {"name": "West Highland Creek", "class": "River", "covered": true}, "geometry": {"type": "LineString", "coordinates": [[-79.202777, 43.762587], [-79.202819, 43.762745], [-79.202371, 43.762866], [-79.201964, 43.762941], [-79.201689, 43.762961], [-79.201566, 43.762984], [-79.201492, 43.763056], [-79.201434, 43.763151], [-79.201406, 43.763397], [-79.20137700000001, 43.763645999999994], [-79.201348, 43.763895], [-79.201336, 43.763991], [-79.20137, 43.764121], [-79.201443, 43.764213], [-79.201619, 43.7644], [-79.201747, 43.764456], [-79.201849, 43.76453], [-79.201911, 43.764609], [-79.202059, 43.764869]]}}, {"type": "Feature", "properties": {"name": "Curran Hall Creek", "class": "Creek/Tributary", "covered": false}, "geometry": {"type": "LineString", "coordinates": [[-79.216897, 43.768559], [-79.216609, 43.768469], [-79.216348, 43.768353], [-79.216116, 43.768263]]}}, {"type": "Feature", "properties": {"name": "Curran Hall Creek", "class": "Creek/Tributary", "covered": true}, "geometry": {"type": "LineString", "coordinates": [[-79.216116, 43.768263], [-79.215881, 43.768173], [-79.215701, 43.768117], [-79.215555, 43.768088], [-79.215381, 43.768053], [-79.215225, 43.768036], [-79.21511, 43.768024], [-79.214961, 43.767978], [-79.214691, 43.767869], [-79.214247, 43.767722], [-79.214042, 43.767645], [-79.213887, 43.767587], [-79.213831, 43.767553], [-79.213725, 43.767491], [-79.213665, 43.767412], [-79.213604, 43.767331], [-79.213505, 43.76724], [-79.213396, 43.767157], [-79.213263, 43.767078], [-79.213113, 43.76699], [-79.213001, 43.766923], [-79.212873, 43.766875], [-79.212739, 43.76683], [-79.212534, 43.766808], [-79.212171, 43.76677], [-79.211882, 43.766756], [-79.211435, 43.766748]]}}, {"type": "Feature", "properties": {"name": "Curran Hall Creek", "class": "Creek/Tributary", "covered": true}, "geometry": {"type": "LineString", "coordinates": [[-79.211435, 43.766748], [-79.211407, 43.766748], [-79.211358, 43.766743], [-79.211309, 43.766736], [-79.211244, 43.766727], [-79.211196, 43.766717], [-79.211163, 43.766707], [-79.211078, 43.766672], [-79.211026, 43.766643], [-79.210967, 43.766601], [-79.210874, 43.76655], [-79.210789, 43.766456], [-79.210707, 43.766361], [-79.210683, 43.766321], [-79.210597, 43.76607], [-79.210493, 43.765861], [-79.21048, 43.765729], [-79.210439, 43.765608], [-79.210278, 43.765511], [-79.210164, 43.765443], [-79.209947, 43.765374], [-79.209754, 43.765287], [-79.209594, 43.765215], [-79.209525, 43.765151], [-79.209463, 43.765114], [-79.209348, 43.765104], [-79.209205, 43.76514], [-79.209006, 43.76519], [-79.208895, 43.765218], [-79.208801, 43.76521], [-79.208685, 43.765173], [-79.208577, 43.765139], [-79.208526, 43.765091], [-79.208499, 43.764996], [-79.20847, 43.764774], [-79.208432, 43.764623], [-79.208404, 43.764511], [-79.208357, 43.764426], [-79.208282, 43.764367], [-79.208169, 43.764231], [-79.208066, 43.764151], [-79.207871, 43.764071], [-79.207629, 43.763971], [-79.20736149999999, 43.7638455], [-79.207094, 43.76372]]}}, {"type": "Feature", "properties": {"name": "Curran Hall Creek", "class": "Creek/Tributary", "covered": true}, "geometry": {"type": "LineString", "coordinates": [[-79.207094, 43.76372], [-79.206937, 43.763498999999996], [-79.20678, 43.763278], [-79.206609, 43.763178], [-79.206418, 43.763114], [-79.206195, 43.763051], [-79.20599, 43.762936], [-79.205796, 43.762749], [-79.205623, 43.76258], [-79.205433, 43.762458], [-79.205214, 43.762389], [-79.20498, 43.762348], [-79.204715, 43.762306], [-79.204702, 43.762299], [-79.20457, 43.762279], [-79.204366, 43.762188], [-79.2043, 43.762145], [-79.204257, 43.7621], [-79.20428, 43.762044], [-79.204231, 43.761993], [-79.204175, 43.761984], [-79.204078, 43.762002], [-79.204022, 43.762013], [-79.203949, 43.762026], [-79.203907, 43.762034], [-79.203774, 43.762001], [-79.203642, 43.761981], [-79.203461, 43.761945], [-79.203376, 43.76194], [-79.203302, 43.761979], [-79.203254, 43.762022], [-79.203235, 43.762098], [-79.203265, 43.762153], [-79.203287, 43.762195], [-79.203288, 43.762234], [-79.203249, 43.762283], [-79.20318, 43.76231], [-79.203096, 43.762343], [-79.203033, 43.762377], [-79.202968, 43.762434], [-79.202865, 43.762498], [-79.202777, 43.762587]]}}, {"type": "Feature", "properties": {"name": "West Highland Creek", "class": "River", "covered": true}, "geometry": {"type": "LineString", "coordinates": [[-79.202758, 43.759092], [-79.2026695, 43.759323], [-79.202581, 43.759554], [-79.20252199999999, 43.759741000000005], [-79.202463, 43.759928], [-79.202414, 43.759993], [-79.20242, 43.760158], [-79.202408, 43.760427], [-79.202417, 43.760649], [-79.202394, 43.760757], [-79.202377, 43.760802], [-79.20231, 43.760855], [-79.202219, 43.760901], [-79.202061, 43.760916], [-79.201876, 43.760929]]}}, {"type": "Feature", "properties": {"name": "West Highland Creek", "class": "River", "covered": true}, "geometry": {"type": "LineString", "coordinates": [[-79.201876, 43.760929], [-79.201747, 43.760972], [-79.201683, 43.761033], [-79.201662, 43.761165], [-79.201683, 43.761272], [-79.201725, 43.761363], [-79.201845, 43.7615], [-79.202078, 43.761767], [-79.202172, 43.761914], [-79.202358, 43.762089], [-79.202594, 43.76227], [-79.202684, 43.762398]]}}, {"type": "Feature", "properties": {"name": "West Highland Creek", "class": "River", "covered": false}, "geometry": {"type": "LineString", "coordinates": [[-79.209948, 43.75777], [-79.20986, 43.757738], [-79.209811, 43.757724], [-79.20957, 43.757648], [-79.209302, 43.757582], [-79.209068, 43.757481], [-79.208834, 43.757349], [-79.208579, 43.757212], [-79.208282, 43.757025], [-79.208019, 43.756852], [-79.207793, 43.756717], [-79.207571, 43.756637]]}}, {"type": "Feature", "properties": {"name": "West Highland Creek", "class": "River", "covered": true}, "geometry": {"type": "LineString", "coordinates": [[-79.207571, 43.756637], [-79.207255, 43.756638], [-79.207001, 43.756664], [-79.206786, 43.75669], [-79.206764, 43.756697]]}}, {"type": "Feature", "properties": {"name": "West Highland Creek", "class": "River", "covered": true}, "geometry": {"type": "LineString", "coordinates": [[-79.213101, 43.75432], [-79.213026, 43.754343], [-79.212862, 43.754526], [-79.212816, 43.754666], [-79.212769, 43.754893], [-79.212754, 43.755075], [-79.212679, 43.755203], [-79.212527, 43.755332], [-79.212314, 43.755393], [-79.212091, 43.755374], [-79.211806, 43.755281], [-79.21154, 43.755176], [-79.211346, 43.755124], [-79.21114, 43.755051], [-79.210828, 43.754923], [-79.210544, 43.754897], [-79.210266, 43.754977], [-79.210071, 43.755125], [-79.209971, 43.755219], [-79.209788, 43.75535], [-79.209565, 43.755509], [-79.209292, 43.755653], [-79.208994, 43.755753], [-79.208691, 43.75583], [-79.208374, 43.755909], [-79.208175, 43.755949], [-79.208002, 43.755969], [-79.207874, 43.755973], [-79.207558, 43.756003], [-79.207296, 43.756059], [-79.207108, 43.75618], [-79.20703, 43.756353], [-79.206999, 43.756397], [-79.206892, 43.75655], [-79.206817, 43.756636], [-79.206764, 43.756697]]}}, {"type": "Feature", "properties": {"name": "West Highland Creek", "class": "River", "covered": true}, "geometry": {"type": "LineString", "coordinates": [[-79.206764, 43.756697], [-79.20662, 43.756794], [-79.206473, 43.756866], [-79.20638, 43.7569], [-79.206259, 43.756911], [-79.206069, 43.756904], [-79.205897, 43.756898], [-79.205731, 43.756892], [-79.205608, 43.756918], [-79.205354, 43.756988], [-79.205088, 43.757086], [-79.205011, 43.757124], [-79.204946, 43.757181], [-79.204801, 43.757253], [-79.204676, 43.757323], [-79.204576, 43.757363], [-79.2045, 43.757388], [-79.20441, 43.7574], [-79.204322, 43.757411], [-79.204246, 43.75741], [-79.204156, 43.757399], [-79.204088, 43.757389], [-79.204017, 43.75738], [-79.203923, 43.757384], [-79.20384, 43.757401], [-79.203726, 43.757445], [-79.203585, 43.757566], [-79.20348, 43.757656], [-79.203466, 43.757747], [-79.203405, 43.757836], [-79.203347, 43.757919], [-79.203265, 43.757989], [-79.203154, 43.758055], [-79.203062, 43.758134], [-79.202948, 43.758299], [-79.202812, 43.758455], [-79.202704, 43.758578], [-79.20264, 43.758651], [-79.202626, 43.758743], [-79.202678, 43.758886], [-79.202742, 43.758987], [-79.202758, 43.759092]]}}, {"type": "Feature", "properties": {"name": "West Highland Creek", "class": "River", "covered": true}, "geometry": {"type": "LineString", "coordinates": [[-79.223547, 43.754157], [-79.223424, 43.754165], [-79.223042, 43.754207], [-79.222985, 43.754209], [-79.222908, 43.7542], [-79.222723, 43.754197], [-79.222531, 43.754171], [-79.222381, 43.754099], [-79.222263, 43.753942], [-79.222174, 43.753782], [-79.22206, 43.753629], [-79.221865, 43.753522], [-79.221629, 43.753446], [-79.221331, 43.753335], [-79.221101, 43.753219], [-79.221031, 43.753064], [-79.221133, 43.752832], [-79.221295, 43.752626], [-79.221319, 43.752493], [-79.221187, 43.752373], [-79.220967, 43.752341], [-79.220857, 43.752281], [-79.2208, 43.752159], [-79.220658, 43.752081], [-79.220387, 43.752162], [-79.2202, 43.752277], [-79.220007, 43.752441], [-79.219792, 43.752636], [-79.219562, 43.752772], [-79.219293, 43.752893], [-79.219117, 43.753057], [-79.219057, 43.753205], [-79.219071, 43.753393], [-79.219066, 43.753558], [-79.218883, 43.753741], [-79.218607, 43.753898], [-79.218358, 43.754012], [-79.218139, 43.754037], [-79.217915, 43.753964], [-79.217757, 43.753815], [-79.217619, 43.753664], [-79.217392, 43.753489], [-79.217188, 43.753295], [-79.217076, 43.753046], [-79.217062, 43.752841], [-79.21701, 43.752654], [-79.216861, 43.75242], [-79.216614, 43.752168], [-79.216356, 43.752089], [-79.216182, 43.752088], [-79.216064, 43.752097], [-79.215843, 43.752106], [-79.215557, 43.752115], [-79.215271, 43.752112], [-79.215019, 43.752091], [-79.214719, 43.752056], [-79.214461, 43.751994], [-79.214222, 43.7518], [-79.214088, 43.751612], [-79.213925, 43.751416], [-79.213745, 43.751264], [-79.213556, 43.751202], [-79.213544, 43.751203], [-79.213469, 43.751206], [-79.213391, 43.751211], [-79.213111, 43.751258], [-79.212817, 43.751325], [-79.212584, 43.751408], [-79.212405, 43.751518], [-79.212282, 43.751698], [-79.212262, 43.751872], [-79.212304, 43.752019], [-79.212451, 43.752137], [-79.212699, 43.752304], [-79.212828, 43.752506], [-79.212853, 43.75269], [-79.212878, 43.752874], [-79.212862, 43.753003], [-79.212837, 43.75315], [-79.212771, 43.753322], [-79.212782, 43.753512], [-79.212929, 43.753715], [-79.213084, 43.75395], [-79.213141, 43.75417], [-79.213101, 43.75432]]}}, {"type": "Feature", "properties": {"name": "West Highland Creek", "class": "River", "covered": true}, "geometry": {"type": "LineString", "coordinates": [[-79.227235, 43.754173], [-79.227222, 43.754181], [-79.226956, 43.754362], [-79.226682, 43.754546], [-79.226381, 43.754716], [-79.226059, 43.754832], [-79.225697, 43.754845], [-79.225398, 43.7547], [-79.225296, 43.754415], [-79.225172, 43.75416], [-79.224954, 43.75401], [-79.224923, 43.753989], [-79.224648, 43.753962], [-79.22437275, 43.75401075], [-79.2240975, 43.7540595], [-79.22382225, 43.75410825], [-79.223547, 43.754157]]}}, {"type": "Feature", "properties": {"name": "Bellamy Ravine Creek", "class": "Creek/Tributary", "covered": true}, "geometry": {"type": "LineString", "coordinates": [[-79.224928, 43.73105], [-79.224851, 43.731012], [-79.224819, 43.730977], [-79.224759, 43.730906], [-79.224743, 43.73083], [-79.224738, 43.730741], [-79.224733, 43.730641], [-79.224722, 43.730561], [-79.224702, 43.730472], [-79.224658, 43.730408], [-79.224596, 43.730351], [-79.224527, 43.730282], [-79.224424, 43.730215], [-79.224362, 43.73015], [-79.224282, 43.730102], [-79.224154, 43.73005], [-79.224056, 43.73], [-79.223974, 43.729958], [-79.223845, 43.72992], [-79.223712, 43.729886], [-79.223555, 43.729853], [-79.223407, 43.729825], [-79.223288, 43.729811], [-79.223148, 43.7298], [-79.223034, 43.729785], [-79.222895, 43.729751], [-79.222794, 43.729719], [-79.222685, 43.729667], [-79.22255, 43.729614], [-79.222444, 43.729573], [-79.222316, 43.729506], [-79.22221, 43.729462], [-79.22207, 43.729413], [-79.22193, 43.729356], [-79.221799, 43.729306], [-79.221638, 43.729245], [-79.221467, 43.729184], [-79.221254, 43.729106], [-79.221083, 43.72906], [-79.220947, 43.729026], [-79.220812, 43.728961], [-79.220695, 43.728887], [-79.220569, 43.728792], [-79.220443, 43.728702], [-79.220298, 43.728603], [-79.220171, 43.728543], [-79.22007, 43.728499], [-79.219908, 43.72847], [-79.21986, 43.728452], [-79.219763, 43.728411], [-79.219628, 43.728379], [-79.219606, 43.728374], [-79.219462, 43.728328], [-79.219291, 43.728268], [-79.219122, 43.728217], [-79.21899, 43.728176], [-79.218759, 43.728146], [-79.218553, 43.72811], [-79.218453, 43.728048], [-79.218332, 43.727975], [-79.218202, 43.727917], [-79.218044, 43.727883], [-79.217914, 43.727879], [-79.217762, 43.727853], [-79.217637, 43.727845], [-79.217495, 43.727845], [-79.21735, 43.727831], [-79.217212, 43.727808], [-79.217068, 43.727799], [-79.216929, 43.727785], [-79.216812, 43.727757], [-79.216685, 43.727735], [-79.21654, 43.727698], [-79.216385, 43.72768], [-79.216244, 43.727666], [-79.216108, 43.727652], [-79.215963, 43.727629], [-79.215807, 43.727598], [-79.215657, 43.727584], [-79.215499, 43.727583], [-79.215361, 43.727574], [-79.215213, 43.727556], [-79.215072, 43.727537], [-79.214937, 43.72751], [-79.214791, 43.727482], [-79.214661, 43.727451], [-79.214532, 43.727419], [-79.214405, 43.727378], [-79.214295, 43.727333], [-79.214211, 43.727274], [-79.214142, 43.727193], [-79.214094, 43.727103], [-79.214062, 43.727008], [-79.214034, 43.726918], [-79.21401, 43.726837], [-79.214004, 43.726813], [-79.213969, 43.726764]]}}, {"type": "Feature", "properties": {"name": "Silver Creek", "class": "Creek/Tributary", "covered": true}, "geometry": {"type": "LineString", "coordinates": [[-79.514685, 43.67389], [-79.514508, 43.67388], [-79.514386, 43.673891], [-79.514162, 43.673893], [-79.513989, 43.673899], [-79.513895, 43.673893], [-79.513734, 43.673861], [-79.51362, 43.67382], [-79.513532, 43.673802], [-79.513375, 43.67378], [-79.513058, 43.673735], [-79.512854, 43.673717]]}}, {"type": "Feature", "properties": {"name": "Black Creek", "class": "River", "covered": true}, "geometry": {"type": "LineString", "coordinates": [[-79.506459, 43.717744], [-79.506428, 43.717485]]}}, {"type": "Feature", "properties": {"name": "Black Creek", "class": "River", "covered": true}, "geometry": {"type": "LineString", "coordinates": [[-79.506478, 43.717912], [-79.506459, 43.717744]]}}, {"type": "Feature", "properties": {"name": "Black Creek", "class": "River", "covered": true}, "geometry": {"type": "LineString", "coordinates": [[-79.506506, 43.718139], [-79.506478, 43.717912]]}}, {"type": "Feature", "properties": {"name": "Albion Creek", "class": "Creek/Tributary", "covered": true}, "geometry": {"type": "LineString", "coordinates": [[-79.60731, 43.74965], [-79.606913, 43.749787], [-79.606729, 43.749819], [-79.606428, 43.749858], [-79.606286, 43.749887], [-79.606031, 43.7499345], [-79.605776, 43.749982], [-79.605372, 43.750079], [-79.605294, 43.750089]]}}, {"type": "Feature", "properties": {"name": "Albion Creek", "class": "Creek/Tributary", "covered": true}, "geometry": {"type": "LineString", "coordinates": [[-79.605294, 43.750089], [-79.604985, 43.750133], [-79.604499, 43.750076], [-79.604223, 43.750025], [-79.603947, 43.749974], [-79.603599, 43.749842], [-79.603277, 43.749741], [-79.603024, 43.749618], [-79.602691, 43.749448], [-79.602321, 43.749224], [-79.60213949999999, 43.749092], [-79.601958, 43.74896], [-79.601657, 43.748721], [-79.601484, 43.748578], [-79.601311, 43.748435], [-79.60099, 43.748181], [-79.600813, 43.748064], [-79.600512, 43.747915], [-79.600219, 43.747757], [-79.599904, 43.747648]]}}, {"type": "Feature", "properties": {"name": "Albion Creek", "class": "Creek/Tributary", "covered": true}, "geometry": {"type": "LineString", "coordinates": [[-79.599904, 43.747648], [-79.5996585, 43.747589500000004], [-79.599413, 43.747531], [-79.599174, 43.747474], [-79.598935, 43.747417], [-79.598675, 43.747354], [-79.598378, 43.747336], [-79.598058, 43.747233], [-79.59791, 43.747185], [-79.597688, 43.747154], [-79.597448, 43.747097], [-79.597291, 43.747024], [-79.597163, 43.746944], [-79.596992, 43.746836], [-79.596754, 43.746726], [-79.596545, 43.746684]]}}, {"type": "Feature", "properties": {"name": "Albion Creek", "class": "Creek/Tributary", "covered": true}, "geometry": {"type": "LineString", "coordinates": [[-79.596545, 43.746684], [-79.596403, 43.746663]]}}, {"type": "Feature", "properties": {"name": "Albion Creek", "class": "Creek/Tributary", "covered": true}, "geometry": {"type": "LineString", "coordinates": [[-79.596403, 43.746663], [-79.596316, 43.74665], [-79.5960475, 43.7466535], [-79.595779, 43.746657], [-79.5954635, 43.746677500000004], [-79.595148, 43.746698], [-79.594654, 43.746715], [-79.594232, 43.746639], [-79.594088, 43.746559], [-79.593843, 43.746423], [-79.593455, 43.746237], [-79.593187, 43.746127], [-79.593016, 43.746074], [-79.5927645, 43.745998], [-79.592513, 43.745922], [-79.59221600000001, 43.7458685], [-79.591919, 43.745815], [-79.59165, 43.745749]]}}, {"type": "Feature", "properties": {"name": "Albion Creek", "class": "Creek/Tributary", "covered": true}, "geometry": {"type": "LineString", "coordinates": [[-79.59165, 43.745749], [-79.59158, 43.745745], [-79.591483, 43.745728], [-79.591388, 43.745706], [-79.591297, 43.745678], [-79.591205, 43.745647], [-79.591114, 43.745615], [-79.591028, 43.745578], [-79.590949, 43.745536], [-79.59088, 43.745489], [-79.590819, 43.745432], [-79.590765, 43.745371], [-79.590714, 43.745308], [-79.590663, 43.745245], [-79.590613, 43.745183], [-79.590564, 43.74512], [-79.590517, 43.745057], [-79.590472, 43.744993], [-79.590426, 43.744929], [-79.590382, 43.744865], [-79.59034, 43.7448], [-79.5903, 43.744734], [-79.590259, 43.744669], [-79.590217, 43.744602], [-79.590175, 43.744537], [-79.590133, 43.744471], [-79.590088, 43.744407], [-79.590039, 43.744345], [-79.589982, 43.744283], [-79.58992, 43.744227], [-79.589853, 43.744173], [-79.589783, 43.744126], [-79.589706, 43.744081], [-79.58963, 43.744031], [-79.589561, 43.743979], [-79.589493, 43.743927], [-79.58942, 43.743877], [-79.589342, 43.743834], [-79.589262, 43.743793], [-79.58918, 43.743751], [-79.589098, 43.74371], [-79.589018, 43.743666], [-79.588938, 43.743624], [-79.588858, 43.743584], [-79.588779, 43.74354], [-79.588702, 43.743495], [-79.588631, 43.743445], [-79.588492, 43.74337]]}}, {"type": "Feature", "properties": {"name": "Yellow Creek", "class": "Creek/Tributary", "covered": true}, "geometry": {"type": "LineString", "coordinates": [[-79.384315, 43.683279], [-79.384356, 43.683153], [-79.384392, 43.683056], [-79.384401, 43.683028], [-79.384348, 43.682939], [-79.384079, 43.682792], [-79.383975, 43.682729], [-79.38389, 43.682659], [-79.383799, 43.682604]]}}, {"type": "Feature", "properties": {"name": "Yellow Creek", "class": "Creek/Tributary", "covered": true}, "geometry": {"type": "LineString", "coordinates": [[-79.384806, 43.683965], [-79.384771, 43.683863], [-79.384767, 43.683759], [-79.384764, 43.683682], [-79.384743, 43.683623], [-79.384681, 43.68356], [-79.384617, 43.68352], [-79.384539, 43.683496], [-79.384455, 43.683489], [-79.384413, 43.683476], [-79.384343, 43.683437], [-79.384311, 43.683379], [-79.384315, 43.683279]]}}, {"type": "Feature", "properties": {"name": "Yellow Creek", "class": "Creek/Tributary", "covered": true}, "geometry": {"type": "LineString", "coordinates": [[-79.385502, 43.686031], [-79.385425, 43.685822], [-79.385431, 43.685713], [-79.385492, 43.685533], [-79.385542, 43.685391], [-79.385594, 43.685244], [-79.385613, 43.685191], [-79.385663, 43.685165], [-79.385747, 43.685122], [-79.385805, 43.685079], [-79.385853, 43.685036], [-79.385872, 43.684984], [-79.385876, 43.684921], [-79.385878, 43.684884], [-79.385864, 43.684846], [-79.385816, 43.684827], [-79.385739, 43.684833], [-79.385676, 43.684824], [-79.385593, 43.684793], [-79.385506, 43.68476], [-79.385412, 43.684717], [-79.385337, 43.684648], [-79.385317, 43.684592], [-79.385322, 43.684536], [-79.385337, 43.684487], [-79.385333, 43.684429], [-79.385302, 43.684386], [-79.385227, 43.684342], [-79.385108, 43.684297], [-79.385, 43.684257], [-79.38494, 43.684222], [-79.384876, 43.6841], [-79.384806, 43.683965]]}}, {"type": "Feature", "properties": {"name": "Cedarvale Ravine", "class": "Creek/Tributary", "covered": false}, "geometry": {"type": "LineString", "coordinates": [[-79.419844, 43.689902], [-79.419647, 43.689816], [-79.419421, 43.689718], [-79.419173, 43.68961], [-79.41893, 43.689518], [-79.418763, 43.689454], [-79.418629, 43.689362], [-79.418551, 43.689297], [-79.418512, 43.6892], [-79.418477, 43.689114], [-79.418468, 43.68905], [-79.418386, 43.68897], [-79.418273, 43.688912], [-79.418126, 43.688856], [-79.417995, 43.688831], [-79.417887, 43.68882], [-79.417778, 43.688821], [-79.417687, 43.688841], [-79.417578, 43.688855], [-79.417515, 43.688847], [-79.417425, 43.688826], [-79.417345, 43.688806], [-79.417302, 43.688768], [-79.417221, 43.688681], [-79.417103, 43.688588], [-79.417038, 43.688528], [-79.416986, 43.688474], [-79.416945, 43.688417], [-79.416924, 43.688379], [-79.416894, 43.688366], [-79.416886, 43.688345], [-79.416868, 43.688316], [-79.416862, 43.688289], [-79.416862, 43.688248], [-79.41687, 43.688196], [-79.416876, 43.688162], [-79.416894, 43.688134], [-79.416909, 43.688111], [-79.416911, 43.688082]]}}, {"type": "Feature", "properties": {"name": "Cedarvale Ravine", "class": "Creek/Tributary", "covered": false}, "geometry": {"type": "LineString", "coordinates": [[-79.421265, 43.690468], [-79.421038, 43.690481], [-79.420788, 43.690435], [-79.420513, 43.690336], [-79.420264, 43.690188], [-79.420085, 43.690034], [-79.419975, 43.689978], [-79.419884, 43.689943], [-79.419844, 43.689902]]}}, {"type": "Feature", "properties": {"name": "Cedarvale Ravine", "class": "Creek/Tributary", "covered": true}, "geometry": {"type": "LineString", "coordinates": [[-79.42434, 43.690928], [-79.424281, 43.69096]]}}, {"type": "Feature", "properties": {"name": "Cedarvale Ravine", "class": "Creek/Tributary", "covered": false}, "geometry": {"type": "LineString", "coordinates": [[-79.424281, 43.69096], [-79.424077, 43.691045], [-79.423829, 43.690991], [-79.423584, 43.69086], [-79.423315, 43.690761], [-79.423035, 43.690707], [-79.422774, 43.690617], [-79.422506, 43.690527], [-79.422234, 43.690441], [-79.421976, 43.690387], [-79.421716, 43.690396], [-79.421481, 43.690427], [-79.421275, 43.690467], [-79.421265, 43.690468]]}}, {"type": "Feature", "properties": {"name": "Cedarvale Ravine", "class": "Creek/Tributary", "covered": false}, "geometry": {"type": "LineString", "coordinates": [[-79.425888, 43.690779], [-79.425708, 43.690817], [-79.425471, 43.690862]]}}, {"type": "Feature", "properties": {"name": "Cedarvale Ravine", "class": "Creek/Tributary", "covered": true}, "geometry": {"type": "LineString", "coordinates": [[-79.425471, 43.690862], [-79.425281, 43.690893], [-79.425128, 43.690888], [-79.424924, 43.690848], [-79.424724, 43.690807], [-79.424484, 43.690852], [-79.42434, 43.690928]]}}, {"type": "Feature", "properties": {"name": "Cedarvale Ravine", "class": "Creek/Tributary", "covered": false}, "geometry": {"type": "LineString", "coordinates": [[-79.426578, 43.691065], [-79.426535, 43.690961], [-79.426535, 43.690871], [-79.426141, 43.690822], [-79.425942, 43.690767], [-79.425888, 43.690779]]}}, {"type": "Feature", "properties": {"name": "Cedarvale Ravine", "class": "Creek/Tributary", "covered": false}, "geometry": {"type": "LineString", "coordinates": [[-79.428148, 43.691556], [-79.428141, 43.691548], [-79.427988, 43.691448], [-79.427763, 43.691372], [-79.427499, 43.691322], [-79.427261, 43.691272], [-79.427009, 43.691232], [-79.426751, 43.691182], [-79.426623, 43.691126], [-79.426565, 43.691119], [-79.426578, 43.691065]]}}, {"type": "Feature", "properties": {"name": "Duncan Creek", "class": "Creek/Tributary", "covered": true}, "geometry": {"type": "LineString", "coordinates": [[-79.362176, 43.805], [-79.362274, 43.805067], [-79.362343, 43.805088], [-79.362408, 43.805095], [-79.362475, 43.805088], [-79.362571, 43.805065], [-79.362638, 43.805049], [-79.362698, 43.805043], [-79.362752, 43.805048], [-79.3628, 43.805072], [-79.362842, 43.805122], [-79.362919, 43.805207], [-79.362978, 43.805255], [-79.36301, 43.805271], [-79.363054, 43.805284], [-79.363111, 43.80529], [-79.363251, 43.80529], [-79.363303, 43.805291], [-79.363357, 43.805303], [-79.363407, 43.805322], [-79.363445, 43.805348], [-79.363506, 43.805414], [-79.36354, 43.805457], [-79.363564, 43.805479], [-79.363587, 43.805494], [-79.363628, 43.805514], [-79.363674, 43.805528], [-79.363779, 43.805539], [-79.363859, 43.805552], [-79.363951, 43.805573], [-79.364004, 43.805585], [-79.364031, 43.805598], [-79.36406, 43.805617], [-79.364084, 43.805661], [-79.364133, 43.805752], [-79.364164, 43.805809], [-79.364201, 43.805834], [-79.364244, 43.805855], [-79.364304, 43.805864], [-79.364396, 43.80586], [-79.364567, 43.805858], [-79.364681, 43.805847], [-79.364729, 43.805861], [-79.36478, 43.805886], [-79.36482, 43.805914], [-79.364852, 43.805971], [-79.364919, 43.806101], [-79.36498, 43.806206], [-79.365043, 43.806276], [-79.365121, 43.806324], [-79.365244, 43.806379], [-79.365334, 43.806429], [-79.365516, 43.806542], [-79.365587, 43.8066], [-79.365694, 43.806653], [-79.365755, 43.806676], [-79.365805, 43.806687], [-79.365898, 43.806687], [-79.365966, 43.806694], [-79.366037, 43.80671], [-79.366097, 43.806733], [-79.366133, 43.806758], [-79.366157, 43.806784], [-79.36619, 43.80684], [-79.366229, 43.806906], [-79.366267, 43.806962], [-79.36631, 43.806997], [-79.366356, 43.807019], [-79.366405, 43.807034], [-79.366514, 43.807052], [-79.366578, 43.807066], [-79.366625, 43.807076], [-79.366662, 43.807094], [-79.366697, 43.807123], [-79.366757, 43.807216], [-79.36683, 43.807295], [-79.366867, 43.807326], [-79.366927, 43.807349], [-79.367058, 43.807378], [-79.367219, 43.807419], [-79.367396, 43.807465], [-79.367542, 43.807489], [-79.367666, 43.807509], [-79.36795, 43.807583], [-79.36811, 43.807619], [-79.368384, 43.807685], [-79.368543, 43.807715], [-79.368719, 43.807767], [-79.369029, 43.807847], [-79.369182, 43.807885], [-79.369273, 43.807911], [-79.369333, 43.807917], [-79.369378, 43.807928], [-79.369461, 43.807969], [-79.369646, 43.808066], [-79.369845, 43.808164], [-79.369927, 43.808195], [-79.370087, 43.808242], [-79.370229, 43.808289], [-79.37036, 43.808332], [-79.370485, 43.808359], [-79.370649, 43.808402], [-79.370726, 43.80841], [-79.370798, 43.808403], [-79.370885, 43.808389], [-79.370977, 43.808361], [-79.371083, 43.808314], [-79.371275, 43.808203], [-79.371409, 43.808114], [-79.371514, 43.808079]]}}, {"type": "Feature", "properties": {"name": "Duncan Creek", "class": "Creek/Tributary", "covered": true}, "geometry": {"type": "LineString", "coordinates": [[-79.35571, 43.801446], [-79.356113, 43.801596], [-79.35635049999999, 43.801691000000005], [-79.356588, 43.801786], [-79.356735, 43.801841], [-79.356819, 43.80186], [-79.356994, 43.801859], [-79.357195, 43.801867], [-79.357318, 43.801895], [-79.35742, 43.801933], [-79.357559, 43.802012], [-79.357681, 43.80207], [-79.357773, 43.802113], [-79.357875, 43.802136], [-79.357977, 43.80214], [-79.358059, 43.802124], [-79.358174, 43.802118], [-79.358304, 43.802133], [-79.358401, 43.802169], [-79.35847, 43.802208], [-79.358507, 43.802248], [-79.358537, 43.802305], [-79.358536, 43.802357], [-79.358533, 43.802432], [-79.3585, 43.8025], [-79.358462, 43.802554], [-79.358456, 43.80259], [-79.358463, 43.802665], [-79.358489, 43.802746], [-79.358515, 43.802827], [-79.358514, 43.802859], [-79.358507, 43.802903], [-79.358493, 43.802986], [-79.358476, 43.80308], [-79.358483, 43.803157], [-79.358511, 43.803245], [-79.358573, 43.803313], [-79.358629, 43.803363], [-79.358677, 43.803391], [-79.358717, 43.803407], [-79.358836, 43.803433], [-79.358959, 43.803438], [-79.359251, 43.803421], [-79.359404, 43.80342], [-79.359579, 43.803427], [-79.359666, 43.803447], [-79.359751, 43.803465], [-79.359799, 43.803476], [-79.35988, 43.803471], [-79.359977, 43.803452], [-79.360093, 43.80343], [-79.36021, 43.803418], [-79.360329, 43.803417], [-79.36041, 43.803427], [-79.360479, 43.803454], [-79.360528, 43.803483], [-79.360582, 43.803542], [-79.360637, 43.803661], [-79.360685, 43.803766], [-79.360728, 43.803812], [-79.360851, 43.803871], [-79.360966, 43.803917], [-79.361074, 43.803957], [-79.361151, 43.803986], [-79.361203, 43.804015], [-79.361243, 43.804052], [-79.361271, 43.804104], [-79.361325, 43.804176], [-79.361364, 43.804219], [-79.361425, 43.804254], [-79.361515, 43.80429], [-79.361628, 43.804325], [-79.361714, 43.804359], [-79.361772, 43.804393], [-79.361817, 43.804453], [-79.361896, 43.804572], [-79.36195, 43.804689], [-79.362028, 43.804835], [-79.362085, 43.804897], [-79.362176, 43.805]]}}, {"type": "Feature", "properties": {"name": "Ellesmere Ravine", "class": "Creek/Tributary", "covered": true}, "geometry": {"type": "LineString", "coordinates": [[-79.19335, 43.778567], [-79.19322333333334, 43.778399], [-79.19309666666666, 43.778231000000005], [-79.19297, 43.778063]]}}, {"type": "Feature", "properties": {"name": "Ellesmere Ravine", "class": "Creek/Tributary", "covered": true}, "geometry": {"type": "LineString", "coordinates": [[-79.193657, 43.779269], [-79.193598, 43.779181], [-79.193529, 43.778995], [-79.1934395, 43.778781], [-79.19335, 43.778567]]}}, {"type": "Feature", "properties": {"name": "Ellesmere Ravine", "class": "Creek/Tributary", "covered": true}, "geometry": {"type": "LineString", "coordinates": [[-79.194041, 43.779913], [-79.193889, 43.779658], [-79.193788, 43.779486], [-79.193687, 43.779314], [-79.193657, 43.779269]]}}, {"type": "Feature", "properties": {"name": "Ellesmere Ravine", "class": "Creek/Tributary", "covered": true}, "geometry": {"type": "LineString", "coordinates": [[-79.204438, 43.788821], [-79.204351, 43.788797], [-79.204189, 43.788753], [-79.204026, 43.788719], [-79.203839, 43.7887], [-79.20378, 43.788683], [-79.203584, 43.78865], [-79.203573, 43.788646], [-79.203376, 43.788583], [-79.203133, 43.788458], [-79.202935, 43.788312], [-79.202771, 43.788168], [-79.202758, 43.787981], [-79.202512, 43.787846], [-79.202451, 43.787661], [-79.202348, 43.787493], [-79.202147, 43.787402], [-79.201996, 43.787239], [-79.201731, 43.787162], [-79.201487, 43.787083], [-79.201274, 43.786944], [-79.201001, 43.786821], [-79.200735, 43.786717], [-79.200483, 43.786732], [-79.200228, 43.786638], [-79.199967, 43.786607], [-79.199696, 43.786524], [-79.199464, 43.78643], [-79.199212, 43.786319], [-79.199019, 43.786238], [-79.198829, 43.786185], [-79.198629, 43.786055], [-79.198438, 43.785938], [-79.198273, 43.785815], [-79.198114, 43.785682], [-79.197926, 43.785566], [-79.197739, 43.78542]]}}, {"type": "Feature", "properties": {"name": "Ellesmere Ravine", "class": "Creek/Tributary", "covered": false}, "geometry": {"type": "LineString", "coordinates": [[-79.197739, 43.78542], [-79.19752, 43.785279]]}}, {"type": "Feature", "properties": {"name": "Ellesmere Ravine", "class": "Creek/Tributary", "covered": true}, "geometry": {"type": "LineString", "coordinates": [[-79.19752, 43.785279], [-79.197328, 43.785131], [-79.197225, 43.784966], [-79.197186, 43.784842], [-79.197165, 43.784819], [-79.196904, 43.784582], [-79.196823, 43.784509]]}}, {"type": "Feature", "properties": {"name": "Ellesmere Ravine", "class": "Creek/Tributary", "covered": true}, "geometry": {"type": "LineString", "coordinates": [[-79.196823, 43.784509], [-79.196731, 43.784330499999996], [-79.196639, 43.784152], [-79.196724, 43.784129], [-79.196799, 43.784093], [-79.196846, 43.784047], [-79.196854, 43.78396], [-79.196828, 43.783909], [-79.196765, 43.783835], [-79.196692, 43.783775], [-79.196661, 43.783713], [-79.196645, 43.783624], [-79.19665, 43.783493], [-79.19663, 43.783412], [-79.196328, 43.783345]]}}, {"type": "Feature", "properties": {"name": "Ellesmere Ravine", "class": "Creek/Tributary", "covered": false}, "geometry": {"type": "LineString", "coordinates": [[-79.196328, 43.783345], [-79.196235, 43.783294], [-79.196177, 43.783206], [-79.19613, 43.783092], [-79.196104, 43.782987], [-79.196144, 43.782914]]}}, {"type": "Feature", "properties": {"name": "Ellesmere Ravine", "class": "Creek/Tributary", "covered": true}, "geometry": {"type": "LineString", "coordinates": [[-79.196144, 43.782914], [-79.196186, 43.782839], [-79.1962, 43.782778], [-79.1962, 43.782703], [-79.196165, 43.782617], [-79.196147, 43.782544], [-79.196165, 43.782469], [-79.196208, 43.782408], [-79.19625, 43.782366], [-79.196289, 43.782323], [-79.1963, 43.782292], [-79.196299, 43.782261], [-79.196282, 43.782228], [-79.196233, 43.782197], [-79.196191, 43.782185], [-79.196129, 43.782192], [-79.196071, 43.782191], [-79.196027, 43.782171], [-79.196004, 43.782124], [-79.195948, 43.782077], [-79.19588, 43.782019], [-79.195808, 43.781975], [-79.19582, 43.78194], [-79.195862, 43.781905], [-79.195901, 43.78187], [-79.1959, 43.781818], [-79.1959, 43.781811], [-79.195877, 43.781805], [-79.195847, 43.781812], [-79.19582, 43.781812], [-79.195808, 43.7818], [-79.195818, 43.781756], [-79.195826, 43.781715], [-79.195826, 43.781689], [-79.195815, 43.781665], [-79.195775, 43.781624], [-79.195736, 43.781578], [-79.195717, 43.781555], [-79.195681, 43.781545], [-79.195644, 43.781536], [-79.195633, 43.781525], [-79.195621, 43.781497], [-79.195613, 43.781453], [-79.195603, 43.781416], [-79.195602, 43.781376], [-79.195614, 43.781341], [-79.195613, 43.781315], [-79.195595, 43.781274], [-79.195581, 43.781243], [-79.195626, 43.781128], [-79.195647, 43.781074], [-79.19566, 43.78104], [-79.195656, 43.780987], [-79.195652, 43.780946], [-79.195683, 43.780906], [-79.195696, 43.780874], [-79.195691, 43.780816]]}}, {"type": "Feature", "properties": {"name": "Ellesmere Ravine", "class": "Creek/Tributary", "covered": false}, "geometry": {"type": "LineString", "coordinates": [[-79.195691, 43.780816], [-79.195701, 43.780746], [-79.195698, 43.780713], [-79.195661, 43.780661], [-79.195591, 43.780594]]}}, {"type": "Feature", "properties": {"name": "Ellesmere Ravine", "class": "Creek/Tributary", "covered": true}, "geometry": {"type": "LineString", "coordinates": [[-79.195591, 43.780594], [-79.195523, 43.780541], [-79.195459, 43.780491], [-79.195412, 43.780446], [-79.195384, 43.780396], [-79.195366, 43.780363], [-79.195333, 43.780337], [-79.195283, 43.780322], [-79.195234, 43.780334], [-79.195202, 43.780349], [-79.195165, 43.78035], [-79.19513, 43.780344], [-79.195102, 43.780326], [-79.195087, 43.780317], [-79.195022, 43.780299], [-79.194937, 43.780284], [-79.194912, 43.780277], [-79.194855, 43.780258], [-79.194833, 43.78025], [-79.194817, 43.780247], [-79.194805, 43.780248], [-79.194783, 43.780258], [-79.194765, 43.780277], [-79.194743, 43.780294], [-79.194724, 43.780297], [-79.1947, 43.780295], [-79.194664, 43.780277], [-79.194621, 43.780249], [-79.194572, 43.780218], [-79.194507, 43.780158], [-79.194412, 43.780171], [-79.194358, 43.780174], [-79.194325, 43.780175], [-79.194305, 43.780166], [-79.194297, 43.78013], [-79.194297, 43.780087], [-79.194291, 43.78006], [-79.194171, 43.779963], [-79.194041, 43.779913]]}}, {"type": "Feature", "properties": {"name": "Highland Creek", "class": "River", "covered": true}, "geometry": {"type": "LineString", "coordinates": [[-79.198835, 43.77429], [-79.198655, 43.774338], [-79.198577, 43.774385], [-79.19852, 43.774435], [-79.198497, 43.774495], [-79.198501, 43.774549], [-79.19860349999999, 43.774750999999995], [-79.198706, 43.774953]]}}, {"type": "Feature", "properties": {"name": "East Highland Creek", "class": "River", "covered": true}, "geometry": {"type": "LineString", "coordinates": [[-79.208225, 43.778325], [-79.208249, 43.778127], [-79.20823, 43.777977], [-79.208213, 43.777837], [-79.208153, 43.777753], [-79.208046, 43.77768], [-79.207801, 43.777598], [-79.20755, 43.777515], [-79.207333, 43.777442], [-79.206984, 43.77735], [-79.206702, 43.777294], [-79.206595, 43.777273], [-79.206446, 43.777172], [-79.206244, 43.776984], [-79.206064, 43.776862], [-79.205938, 43.776777], [-79.205869, 43.77673], [-79.205723, 43.77668], [-79.205464, 43.776634], [-79.205238, 43.776634], [-79.204931, 43.776706], [-79.204682, 43.776923], [-79.204384, 43.77704], [-79.203926, 43.777146], [-79.203572, 43.777203], [-79.203284, 43.777249], [-79.203109, 43.777218], [-79.202916, 43.777131], [-79.202793, 43.777043], [-79.202623, 43.776852], [-79.202562, 43.776712], [-79.202554, 43.776555], [-79.2025395, 43.776289000000006], [-79.202525, 43.776023], [-79.20251049999999, 43.7757565], [-79.202496, 43.77549], [-79.202484, 43.775286], [-79.202477, 43.775149], [-79.202345, 43.774873], [-79.20226, 43.774696], [-79.202205, 43.774581], [-79.201952, 43.774533], [-79.20164600000001, 43.774493], [-79.20134, 43.774453], [-79.201018, 43.774392], [-79.200753, 43.774303], [-79.2005165, 43.7741995], [-79.20028, 43.774096], [-79.200048, 43.774019], [-79.199809, 43.77404], [-79.1996, 43.774083], [-79.199392, 43.774173], [-79.199392, 43.774173], [-79.199158, 43.77426], [-79.198835, 43.77429]]}}, {"type": "Feature", "properties": {"name": "Yellow Creek", "class": "Creek/Tributary", "covered": true}, "geometry": {"type": "LineString", "coordinates": [[-79.388726, 43.689223], [-79.388631, 43.689028], [-79.388564, 43.688934], [-79.388447, 43.688852], [-79.388295, 43.68873], [-79.388227, 43.688661], [-79.388105, 43.688551], [-79.387973, 43.688555], [-79.387826, 43.688548], [-79.387716, 43.688542], [-79.387621, 43.688525], [-79.387506, 43.688487], [-79.3874, 43.688392], [-79.387343, 43.688335], [-79.387261, 43.688221], [-79.387215, 43.688158], [-79.387193, 43.688086], [-79.387172, 43.688019], [-79.387149, 43.687964], [-79.387093, 43.687904], [-79.387022, 43.687849], [-79.386871, 43.687768], [-79.386819, 43.68775], [-79.386766, 43.68774], [-79.386622, 43.68773], [-79.386313, 43.687638], [-79.386333, 43.687359], [-79.386281, 43.687247], [-79.38624, 43.687201], [-79.386088, 43.687031], [-79.385816, 43.686907], [-79.385712, 43.686833], [-79.385621, 43.686762], [-79.385493, 43.686721], [-79.38541, 43.686675], [-79.385371, 43.686647], [-79.38533, 43.686589], [-79.385309, 43.686506], [-79.385349, 43.686414], [-79.385414, 43.686348], [-79.385481, 43.686267], [-79.385511, 43.686199], [-79.385527, 43.686142], [-79.385522, 43.686088], [-79.385502, 43.686031]]}}, {"type": "Feature", "properties": {"name": "West Highland Creek", "class": "River", "covered": true}, "geometry": {"type": "LineString", "coordinates": [[-79.301247, 43.788011], [-79.30105, 43.787937], [-79.300813, 43.787882]]}}, {"type": "Feature", "properties": {"name": "West Highland Creek", "class": "River", "covered": false}, "geometry": {"type": "LineString", "coordinates": [[-79.300813, 43.787882], [-79.300498, 43.78778], [-79.300188, 43.787688], [-79.299868, 43.787611], [-79.29957, 43.787511], [-79.299258, 43.787418], [-79.298966, 43.787348], [-79.298636, 43.787265], [-79.298293, 43.78716], [-79.297962, 43.78706], [-79.2976295, 43.7869515], [-79.297297, 43.786843], [-79.296958, 43.78677], [-79.296587, 43.786655], [-79.296227, 43.786553], [-79.295977, 43.786508], [-79.295894, 43.786499], [-79.295624, 43.786554], [-79.295254, 43.786638], [-79.294919, 43.78672], [-79.294564, 43.786805], [-79.294273, 43.786871], [-79.294018, 43.78694], [-79.293686, 43.787013], [-79.293355, 43.787084], [-79.293027, 43.787154], [-79.29267, 43.78723], [-79.292369, 43.787294], [-79.292088, 43.787343]]}}, {"type": "Feature", "properties": {"name": "West Highland Creek", "class": "River", "covered": true}, "geometry": {"type": "LineString", "coordinates": [[-79.292088, 43.787343], [-79.291772, 43.787397], [-79.291483, 43.787386], [-79.291265, 43.787314]]}}, {"type": "Feature", "properties": {"name": "West Highland Creek", "class": "River", "covered": false}, "geometry": {"type": "LineString", "coordinates": [[-79.291265, 43.787314], [-79.291062, 43.78722], [-79.290797, 43.787094], [-79.290564, 43.786911], [-79.290499, 43.78685]]}}, {"type": "Feature", "properties": {"name": "West Highland Creek", "class": "River", "covered": false}, "geometry": {"type": "LineString", "coordinates": [[-79.306238, 43.78952], [-79.305925, 43.789412], [-79.30562166666667, 43.789318333333334], [-79.30531833333333, 43.78922466666666], [-79.305015, 43.789131], [-79.30476675, 43.789052], [-79.3045185, 43.788973], [-79.30427025, 43.788894], [-79.304022, 43.788815], [-79.303757, 43.788737999999995], [-79.303492, 43.788661], [-79.30325666666667, 43.78859], [-79.30302133333333, 43.788519], [-79.302786, 43.788448], [-79.30255066666668, 43.788377], [-79.30231533333334, 43.788306], [-79.30208, 43.788235]]}}, {"type": "Feature", "properties": {"name": "West Highland Creek", "class": "River", "covered": true}, "geometry": {"type": "LineString", "coordinates": [[-79.30208, 43.788235], [-79.30180233333334, 43.78816033333333], [-79.30152466666667, 43.78808566666667], [-79.301247, 43.788011]]}}, {"type": "Feature", "properties": {"name": "Elmcrest Creek", "class": "Creek/Tributary", "covered": true}, "geometry": {"type": "LineString", "coordinates": [[-79.567406, 43.631095], [-79.567481, 43.631085], [-79.567564, 43.631072], [-79.567638, 43.631051], [-79.567682, 43.631032], [-79.56773, 43.630997], [-79.567764, 43.63094], [-79.567775, 43.630873], [-79.567846, 43.630824], [-79.567965, 43.63073], [-79.567994, 43.630615], [-79.568103, 43.630521], [-79.568218, 43.630435], [-79.568357, 43.630377], [-79.568491, 43.630322], [-79.568605, 43.630297], [-79.568643, 43.630291], [-79.568687, 43.630308], [-79.568729, 43.630352], [-79.56881, 43.630449], [-79.56887, 43.630468], [-79.568932, 43.630467], [-79.56897, 43.630451], [-79.568997, 43.630415], [-79.569081, 43.630247], [-79.569152, 43.63008], [-79.569199, 43.629957], [-79.56923, 43.629866], [-79.569263, 43.629797], [-79.569286, 43.629745], [-79.569471, 43.62954], [-79.569656, 43.629335], [-79.569752, 43.629217], [-79.569772, 43.629131], [-79.569752, 43.629037], [-79.56972, 43.628958], [-79.569671, 43.62888], [-79.569598, 43.628801], [-79.569493, 43.628746], [-79.569348, 43.628712], [-79.569243, 43.628691], [-79.569034, 43.628651], [-79.568891, 43.628595], [-79.568827, 43.628541], [-79.568787, 43.628486], [-79.568738, 43.62841], [-79.568686, 43.628371], [-79.5684645, 43.628265999999996], [-79.568243, 43.628161], [-79.568182, 43.628126], [-79.568138, 43.628079], [-79.56808, 43.628037], [-79.567993, 43.627984], [-79.567833, 43.627919], [-79.567726, 43.627875], [-79.567619, 43.627811], [-79.567523, 43.627762]]}}, {"type": "Feature", "properties": {"name": "Elmcrest Creek", "class": "Creek/Tributary", "covered": true}, "geometry": {"type": "LineString", "coordinates": [[-79.572813, 43.638257], [-79.572617, 43.638151], [-79.57247, 43.638084], [-79.572255, 43.638039], [-79.572042, 43.638007], [-79.571838, 43.637967], [-79.571624, 43.637931], [-79.571406, 43.637891], [-79.57122, 43.637832], [-79.57104, 43.637747], [-79.570872, 43.637644], [-79.570708, 43.637545], [-79.570556, 43.63745], [-79.570449, 43.637329], [-79.570371, 43.637189], [-79.570321, 43.637045], [-79.570263, 43.636897], [-79.5702, 43.636744], [-79.570145, 43.636609], [-79.570086, 43.636465], [-79.570009, 43.636312], [-79.569927, 43.636141], [-79.569842, 43.635957], [-79.569759, 43.635777], [-79.569684, 43.635601], [-79.569612, 43.635417], [-79.569547, 43.635255], [-79.569489, 43.635097], [-79.569466, 43.634942], [-79.569451, 43.634869], [-79.569476, 43.634827], [-79.569499, 43.634796], [-79.569519, 43.634777], [-79.569535, 43.634759], [-79.569549, 43.63473], [-79.569558, 43.634708], [-79.569565, 43.634685], [-79.569572, 43.634654], [-79.569576, 43.634634], [-79.569582, 43.634582]]}}, {"type": "Feature", "properties": {"name": "Elmcrest Creek", "class": "Creek/Tributary", "covered": true}, "geometry": {"type": "LineString", "coordinates": [[-79.576591, 43.640466], [-79.576577, 43.64042], [-79.576566, 43.640374], [-79.576554, 43.640338], [-79.576541, 43.640307], [-79.576526, 43.640284], [-79.576503, 43.640262], [-79.576482, 43.640245], [-79.576456, 43.64023], [-79.57644, 43.640223], [-79.576417, 43.640218], [-79.576405, 43.640219], [-79.576378, 43.640225], [-79.576345, 43.640238], [-79.576309, 43.64025], [-79.576281, 43.640257], [-79.576254, 43.640262], [-79.576226, 43.640263], [-79.576195, 43.640261], [-79.576168, 43.640255], [-79.57614, 43.640249], [-79.576114, 43.640244], [-79.57609, 43.640239], [-79.576067, 43.640236], [-79.576047, 43.640235], [-79.576022, 43.640235], [-79.575997, 43.640237], [-79.575965, 43.640239], [-79.575941, 43.640245], [-79.575921, 43.640252], [-79.5759, 43.640246], [-79.575739, 43.640183], [-79.575531, 43.640134], [-79.57534, 43.64008], [-79.575172, 43.640013], [-79.574959, 43.639954], [-79.574781, 43.639896], [-79.574605, 43.639815], [-79.574484, 43.639703], [-79.574358, 43.639599], [-79.57423, 43.639473], [-79.574087, 43.639361], [-79.573918, 43.639257], [-79.573783, 43.639154], [-79.573655, 43.639033], [-79.573522, 43.638911], [-79.573389, 43.638785], [-79.573279, 43.63865], [-79.573169, 43.63852], [-79.573068, 43.638412], [-79.572949, 43.638322], [-79.572813, 43.638257]]}}, {"type": "Feature", "properties": {"name": "Elmcrest Creek", "class": "Creek/Tributary", "covered": true}, "geometry": {"type": "LineString", "coordinates": [[-79.578145, 43.64148], [-79.578006, 43.641381], [-79.577859, 43.641244], [-79.57774, 43.641122], [-79.57756, 43.641021], [-79.577391, 43.640922], [-79.57724, 43.640795], [-79.577098, 43.640684], [-79.57703, 43.640627], [-79.576994, 43.640597], [-79.576967, 43.640584], [-79.576942, 43.640572], [-79.576921, 43.640565], [-79.576905, 43.640563], [-79.576895, 43.640568], [-79.576875, 43.640585], [-79.576861, 43.640592], [-79.576814, 43.640615], [-79.57678, 43.640622], [-79.576721, 43.64062], [-79.576675, 43.640618], [-79.576635, 43.640611], [-79.576612, 43.640602], [-79.5766, 43.64059], [-79.576602, 43.64057], [-79.576607, 43.640552], [-79.576609, 43.640527], [-79.576605, 43.640512], [-79.5766, 43.640492], [-79.576591, 43.640466]]}}, {"type": "Feature", "properties": {"name": "Elmcrest Creek", "class": "Creek/Tributary", "covered": true}, "geometry": {"type": "LineString", "coordinates": [[-79.578938, 43.642122], [-79.578897, 43.642084], [-79.578843, 43.642035], [-79.578721, 43.641937], [-79.578636, 43.641865], [-79.578599, 43.641841]]}}, {"type": "Feature", "properties": {"name": "Elmcrest Creek", "class": "Creek/Tributary", "covered": true}, "geometry": {"type": "LineString", "coordinates": [[-79.580253, 43.643175], [-79.580217, 43.643155], [-79.580075, 43.643047], [-79.579951, 43.642953], [-79.579817, 43.642827], [-79.579695, 43.642723], [-79.579542, 43.642611], [-79.579405, 43.642503], [-79.57924, 43.642373], [-79.579083, 43.64226], [-79.579073, 43.642251], [-79.578952, 43.642134], [-79.578938, 43.642122]]}}, {"type": "Feature", "properties": {"name": "Elmcrest Creek", "class": "Creek/Tributary", "covered": true}, "geometry": {"type": "LineString", "coordinates": [[-79.58336, 43.645328], [-79.583361, 43.645314], [-79.583278, 43.645224], [-79.583143, 43.645129], [-79.582988, 43.645052], [-79.582834, 43.644993], [-79.582709, 43.644922], [-79.582599, 43.644841], [-79.582471, 43.644751], [-79.58235, 43.644666], [-79.582227, 43.644553], [-79.582112, 43.644459], [-79.581959, 43.644369], [-79.581803, 43.644293], [-79.581674, 43.644198], [-79.581541, 43.64409], [-79.581404, 43.644009], [-79.581263, 43.643902], [-79.581159, 43.643807], [-79.581035, 43.643695], [-79.580898, 43.6436], [-79.580737, 43.643497], [-79.580606, 43.643398], [-79.580485, 43.643317], [-79.580361, 43.643236], [-79.580253, 43.643175]]}}, {"type": "Feature", "properties": {"name": "Elmcrest Creek", "class": "Creek/Tributary", "covered": true}, "geometry": {"type": "LineString", "coordinates": [[-79.578599, 43.641841], [-79.578504, 43.641779], [-79.578374, 43.64168], [-79.578253, 43.641577], [-79.578145, 43.64148]]}}, {"type": "Feature", "properties": {"name": "Elmcrest Creek", "class": "Creek/Tributary", "covered": true}, "geometry": {"type": "LineString", "coordinates": [[-79.582874, 43.645891], [-79.582906, 43.64586], [-79.582976, 43.645791], [-79.583071, 43.645682], [-79.583167, 43.645592], [-79.58325, 43.645507], [-79.583356, 43.645416], [-79.58336, 43.645328]]}}, {"type": "Feature", "properties": {"name": "Elmcrest Creek", "class": "Creek/Tributary", "covered": true}, "geometry": {"type": "LineString", "coordinates": [[-79.585036, 43.648618], [-79.584921, 43.648614], [-79.584814, 43.648611], [-79.584675, 43.648587], [-79.584512, 43.648564], [-79.584368, 43.648544], [-79.58421, 43.648399], [-79.584006, 43.648224], [-79.58385266666667, 43.64806216666666], [-79.58369933333333, 43.64790033333333], [-79.583546, 43.6477385], [-79.58339266666667, 43.647576666666666], [-79.58323933333332, 43.64741483333333], [-79.583086, 43.647253], [-79.58292333333333, 43.647108], [-79.58276066666667, 43.646963], [-79.582598, 43.646818], [-79.582577, 43.646785], [-79.582505, 43.646714], [-79.582446, 43.646642], [-79.582405, 43.646552], [-79.582352, 43.646462], [-79.58239, 43.646381], [-79.582482, 43.646288], [-79.582592, 43.646186], [-79.5827, 43.646082], [-79.582784, 43.64599], [-79.582833, 43.645936], [-79.58287, 43.645895], [-79.582874, 43.645891]]}}, {"type": "Feature", "properties": {"name": "Elmcrest Creek", "class": "Creek/Tributary", "covered": true}, "geometry": {"type": "LineString", "coordinates": [[-79.586133, 43.649267], [-79.586128, 43.649249], [-79.586101, 43.649195], [-79.58604, 43.649105], [-79.586004, 43.649015], [-79.585956, 43.64893], [-79.585902, 43.648817], [-79.585839, 43.648736], [-79.585692, 43.648696], [-79.58551, 43.648665], [-79.585355, 43.648633], [-79.585221, 43.648624], [-79.585161, 43.648615], [-79.585153, 43.648615], [-79.585087, 43.64862], [-79.585036, 43.648618]]}}, {"type": "Feature", "properties": {"name": "Elmcrest Creek", "class": "Creek/Tributary", "covered": true}, "geometry": {"type": "LineString", "coordinates": [[-79.589251, 43.652471], [-79.589239, 43.65245], [-79.589221, 43.652397], [-79.589204, 43.65236], [-79.589201, 43.652336], [-79.589204, 43.652318], [-79.58918, 43.652285], [-79.589115, 43.652213], [-79.589041, 43.652136], [-79.588951, 43.652078], [-79.588857, 43.652015], [-79.588796, 43.651961], [-79.588766, 43.651946], [-79.58857533333334, 43.651772666666666], [-79.58838466666667, 43.65159933333334], [-79.588194, 43.651426], [-79.588093, 43.651399], [-79.588005, 43.651372], [-79.58796, 43.651323], [-79.587933, 43.651242], [-79.58791, 43.651165], [-79.587897, 43.651102], [-79.587855, 43.651053], [-79.587782, 43.651021], [-79.587732, 43.65099], [-79.587693, 43.650972], [-79.587302, 43.65077], [-79.587254, 43.650689], [-79.587117, 43.650536], [-79.587016, 43.650491], [-79.586916, 43.650464], [-79.586817, 43.650423], [-79.586723, 43.650374], [-79.586662, 43.65032], [-79.586636, 43.650261], [-79.586565, 43.650208], [-79.586493, 43.650167], [-79.586457, 43.650086], [-79.586417, 43.65001], [-79.58637, 43.649933], [-79.586313, 43.649848], [-79.586259, 43.649767], [-79.58621, 43.649681], [-79.586171, 43.649582], [-79.586146, 43.649519], [-79.586171, 43.649441], [-79.586157, 43.649353], [-79.586133, 43.649267]]}}, {"type": "Feature", "properties": {"name": "Elmcrest Creek", "class": "Creek/Tributary", "covered": true}, "geometry": {"type": "LineString", "coordinates": [[-79.592398, 43.654856], [-79.592346, 43.654798], [-79.592269, 43.654717], [-79.592199, 43.654645], [-79.592117, 43.654564], [-79.592049, 43.654503], [-79.591972, 43.654411], [-79.591885, 43.654308], [-79.591773, 43.654231], [-79.591648, 43.654151], [-79.591552, 43.654061], [-79.591495, 43.653962], [-79.591449, 43.653845], [-79.591417, 43.65375], [-79.591378, 43.653651], [-79.591329, 43.653557], [-79.591223, 43.653498], [-79.591105, 43.653444], [-79.590985, 43.653395], [-79.590864, 43.653355], [-79.590731, 43.653301], [-79.590517, 43.653148], [-79.590413, 43.653076], [-79.590317, 43.65299], [-79.590244, 43.652901], [-79.59015, 43.65282], [-79.590047, 43.652752], [-79.589939, 43.652703], [-79.589849, 43.652644], [-79.589817, 43.652568], [-79.589753, 43.652496], [-79.589623, 43.652474], [-79.58953, 43.65249], [-79.589436, 43.65252], [-79.589326, 43.652555], [-79.589298, 43.652535], [-79.589277, 43.652514], [-79.589265, 43.652501], [-79.589251, 43.652471]]}}, {"type": "Feature", "properties": {"name": "Elmcrest Creek", "class": "Creek/Tributary", "covered": true}, "geometry": {"type": "LineString", "coordinates": [[-79.59285, 43.655916], [-79.592838, 43.655837], [-79.592803, 43.655653], [-79.592756, 43.655468], [-79.592727, 43.655333], [-79.592585, 43.6551175], [-79.592443, 43.654902], [-79.592411, 43.65487], [-79.592398, 43.654856]]}}, {"type": "Feature", "properties": {"name": "Elmcrest Creek", "class": "Creek/Tributary", "covered": true}, "geometry": {"type": "LineString", "coordinates": [[-79.593076, 43.656487], [-79.59307, 43.656485], [-79.593007, 43.656476], [-79.592962, 43.656423], [-79.592944, 43.656346], [-79.592907, 43.656188], [-79.592865, 43.656013], [-79.59285, 43.655916]]}}, {"type": "Feature", "properties": {"name": "Elmcrest Creek", "class": "Creek/Tributary", "covered": true}, "geometry": {"type": "LineString", "coordinates": [[-79.593729, 43.66008], [-79.593471, 43.659942], [-79.593418, 43.659897], [-79.59335, 43.659829], [-79.593285, 43.659766], [-79.593223, 43.659699], [-79.593165, 43.65964], [-79.593096, 43.659582], [-79.593004, 43.659537], [-79.592917, 43.659478], [-79.592855, 43.659397], [-79.592836, 43.65933], [-79.592869, 43.659262], [-79.592899, 43.659181], [-79.592951, 43.659096], [-79.593032, 43.659028], [-79.593137, 43.658979], [-79.593236, 43.658934], [-79.593373, 43.658902], [-79.593524, 43.658897], [-79.593661, 43.658906], [-79.593788, 43.658915], [-79.593899, 43.658911], [-79.593988, 43.658883], [-79.594076, 43.658834], [-79.59415, 43.658766], [-79.594175, 43.658694], [-79.594182, 43.658618], [-79.594205, 43.658555], [-79.594238, 43.658492], [-79.594267, 43.658438], [-79.594286, 43.658379], [-79.594307, 43.658316], [-79.594315, 43.658244], [-79.594307, 43.658186], [-79.594305, 43.658127], [-79.594309, 43.658064], [-79.594268, 43.657934], [-79.594249, 43.657884], [-79.594221, 43.657826], [-79.594188, 43.657754], [-79.594158, 43.657682], [-79.594133, 43.657623], [-79.594104, 43.657565], [-79.594076, 43.657493], [-79.594053, 43.657439], [-79.593988, 43.657353], [-79.593908, 43.657281], [-79.59379, 43.657218], [-79.593658, 43.657151], [-79.59353, 43.657039], [-79.593411, 43.656935], [-79.593311, 43.656845], [-79.59323, 43.656751], [-79.593191, 43.656665], [-79.593164, 43.656593], [-79.59315, 43.656544], [-79.593139, 43.656508], [-79.593076, 43.656487]]}}, {"type": "Feature", "properties": {"name": "Rouge River", "class": "River", "covered": true}, "geometry": {"type": "LineString", "coordinates": [[-79.219314, 43.822546], [-79.219114, 43.822476], [-79.219037, 43.822401], [-79.218977, 43.822259], [-79.218981, 43.822233], [-79.218984, 43.822217], [-79.218878, 43.822146], [-79.21878, 43.822073], [-79.218694, 43.822019], [-79.218643, 43.821956], [-79.218544, 43.821906], [-79.218424, 43.821847], [-79.218349, 43.821752], [-79.218268, 43.821694], [-79.218104, 43.82168], [-79.218042, 43.821617], [-79.217935, 43.821576], [-79.217843, 43.821531], [-79.21775, 43.821449], [-79.217692, 43.821341], [-79.217543, 43.821287], [-79.217425, 43.821237], [-79.217305, 43.821232], [-79.217257, 43.821142], [-79.217157, 43.821029], [-79.216998, 43.820952], [-79.216887, 43.820904]]}}, {"type": "Feature", "properties": {"name": "Silver Creek", "class": "Creek/Tributary", "covered": true}, "geometry": {"type": "LineString", "coordinates": [[-79.512854, 43.673717], [-79.512588, 43.673686000000004], [-79.512322, 43.673655]]}}, {"type": "Feature", "properties": {"name": "Humber River", "class": "River", "covered": true}, "geometry": {"type": "LineString", "coordinates": [[-79.51151, 43.669124], [-79.511571, 43.669299499999994], [-79.511632, 43.669475], [-79.511685, 43.669684000000004], [-79.511738, 43.669893], [-79.511771, 43.670118], [-79.511804, 43.670343], [-79.511843, 43.670609], [-79.5118875, 43.67081625], [-79.511932, 43.671023500000004], [-79.5119765, 43.67123075], [-79.512021, 43.671438], [-79.5120905, 43.671651499999996], [-79.51216, 43.671865], [-79.51223166666666, 43.67204366666667], [-79.51230333333334, 43.67222233333333], [-79.512375, 43.672401], [-79.512424, 43.672629], [-79.51233500000001, 43.672837], [-79.512246, 43.673045], [-79.51227133333333, 43.67324833333333], [-79.51229666666667, 43.673451666666665], [-79.512322, 43.673655]]}}, {"type": "Feature", "properties": {"name": "Black Creek", "class": "River", "covered": true}, "geometry": {"type": "LineString", "coordinates": [[-79.505353, 43.674837], [-79.505439, 43.674818], [-79.505624, 43.674764], [-79.505803, 43.674692], [-79.505966, 43.674597], [-79.506103, 43.674484], [-79.506212, 43.674349], [-79.506284, 43.674214], [-79.506339, 43.674079], [-79.5064, 43.673935], [-79.506473, 43.673805], [-79.506524, 43.673643], [-79.506548, 43.673494], [-79.506558, 43.673346], [-79.50656, 43.673202], [-79.506548, 43.673058], [-79.506554, 43.672927], [-79.506555, 43.672792], [-79.506558, 43.672675], [-79.506603, 43.67254], [-79.506654, 43.672423], [-79.506687, 43.672297], [-79.506749, 43.672189], [-79.506824, 43.67209], [-79.506898, 43.671987], [-79.506987, 43.671892], [-79.507072, 43.671789], [-79.507172, 43.671708], [-79.507306, 43.671622], [-79.507427, 43.671541], [-79.50758, 43.67146], [-79.507726, 43.671397], [-79.507889, 43.671334], [-79.50805, 43.67128], [-79.508225, 43.671212], [-79.508385, 43.671149], [-79.508555, 43.671073], [-79.508724, 43.671001], [-79.508901, 43.670924], [-79.509043, 43.670843], [-79.509219, 43.670749], [-79.509376, 43.670659], [-79.509545, 43.670587], [-79.509688, 43.670501], [-79.509864, 43.670411], [-79.510017, 43.670317], [-79.51018, 43.670213], [-79.510331, 43.670101], [-79.510482, 43.669984], [-79.510604, 43.669871], [-79.510749, 43.669731], [-79.510862, 43.669614], [-79.511018, 43.669506], [-79.51126400000001, 43.669315], [-79.51151, 43.669124]]}}, {"type": "Feature", "properties": {"name": "Humber River", "class": "River", "covered": true}, "geometry": {"type": "LineString", "coordinates": [[-79.512322, 43.673655], [-79.512301, 43.673935], [-79.51217449999999, 43.674128499999995], [-79.512048, 43.674322], [-79.511852, 43.6744865], [-79.511656, 43.674651], [-79.5114385, 43.6748085], [-79.511221, 43.674966], [-79.510974, 43.675096499999995], [-79.510727, 43.675227], [-79.5104715, 43.675368500000005], [-79.510216, 43.67551], [-79.50986, 43.675686], [-79.509698, 43.675767], [-79.50947099999999, 43.675902], [-79.509244, 43.676037], [-79.509039, 43.676212500000005], [-79.508834, 43.676388], [-79.508677, 43.6765705], [-79.50852, 43.676753], [-79.508398, 43.6769575], [-79.508276, 43.677162], [-79.50817599999999, 43.6773805], [-79.508076, 43.677599], [-79.50798499999999, 43.677817000000005], [-79.507894, 43.678035], [-79.5077895, 43.678244500000005], [-79.507685, 43.678454], [-79.5075725, 43.6786635], [-79.50746, 43.678873], [-79.50744, 43.678909]]}}, {"type": "Feature", "properties": {"name": "Highland Creek", "class": "River", "covered": true}, "geometry": {"type": "LineString", "coordinates": [[-79.198706, 43.774953], [-79.1988065, 43.77520199999999], [-79.198907, 43.775451], [-79.198911, 43.775591], [-79.198861, 43.775728], [-79.198732, 43.775853], [-79.198532, 43.775977], [-79.198334, 43.776078], [-79.198229, 43.776144], [-79.197927, 43.776194], [-79.19759350000001, 43.776221], [-79.19726, 43.776248], [-79.196836, 43.776257], [-79.196581, 43.776233], [-79.196379, 43.776194], [-79.19628, 43.776135], [-79.196248, 43.776053], [-79.196243, 43.775885], [-79.196241, 43.775817], [-79.196132, 43.775689], [-79.195955, 43.775531], [-79.195786, 43.775441], [-79.195642, 43.775413], [-79.195505, 43.7754], [-79.19535, 43.775445], [-79.195234, 43.775505], [-79.195157, 43.775627], [-79.195096, 43.775793], [-79.19508, 43.775925], [-79.195023, 43.776114666666665], [-79.194966, 43.776304333333336], [-79.194909, 43.776494], [-79.1948045, 43.776686], [-79.1947, 43.776878], [-79.194524, 43.777039], [-79.194324, 43.777135], [-79.194172, 43.777156], [-79.194001, 43.777142], [-79.193896, 43.777094], [-79.193735, 43.776923], [-79.193625, 43.776806], [-79.193475, 43.77675], [-79.193175, 43.776806], [-79.193096, 43.776858], [-79.193037, 43.776872], [-79.19281, 43.777043], [-79.192734, 43.777181], [-79.192685, 43.777243], [-79.192691, 43.777259], [-79.192687, 43.777267], [-79.192741, 43.77746], [-79.192818, 43.777533], [-79.19293, 43.7777], [-79.193007, 43.777934], [-79.19297, 43.778063]]}}, {"type": "Feature", "properties": {"name": "Humber River", "class": "River", "covered": true}, "geometry": {"type": "LineString", "coordinates": [[-79.473368, 43.633059], [-79.473547, 43.633135]]}}, {"type": "Feature", "properties": {"name": "Humber River", "class": "River", "covered": true}, "geometry": {"type": "LineString", "coordinates": [[-79.47316, 43.632969], [-79.473368, 43.633059]]}}, {"type": "Feature", "properties": {"name": "Humber River", "class": "River", "covered": true}, "geometry": {"type": "LineString", "coordinates": [[-79.473906, 43.633272], [-79.474045, 43.633335]]}}, {"type": "Feature", "properties": {"name": "Mimico Creek", "class": "River", "covered": true}, "geometry": {"type": "LineString", "coordinates": [[-79.544826, 43.652912], [-79.544738, 43.652873], [-79.544632, 43.652814], [-79.544534, 43.652733], [-79.544455, 43.652657], [-79.544383, 43.652571], [-79.544301, 43.652481], [-79.544227, 43.652409], [-79.544147, 43.652342], [-79.544056, 43.65227], [-79.543946, 43.652225], [-79.543793, 43.652211], [-79.543639, 43.652203], [-79.543487, 43.652176], [-79.543321, 43.652144], [-79.543243, 43.652127], [-79.543206, 43.652119]]}}, {"type": "Feature", "properties": {"name": "Don River", "class": "River", "covered": true}, "geometry": {"type": "LineString", "coordinates": [[-79.35294, 43.656566], [-79.35277838461539, 43.65642776923077], [-79.35261676923078, 43.656289538461536], [-79.35245515384615, 43.656151307692305], [-79.35229353846154, 43.656013076923074], [-79.35213192307693, 43.65587484615384], [-79.35197030769231, 43.65573661538461], [-79.35180869230769, 43.65559838461539], [-79.35164707692307, 43.65546015384616], [-79.35148546153846, 43.655321923076926], [-79.35132384615385, 43.655183692307695], [-79.35116223076922, 43.655045461538464], [-79.3510006153846, 43.65490723076923], [-79.350839, 43.654769], [-79.350674625, 43.65462275], [-79.35051025, 43.6544765], [-79.350345875, 43.65433025], [-79.35018149999999, 43.654184], [-79.350017125, 43.65403775], [-79.34985275, 43.6538915], [-79.349688375, 43.65374525], [-79.349524, 43.653599]]}}, {"type": "Feature", "properties": {"name": "Black Creek", "class": "River", "covered": true}, "geometry": {"type": "LineString", "coordinates": [[-79.483083, 43.678595], [-79.483104, 43.678454], [-79.48312849999999, 43.6782355], [-79.483153, 43.678017], [-79.4832, 43.677891], [-79.483272, 43.677788], [-79.4834115, 43.67762475], [-79.483551, 43.6774615], [-79.4836905, 43.67729825], [-79.48383, 43.677135], [-79.483939, 43.677014], [-79.484056, 43.676869]]}}, {"type": "Feature", "properties": {"name": "Black Creek", "class": "River", "covered": true}, "geometry": {"type": "LineString", "coordinates": [[-79.484056, 43.676869], [-79.484143, 43.676807], [-79.484254, 43.676708], [-79.48434, 43.676627], [-79.484467, 43.676573], [-79.484746, 43.676474], [-79.4849845, 43.6763995], [-79.485223, 43.676325], [-79.485382, 43.676271], [-79.485566, 43.676222], [-79.485731, 43.676168], [-79.485921, 43.676114], [-79.486189, 43.676033000000004], [-79.486457, 43.675952], [-79.486636, 43.675893], [-79.486801, 43.675848], [-79.487, 43.675799], [-79.487179, 43.675749], [-79.48738, 43.6757], [-79.487548, 43.67565], [-79.487738, 43.675614], [-79.487908, 43.675578], [-79.488096, 43.675538], [-79.488266, 43.675497], [-79.488453, 43.675452], [-79.488637, 43.675421], [-79.488735, 43.675395]]}}, {"type": "Feature", "properties": {"name": "Lavender Creek", "class": "Creek/Tributary", "covered": true}, "geometry": {"type": "LineString", "coordinates": [[-79.484056, 43.676869], [-79.483979, 43.67684], [-79.483881, 43.676846], [-79.483733, 43.676864], [-79.483647, 43.67687], [-79.483561, 43.676889], [-79.483511, 43.676912], [-79.483462, 43.676929], [-79.483418, 43.676927], [-79.483342, 43.676932], [-79.483298, 43.676919], [-79.483259, 43.676885], [-79.483191, 43.676819], [-79.48315, 43.676769], [-79.483101, 43.676698], [-79.482976, 43.676559], [-79.48292, 43.676495], [-79.482875, 43.676435], [-79.482785, 43.676355], [-79.482704, 43.676297], [-79.482609, 43.676228], [-79.482575, 43.676181], [-79.482557, 43.676135], [-79.482547, 43.676105], [-79.482509, 43.676029], [-79.482457, 43.675939], [-79.482449, 43.675873], [-79.48246, 43.675834], [-79.482465, 43.675801], [-79.482462, 43.675783], [-79.482442, 43.675768], [-79.482442, 43.675768], [-79.482418, 43.675731], [-79.482368, 43.675705], [-79.482319, 43.675687], [-79.482302, 43.67566], [-79.48229, 43.675607], [-79.482276, 43.675542], [-79.482267, 43.675474], [-79.482256, 43.675387], [-79.48223, 43.675325], [-79.482172, 43.675154], [-79.482126, 43.675052], [-79.48203, 43.674852], [-79.48195799999999, 43.674641], [-79.481886, 43.67443], [-79.481794, 43.674235]]}}, {"type": "Feature", "properties": {"name": "West Highland Creek", "class": "River", "covered": false}, "geometry": {"type": "LineString", "coordinates": [[-79.264198, 43.767469], [-79.264181, 43.767421], [-79.264038, 43.767253], [-79.263817, 43.767199], [-79.263623, 43.767099], [-79.263533, 43.766896], [-79.263406, 43.766697], [-79.263305, 43.766487], [-79.263335, 43.766287], [-79.263509, 43.766103], [-79.263658, 43.765873], [-79.263812, 43.765641], [-79.26405, 43.765401], [-79.264311, 43.765197], [-79.264381, 43.765046]]}}, {"type": "Feature", "properties": {"name": "West Highland Creek", "class": "River", "covered": false}, "geometry": {"type": "LineString", "coordinates": [[-79.264381, 43.765046], [-79.264786, 43.76491]]}}, {"type": "Feature", "properties": {"name": "West Highland Creek", "class": "River", "covered": true}, "geometry": {"type": "LineString", "coordinates": [[-79.230632, 43.751934], [-79.23064, 43.752004], [-79.230683, 43.752166], [-79.2307, 43.752382], [-79.23061, 43.752565], [-79.230479, 43.752749], [-79.230331, 43.752879], [-79.230135, 43.753029], [-79.230072, 43.753203], [-79.230014, 43.753286]]}}, {"type": "Feature", "properties": {"name": "West Highland Creek", "class": "River", "covered": true}, "geometry": {"type": "LineString", "coordinates": [[-79.230623, 43.753166], [-79.230564, 43.753154], [-79.23024, 43.753179], [-79.230014, 43.753286]]}}, {"type": "Feature", "properties": {"name": "West Highland Creek", "class": "River", "covered": true}, "geometry": {"type": "LineString", "coordinates": [[-79.233836, 43.753142], [-79.233761, 43.753161], [-79.233543, 43.753239], [-79.233206, 43.75336], [-79.232854, 43.753444], [-79.232447, 43.753498], [-79.232024, 43.753457], [-79.231645, 43.753396], [-79.231488, 43.753367], [-79.231241, 43.753323], [-79.230886, 43.753215], [-79.230623, 43.753166]]}}, {"type": "Feature", "properties": {"name": "West Highland Creek", "class": "River", "covered": true}, "geometry": {"type": "LineString", "coordinates": [[-79.229861, 43.75417], [-79.229739, 43.75426], [-79.229652, 43.754353], [-79.229582, 43.754441], [-79.229521, 43.754526], [-79.229499, 43.754613], [-79.229512, 43.754695], [-79.22952, 43.754783], [-79.22952, 43.754852], [-79.229502, 43.754899], [-79.229428, 43.754971], [-79.229276, 43.755059], [-79.22909, 43.755131], [-79.228912, 43.755183], [-79.228739, 43.755221], [-79.228548, 43.755255], [-79.228431, 43.755261], [-79.228314, 43.755248], [-79.228197, 43.755216], [-79.228111, 43.755156], [-79.228029, 43.755081], [-79.22799, 43.755034], [-79.227982, 43.754943], [-79.228, 43.754814], [-79.228018, 43.754623], [-79.228002, 43.75457], [-79.228005, 43.754514]]}}, {"type": "Feature", "properties": {"name": "West Highland Creek", "class": "River", "covered": true}, "geometry": {"type": "LineString", "coordinates": [[-79.230014, 43.753286], [-79.229978, 43.753347], [-79.229918, 43.753513], [-79.229949, 43.753613], [-79.229968, 43.753887], [-79.229864, 43.754105], [-79.229861, 43.75411], [-79.229861, 43.75417]]}}, {"type": "Feature", "properties": {"name": "Yellow Creek", "class": "Creek/Tributary", "covered": true}, "geometry": {"type": "LineString", "coordinates": [[-79.390714, 43.691056], [-79.390457, 43.690812], [-79.390205, 43.690614], [-79.390076, 43.69045], [-79.390005, 43.690229], [-79.39, 43.690043], [-79.390034, 43.689886], [-79.389956, 43.689788], [-79.389645, 43.689621], [-79.38942399999999, 43.689503], [-79.389203, 43.689385], [-79.3889645, 43.689304], [-79.388726, 43.689223]]}}, {"type": "Feature", "properties": {"name": "Don River", "class": "River", "covered": true}, "geometry": {"type": "LineString", "coordinates": [[-79.35545, 43.661734], [-79.355445, 43.661712], [-79.355415, 43.661577], [-79.355378, 43.661433], [-79.35534, 43.661298], [-79.355294, 43.661145], [-79.355256, 43.66101], [-79.35522, 43.660881], [-79.35521, 43.660848], [-79.35517, 43.660712], [-79.355076, 43.66042], [-79.355032, 43.660276], [-79.355025, 43.660255], [-79.354986, 43.660136], [-79.354942, 43.659997], [-79.354897, 43.659857], [-79.354848, 43.659726], [-79.354805, 43.659578], [-79.354769, 43.659447], [-79.354732, 43.659312], [-79.35473, 43.659302], [-79.354709, 43.659191], [-79.354677, 43.659051], [-79.354646, 43.658925], [-79.354603, 43.65879], [-79.35456, 43.658668], [-79.354519, 43.658533], [-79.354481, 43.658407], [-79.354451, 43.658277], [-79.354425, 43.658151], [-79.354396, 43.658029], [-79.354346, 43.657912], [-79.354325, 43.657872]]}}, {"type": "Feature", "properties": {"name": "Rouge River", "class": "River", "covered": true}, "geometry": {"type": "LineString", "coordinates": [[-79.216887, 43.820904], [-79.216852, 43.820889], [-79.216686, 43.820835], [-79.216587, 43.820789], [-79.216543, 43.820763], [-79.216473, 43.820722], [-79.216363, 43.820667], [-79.216234, 43.820626], [-79.216166, 43.820563], [-79.216069, 43.820501], [-79.2158265, 43.8204095], [-79.215584, 43.820318], [-79.215327, 43.820207499999995], [-79.21507, 43.820097], [-79.2148115, 43.8199795], [-79.214553, 43.819862], [-79.214163, 43.819683], [-79.21388, 43.81957], [-79.213556, 43.819589], [-79.213284, 43.81975], [-79.21298, 43.819883], [-79.212683, 43.819995], [-79.212327, 43.819953], [-79.212175, 43.819867], [-79.211987, 43.819752]]}}, {"type": "Feature", "properties": {"name": "Massey Creek", "class": "River", "covered": true}, "geometry": {"type": "LineString", "coordinates": [[-79.307671, 43.764307], [-79.30759016666667, 43.764109000000005], [-79.30750933333333, 43.763911], [-79.3074285, 43.763713], [-79.30734766666667, 43.763515000000005], [-79.30726683333333, 43.763317], [-79.307186, 43.763119], [-79.30711414285715, 43.76293928571429], [-79.30704228571429, 43.762759571428575], [-79.30697042857143, 43.76257985714286], [-79.30689857142858, 43.762400142857146], [-79.30682671428572, 43.76222042857143], [-79.30675485714286, 43.76204071428572], [-79.306683, 43.761861]]}}, {"type": "Feature", "properties": {"name": "Don River", "class": "River", "covered": true}, "geometry": {"type": "LineString", "coordinates": [[-79.347347, 43.650857], [-79.347226, 43.650584]]}}, {"type": "Feature", "properties": {"name": "Keating Channel", "class": "River", "covered": true}, "geometry": {"type": "LineString", "coordinates": [[-79.347226, 43.650584], [-79.34744850000001, 43.65049225], [-79.347671, 43.6504005], [-79.34789350000001, 43.65030875], [-79.348116, 43.650217], [-79.34833850000001, 43.65012525], [-79.348561, 43.6500335], [-79.34878350000001, 43.64994175], [-79.349006, 43.64985], [-79.34922850000001, 43.64975825], [-79.349451, 43.6496665], [-79.34967350000001, 43.64957475], [-79.349896, 43.649483000000004], [-79.35011850000001, 43.64939125], [-79.350341, 43.6492995], [-79.3505635, 43.64920775], [-79.350786, 43.649116], [-79.3510085, 43.64902425], [-79.35123100000001, 43.6489325], [-79.3514535, 43.64884075], [-79.35167600000001, 43.648748999999995], [-79.3518985, 43.64865725], [-79.35212100000001, 43.6485655], [-79.3523435, 43.64847375], [-79.35256600000001, 43.648382], [-79.3527885, 43.648290249999995], [-79.35301100000001, 43.6481985], [-79.3532335, 43.64810675], [-79.35345600000001, 43.648015], [-79.3536785, 43.64792325], [-79.35390100000001, 43.647831499999995], [-79.3541235, 43.64773975], [-79.354346, 43.647648]]}}, {"type": "Feature", "properties": {"name": "Don River", "class": "River", "covered": true}, "geometry": {"type": "LineString", "coordinates": [[-79.350039, 43.64442], [-79.350434, 43.64441], [-79.350781, 43.644401], [-79.351097, 43.644377], [-79.351343, 43.644345], [-79.351592, 43.64427], [-79.351794, 43.644187], [-79.351974, 43.644099], [-79.352099, 43.644014], [-79.352222, 43.64393]]}}, {"type": "Feature", "properties": {"name": "Don River", "class": "River", "covered": true}, "geometry": {"type": "LineString", "coordinates": [[-79.352222, 43.64393], [-79.352288, 43.64383]]}}, {"type": "Feature", "properties": {"name": "Don River", "class": "River", "covered": true}, "geometry": {"type": "LineString", "coordinates": [[-79.347226, 43.650584], [-79.3471346, 43.6503876], [-79.3470432, 43.6501912], [-79.3469518, 43.6499948], [-79.3468604, 43.6497984], [-79.346769, 43.649602], [-79.346683, 43.649393], [-79.346597, 43.649184], [-79.3465055, 43.648998], [-79.346414, 43.648812], [-79.34628, 43.648541], [-79.346147, 43.648362500000005], [-79.346014, 43.648184]]}}, {"type": "Feature", "properties": {"name": "Silver Creek", "class": "Creek/Tributary", "covered": true}, "geometry": {"type": "LineString", "coordinates": [[-79.523658, 43.675437], [-79.523511, 43.675404], [-79.523318, 43.675386], [-79.523125, 43.675445], [-79.522965, 43.675549], [-79.522789, 43.675634], [-79.522615, 43.675706], [-79.522445, 43.675787], [-79.52231, 43.675895], [-79.522182, 43.676012], [-79.522132, 43.676179], [-79.522138, 43.676341], [-79.522074, 43.676485], [-79.521896, 43.676566], [-79.521642, 43.676543], [-79.52143, 43.676458], [-79.521192, 43.676409], [-79.520943, 43.676364], [-79.520708, 43.676386], [-79.520458, 43.67644], [-79.520215, 43.676454], [-79.51995, 43.676436], [-79.519717, 43.6764], [-79.519489, 43.67631], [-79.519263, 43.676256], [-79.519085, 43.676278], [-79.518886, 43.676346], [-79.518667, 43.676409], [-79.518432, 43.676387], [-79.518264, 43.676247], [-79.518065, 43.676094], [-79.517876, 43.675946], [-79.517679, 43.675797], [-79.517493, 43.675649], [-79.517343, 43.675478], [-79.517191, 43.675307], [-79.517031, 43.675154], [-79.516922, 43.675001], [-79.516799, 43.674843], [-79.516577, 43.674722], [-79.516386, 43.674587], [-79.516196, 43.674434], [-79.516063, 43.674285], [-79.515999, 43.674123], [-79.515842, 43.673984], [-79.515626, 43.673894], [-79.515369, 43.673826], [-79.515101, 43.673813], [-79.514851, 43.673867], [-79.514685, 43.67389]]}}, {"type": "Feature", "properties": {"name": "Silver Creek", "class": "Creek/Tributary", "covered": true}, "geometry": {"type": "LineString", "coordinates": [[-79.53057, 43.681339], [-79.530632, 43.681102], [-79.530659, 43.681], [-79.530692, 43.680933], [-79.530686, 43.680897], [-79.530615, 43.680815], [-79.530575, 43.680744], [-79.53045, 43.680643], [-79.530316, 43.680534], [-79.530125, 43.680395], [-79.529945, 43.680313], [-79.529856, 43.680297], [-79.529753, 43.680289], [-79.529687, 43.680268], [-79.529653, 43.680243], [-79.529644, 43.680189], [-79.529666, 43.680145], [-79.529689, 43.680098], [-79.529723, 43.680042], [-79.529742, 43.679984], [-79.529778, 43.679836], [-79.529651, 43.679737], [-79.529548, 43.679642], [-79.52957, 43.679494], [-79.529571, 43.679336], [-79.529456, 43.679183], [-79.529293, 43.679048], [-79.529148, 43.678936], [-79.529044, 43.678779], [-79.528914, 43.67863], [-79.528768, 43.678504], [-79.528619, 43.678351], [-79.528464, 43.678243], [-79.52833, 43.678126], [-79.528191, 43.678023], [-79.528036, 43.677942], [-79.527864, 43.677865], [-79.527706, 43.677744], [-79.527553, 43.67764], [-79.527397, 43.677537], [-79.527304, 43.677411], [-79.527181, 43.677298], [-79.527061, 43.677177], [-79.527012, 43.677143], [-79.526921, 43.677064], [-79.526782, 43.676988], [-79.526623, 43.676934], [-79.526505, 43.676817], [-79.526423, 43.676655], [-79.526271, 43.676529], [-79.526072, 43.67647], [-79.526039, 43.676456], [-79.52589, 43.676394], [-79.525701, 43.676322], [-79.525489, 43.676241], [-79.525305, 43.676147], [-79.525089, 43.67607], [-79.524878, 43.676048], [-79.524688, 43.676052], [-79.52452, 43.675998], [-79.524392, 43.675899], [-79.524283, 43.675778], [-79.524169, 43.675638], [-79.524035, 43.67553], [-79.523917, 43.675481], [-79.52374, 43.675449], [-79.523658, 43.675437]]}}, {"type": "Feature", "properties": {"name": "East Highland Creek", "class": "River", "covered": true}, "geometry": {"type": "LineString", "coordinates": [[-79.287958, 43.803054], [-79.287881, 43.802899], [-79.287783, 43.802668], [-79.287676, 43.802401], [-79.287584, 43.802167], [-79.28757, 43.801962], [-79.287571, 43.801723], [-79.287592, 43.801481], [-79.287623, 43.801262], [-79.287572, 43.801043], [-79.287482, 43.800812], [-79.287376, 43.800542], [-79.287265, 43.800286], [-79.287146, 43.800025], [-79.287132, 43.799995], [-79.287067, 43.799854]]}}, {"type": "Feature", "properties": {"name": "Berry Creek", "class": "Creek/Tributary", "covered": true}, "geometry": {"type": "LineString", "coordinates": [[-79.557575, 43.720321], [-79.557337, 43.720183], [-79.557105, 43.720084], [-79.556883, 43.719949], [-79.556685, 43.719805], [-79.556558, 43.719648], [-79.556387, 43.719526], [-79.556106, 43.719486], [-79.555816, 43.719464], [-79.555542, 43.719495], [-79.555288, 43.719532], [-79.555017, 43.719572], [-79.554765, 43.719604], [-79.554738, 43.719608]]}}, {"type": "Feature", "properties": {"name": "Berry Creek", "class": "Creek/Tributary", "covered": true}, "geometry": {"type": "LineString", "coordinates": [[-79.559167, 43.720821], [-79.5589075, 43.7207435], [-79.558648, 43.720666], [-79.558417, 43.720587], [-79.55813633333334, 43.72049833333333], [-79.55785566666667, 43.72040966666667], [-79.557575, 43.720321]]}}, {"type": "Feature", "properties": {"name": "Keating Channel", "class": "River", "covered": true}, "geometry": {"type": "LineString", "coordinates": [[-79.354346, 43.647648], [-79.354406, 43.647622]]}}, {"type": "Feature", "properties": {"name": "Don River W Branch", "class": "River", "covered": true}, "geometry": {"type": "LineString", "coordinates": [[-79.352628, 43.716233], [-79.35249, 43.716153], [-79.352415, 43.715942], [-79.352321, 43.715735], [-79.352086, 43.715662], [-79.351765, 43.715702], [-79.351414, 43.715702], [-79.351353, 43.715701], [-79.351081, 43.715699], [-79.350711, 43.715739], [-79.350349, 43.71578], [-79.35002, 43.715858], [-79.349887, 43.71603], [-79.349618, 43.716137], [-79.349499, 43.716167], [-79.349276, 43.716221], [-79.349176, 43.716239]]}}, {"type": "Feature", "properties": {"name": "Don River W Branch", "class": "River", "covered": true}, "geometry": {"type": "LineString", "coordinates": [[-79.458907, 43.780714], [-79.458755, 43.780897], [-79.458615, 43.781014], [-79.458432, 43.78111], [-79.458291, 43.781184], [-79.458185, 43.781208], [-79.458077, 43.781204], [-79.458028, 43.781202], [-79.458007, 43.781059], [-79.457966, 43.780964], [-79.457934, 43.780887], [-79.457866, 43.780845], [-79.457819, 43.780735], [-79.45782, 43.780619], [-79.457842, 43.780523], [-79.457821, 43.780409], [-79.457819, 43.780269], [-79.457848, 43.78018], [-79.457914, 43.78005], [-79.45791, 43.779924], [-79.457748, 43.779744], [-79.457593, 43.779745], [-79.457425, 43.779773], [-79.457305, 43.779725], [-79.457302, 43.779575], [-79.457289, 43.779435], [-79.457259, 43.779293], [-79.457234, 43.779158], [-79.457165, 43.779065], [-79.456872, 43.778898], [-79.456732, 43.778841], [-79.456721, 43.778821], [-79.456631, 43.778677]]}}, {"type": "Feature", "properties": {"name": "Don River", "class": "River", "covered": true}, "geometry": {"type": "LineString", "coordinates": [[-79.346014, 43.648184], [-79.345899, 43.647951], [-79.345765, 43.647676], [-79.345663, 43.647398], [-79.345659, 43.647215], [-79.345656, 43.647049], [-79.345762, 43.64685], [-79.345883, 43.646691], [-79.346064, 43.646544], [-79.346251, 43.646441], [-79.346495, 43.646324], [-79.346817, 43.64623], [-79.347201, 43.646143], [-79.347669, 43.646036], [-79.348135, 43.645976], [-79.348465, 43.645933], [-79.34877, 43.645901], [-79.348978, 43.645854], [-79.34913, 43.645796], [-79.349263, 43.645713], [-79.349375, 43.645602], [-79.349423, 43.645509], [-79.349435, 43.645402], [-79.349419, 43.645304], [-79.349403, 43.645228], [-79.349331, 43.645095], [-79.349267, 43.644977], [-79.349206, 43.644814], [-79.349215, 43.644723], [-79.349282, 43.644591], [-79.349383, 43.644524], [-79.349543, 43.644472], [-79.349719, 43.644443], [-79.349919, 43.644426], [-79.350039, 43.64442]]}}, {"type": "Feature", "properties": {"name": "Don River E Branch", "class": "River", "covered": true}, "geometry": {"type": "LineString", "coordinates": [[-79.311619, 43.724594], [-79.311698, 43.724459]]}}, {"type": "Feature", "properties": {"name": "Don River E Branch", "class": "River", "covered": false}, "geometry": {"type": "LineString", "coordinates": [[-79.311698, 43.724459], [-79.311879, 43.72423], [-79.312123, 43.724019], [-79.312208, 43.72396]]}}, {"type": "Feature", "properties": {"name": "Don River E Branch", "class": "River", "covered": true}, "geometry": {"type": "LineString", "coordinates": [[-79.312208, 43.72396], [-79.312462, 43.723767], [-79.3126, 43.723637], [-79.312715, 43.723543], [-79.31283, 43.723475], [-79.312949, 43.72344], [-79.313132, 43.723444], [-79.313383, 43.723346], [-79.313553, 43.723202], [-79.313799, 43.723108], [-79.314102, 43.723027], [-79.314357, 43.722947], [-79.314439, 43.722906], [-79.31462, 43.722853], [-79.314805, 43.722812], [-79.315036, 43.722786], [-79.315223, 43.722768], [-79.315326, 43.722761]]}}, {"type": "Feature", "properties": {"name": "Don River E Branch", "class": "River", "covered": true}, "geometry": {"type": "LineString", "coordinates": [[-79.315326, 43.722761], [-79.315595, 43.722706], [-79.315895, 43.722657], [-79.316157, 43.722599], [-79.316403, 43.722504], [-79.316667, 43.722415], [-79.317007, 43.722316], [-79.317386, 43.72229], [-79.317739, 43.722277], [-79.318049, 43.7223], [-79.318353, 43.722386], [-79.318532, 43.722449], [-79.31857, 43.722463], [-79.318785, 43.722544], [-79.319064, 43.722545]]}}, {"type": "Feature", "properties": {"name": "Don River E Branch", "class": "River", "covered": false}, "geometry": {"type": "LineString", "coordinates": [[-79.319064, 43.722545], [-79.31943, 43.722419], [-79.319715, 43.722271], [-79.31992199999999, 43.7221655]]}}, {"type": "Feature", "properties": {"name": "Don River E Branch", "class": "River", "covered": true}, "geometry": {"type": "LineString", "coordinates": [[-79.31992199999999, 43.7221655], [-79.320129, 43.72206], [-79.320207, 43.722015], [-79.320581, 43.721845], [-79.320845, 43.721715], [-79.321203, 43.721612], [-79.321568, 43.721549], [-79.321889, 43.721514], [-79.322105, 43.721532], [-79.322291, 43.721582], [-79.322433, 43.721578], [-79.32261, 43.721479]]}}, {"type": "Feature", "properties": {"name": "Don River", "class": "River", "covered": true}, "geometry": {"type": "LineString", "coordinates": [[-79.358188, 43.669294], [-79.358047, 43.669261], [-79.357933, 43.669213], [-79.35783, 43.669122], [-79.357692, 43.668943], [-79.357502, 43.668633]]}}, {"type": "Feature", "properties": {"name": "Don River", "class": "River", "covered": true}, "geometry": {"type": "LineString", "coordinates": [[-79.343313, 43.698795], [-79.34344, 43.698694], [-79.343558, 43.698605], [-79.343648, 43.698551], [-79.343749, 43.698491], [-79.343879, 43.698432], [-79.344007, 43.698389], [-79.344157, 43.698335], [-79.34433, 43.698287], [-79.344453, 43.698264], [-79.34458, 43.698262], [-79.344721, 43.698264], [-79.344822, 43.698284], [-79.344898, 43.698298], [-79.345056, 43.698294], [-79.345464, 43.698356], [-79.345816, 43.698476], [-79.346032, 43.698638], [-79.346309, 43.69881], [-79.346607, 43.698945], [-79.346968, 43.699009], [-79.347344, 43.699151], [-79.347628, 43.699341], [-79.347872, 43.69956], [-79.348098, 43.69976], [-79.348369, 43.699931], [-79.348711, 43.699996], [-79.349044, 43.700004], [-79.349382, 43.699981], [-79.34976, 43.699931], [-79.350124, 43.699863], [-79.350411, 43.699652], [-79.350563, 43.699408]]}}, {"type": "Feature", "properties": {"name": "Mimico Creek", "class": "River", "covered": true}, "geometry": {"type": "LineString", "coordinates": [[-79.489258, 43.626124], [-79.489156, 43.626107], [-79.489015, 43.626062], [-79.488869, 43.625999], [-79.48873, 43.625927], [-79.488706, 43.625904]]}}, {"type": "Feature", "properties": {"name": "Mimico Creek", "class": "River", "covered": true}, "geometry": {"type": "LineString", "coordinates": [[-79.488544, 43.625741], [-79.488454, 43.625656], [-79.488368, 43.625571], [-79.488267, 43.625476], [-79.488175, 43.625395], [-79.488071, 43.625314]]}}, {"type": "Feature", "properties": {"name": "Mimico Creek", "class": "River", "covered": true}, "geometry": {"type": "LineString", "coordinates": [[-79.488706, 43.625904], [-79.488544, 43.625741]]}}, {"type": "Feature", "properties": {"name": "Mimico Creek", "class": "River", "covered": true}, "geometry": {"type": "LineString", "coordinates": [[-79.4929, 43.628469], [-79.49288, 43.628406], [-79.49284, 43.628319], [-79.492816, 43.628287], [-79.49278, 43.628267], [-79.492661, 43.62823], [-79.492421, 43.628143], [-79.492222, 43.628051], [-79.492063, 43.627979], [-79.491914, 43.627907], [-79.491758, 43.627831], [-79.491613, 43.627758], [-79.491472, 43.627659], [-79.491352, 43.627574], [-79.491239, 43.627461], [-79.491138, 43.627349], [-79.491047, 43.627227], [-79.490969, 43.62711], [-79.490889, 43.627011], [-79.490795, 43.626908], [-79.490712, 43.626818], [-79.490634, 43.62671], [-79.490562, 43.626615], [-79.490501, 43.626525], [-79.490423, 43.626426], [-79.490328, 43.626354], [-79.490215, 43.626282], [-79.490095, 43.626228], [-79.489965, 43.626206], [-79.489832, 43.626188], [-79.489696, 43.626179], [-79.489559, 43.626165], [-79.489431, 43.626143], [-79.489403, 43.62614], [-79.489403, 43.62614], [-79.489258, 43.626124]]}}, {"type": "Feature", "properties": {"name": "Humber River", "class": "River", "covered": true}, "geometry": {"type": "LineString", "coordinates": [[-79.474703, 43.633647], [-79.4749295, 43.6337585], [-79.475156, 43.63387]]}}, {"type": "Feature", "properties": {"name": "Humber River", "class": "River", "covered": true}, "geometry": {"type": "LineString", "coordinates": [[-79.473547, 43.633135], [-79.473625, 43.633165], [-79.473806, 43.633233]]}}, {"type": "Feature", "properties": {"name": "Humber River", "class": "River", "covered": true}, "geometry": {"type": "LineString", "coordinates": [[-79.473806, 43.633233], [-79.473906, 43.633272]]}}, {"type": "Feature", "properties": {"name": "Don River E Branch", "class": "River", "covered": true}, "geometry": {"type": "LineString", "coordinates": [[-79.319836, 43.712581], [-79.319551, 43.712603], [-79.319442, 43.712558], [-79.319185, 43.712436], [-79.318981, 43.712121], [-79.318818, 43.711801], [-79.318575, 43.711508], [-79.318582, 43.711224], [-79.318833, 43.710991], [-79.319217, 43.71078], [-79.319387, 43.710732], [-79.319632, 43.710664], [-79.320069, 43.710547], [-79.320499, 43.710377], [-79.320853, 43.710305], [-79.320955, 43.710288], [-79.321418, 43.710297], [-79.321829, 43.710266], [-79.322262, 43.710191], [-79.322676, 43.710272], [-79.323092, 43.710205], [-79.323204, 43.710165], [-79.323526, 43.710039], [-79.3237565, 43.709968], [-79.323987, 43.709897], [-79.324404, 43.709735], [-79.32462749999999, 43.709653], [-79.324851, 43.709571], [-79.3249295, 43.709386499999994], [-79.325008, 43.709202], [-79.325099, 43.709008499999996], [-79.32519, 43.708815], [-79.3253675, 43.7086655], [-79.325545, 43.708516], [-79.325903, 43.708324], [-79.326255, 43.708218], [-79.326727, 43.708146], [-79.32716, 43.708099], [-79.327647, 43.70804], [-79.328089, 43.707949], [-79.3283065, 43.707851], [-79.328524, 43.707753], [-79.328885, 43.707509], [-79.329065, 43.707375], [-79.329245, 43.707241], [-79.329402, 43.7071], [-79.329559, 43.706959], [-79.3297105, 43.7068035], [-79.329862, 43.706648], [-79.330016, 43.706505], [-79.33017, 43.706362], [-79.33036, 43.706304], [-79.330546, 43.706289], [-79.330894, 43.706332], [-79.33101, 43.706332], [-79.33142, 43.706259], [-79.331475, 43.706234]]}}, {"type": "Feature", "properties": {"name": "Don River E Branch", "class": "River", "covered": true}, "geometry": {"type": "LineString", "coordinates": [[-79.322773, 43.71639], [-79.322487, 43.716325], [-79.322075, 43.716154], [-79.3218275, 43.7160905], [-79.32158, 43.716027], [-79.32134049999999, 43.715975], [-79.321101, 43.715923], [-79.321019, 43.715912], [-79.320848, 43.715911], [-79.320675, 43.715941], [-79.320537, 43.715955], [-79.320384, 43.715975], [-79.320333, 43.71597], [-79.320293, 43.715947], [-79.320209, 43.71584], [-79.320074, 43.715558], [-79.320073, 43.715557], [-79.320028, 43.71537], [-79.319983, 43.715183], [-79.320012, 43.714854], [-79.320039, 43.714795], [-79.320154, 43.714678], [-79.320249, 43.714607], [-79.320427, 43.714579], [-79.320669, 43.714598], [-79.320883, 43.714578], [-79.320921, 43.714549], [-79.320936, 43.714497], [-79.320911, 43.714325], [-79.320782, 43.71412], [-79.320728, 43.714059], [-79.320528, 43.713983], [-79.320301, 43.713955], [-79.320243, 43.713905], [-79.320195, 43.713799], [-79.320213, 43.713735], [-79.320231, 43.713681], [-79.3203, 43.713626], [-79.320653, 43.713442], [-79.320961, 43.713177], [-79.321245, 43.712889], [-79.321418, 43.712745999999996], [-79.321591, 43.712603], [-79.321609, 43.712535], [-79.321592, 43.71247], [-79.321574, 43.712402], [-79.321516, 43.712326], [-79.321358, 43.712255], [-79.321169, 43.712232], [-79.320678, 43.712281], [-79.320254, 43.712388], [-79.320033, 43.712536], [-79.319948, 43.712568], [-79.319836, 43.712581]]}}, {"type": "Feature", "properties": {"name": "Wilket Creek", "class": "River", "covered": true}, "geometry": {"type": "LineString", "coordinates": [[-79.356531, 43.729885], [-79.356444, 43.72989], [-79.356379, 43.729896], [-79.356329, 43.729894], [-79.356289, 43.729888], [-79.356229, 43.72987], [-79.356174, 43.729854], [-79.356124, 43.729847], [-79.356078, 43.729845], [-79.355993, 43.729853], [-79.355861, 43.729877], [-79.355744, 43.729899], [-79.35566, 43.72988], [-79.3556, 43.729857], [-79.355556, 43.729825], [-79.355518, 43.729785], [-79.355468, 43.729729], [-79.355435, 43.7297], [-79.355399, 43.729685], [-79.35532, 43.729667], [-79.355214, 43.729652], [-79.355092, 43.729658], [-79.354988, 43.729659], [-79.354896, 43.72965], [-79.354791, 43.729639], [-79.3547, 43.729627], [-79.354654, 43.729615], [-79.354624, 43.729601], [-79.354588, 43.729571], [-79.354568, 43.729551], [-79.354552, 43.729523], [-79.354545, 43.729498], [-79.354543, 43.729477], [-79.354546, 43.729441], [-79.35456, 43.729343]]}}, {"type": "Feature", "properties": {"name": "Don River W Branch", "class": "River", "covered": true}, "geometry": {"type": "LineString", "coordinates": [[-79.352759, 43.720959], [-79.352617, 43.720932], [-79.352403, 43.72077], [-79.352299, 43.720585], [-79.352416, 43.720374], [-79.352663, 43.720172], [-79.352941, 43.719987], [-79.352985, 43.71996], [-79.353257, 43.71974], [-79.353324, 43.719479], [-79.353283, 43.7192], [-79.353278, 43.718912], [-79.353222, 43.718593], [-79.353062, 43.718286], [-79.352853, 43.718012], [-79.352711, 43.717777], [-79.352666, 43.717705], [-79.352636, 43.717417], [-79.352696, 43.717287], [-79.352767, 43.717129], [-79.352955, 43.716891], [-79.353073, 43.716617], [-79.352965, 43.716409], [-79.352628, 43.716233]]}}, {"type": "Feature", "properties": {"name": "Massey Creek", "class": "River", "covered": true}, "geometry": {"type": "LineString", "coordinates": [[-79.269461, 43.728444], [-79.269326, 43.728366], [-79.269312, 43.72836], [-79.268992, 43.728232], [-79.268711, 43.728071], [-79.268446, 43.727916], [-79.268406, 43.727867], [-79.268261, 43.727688], [-79.268253, 43.72768]]}}, {"type": "Feature", "properties": {"name": "Little Rouge River", "class": "River", "covered": true}, "geometry": {"type": "LineString", "coordinates": [[-79.163804, 43.817954], [-79.163684, 43.817884], [-79.163442, 43.817905], [-79.163223, 43.817905], [-79.162909, 43.817814], [-79.162757, 43.817798], [-79.162549, 43.817777], [-79.162273, 43.817627], [-79.162285, 43.817416], [-79.162309, 43.817159], [-79.16215, 43.816902], [-79.161972, 43.816677], [-79.161892, 43.816406], [-79.161736, 43.816167], [-79.161507, 43.815973], [-79.161496, 43.815951], [-79.161387, 43.815815], [-79.161147, 43.815617], [-79.160884, 43.815454], [-79.160607, 43.815354], [-79.160326, 43.81529], [-79.160053, 43.815249], [-79.160042, 43.815244], [-79.159877, 43.81519], [-79.159612, 43.815153], [-79.159363, 43.815067], [-79.159294, 43.815017], [-79.159226, 43.814904], [-79.159222, 43.814769], [-79.159363, 43.814594], [-79.15939, 43.81441], [-79.159365, 43.81436], [-79.159343, 43.814311], [-79.159171, 43.814126], [-79.158888, 43.813945], [-79.158642, 43.813822], [-79.158468, 43.8137], [-79.158252, 43.813601], [-79.158018, 43.813546], [-79.157817, 43.813545], [-79.157805, 43.813545], [-79.157697, 43.813536], [-79.157455, 43.813522], [-79.157221, 43.813521], [-79.157004, 43.81357], [-79.156812, 43.813715]]}}, {"type": "Feature", "properties": {"name": "Little Rouge River", "class": "River", "covered": true}, "geometry": {"type": "LineString", "coordinates": [[-79.168034, 43.821425], [-79.168022, 43.821418], [-79.16779, 43.821199], [-79.167588, 43.820982], [-79.167509, 43.820717], [-79.167481, 43.820433], [-79.167331, 43.820207], [-79.16718, 43.81996], [-79.16713, 43.819698], [-79.167098, 43.81946], [-79.167206, 43.819253], [-79.167397, 43.819141], [-79.167434, 43.819128], [-79.167524, 43.819078], [-79.167748, 43.819025], [-79.16803, 43.818967], [-79.168291, 43.818833], [-79.168354, 43.818572], [-79.168177, 43.818356], [-79.16808, 43.818148], [-79.168017, 43.817919], [-79.167781, 43.817787], [-79.167502, 43.817832], [-79.167232, 43.817894], [-79.166893, 43.817888], [-79.166606, 43.817815], [-79.166547, 43.817586], [-79.166267, 43.817445], [-79.16597, 43.817458], [-79.165639, 43.817498], [-79.165344, 43.817569], [-79.165184, 43.817648], [-79.165083, 43.817699], [-79.164867, 43.817782], [-79.164784, 43.817815], [-79.164421, 43.817877], [-79.16407, 43.817858], [-79.163804, 43.817954]]}}, {"type": "Feature", "properties": {"name": "Don River", "class": "River", "covered": true}, "geometry": {"type": "LineString", "coordinates": [[-79.363391, 43.675323], [-79.3632465, 43.6751225], [-79.363102, 43.674922], [-79.363027, 43.674872], [-79.362985, 43.674809], [-79.362949, 43.674733], [-79.362911, 43.674647], [-79.362886, 43.674575], [-79.36288, 43.674494], [-79.36288, 43.674399], [-79.362902, 43.674309], [-79.362929, 43.674219], [-79.362942, 43.67412], [-79.362965, 43.67403], [-79.362989, 43.673954], [-79.363008, 43.673868], [-79.363027, 43.673769], [-79.363043, 43.673688], [-79.363044, 43.673637], [-79.363045, 43.673612], [-79.363055, 43.67354], [-79.363057, 43.673463], [-79.363042, 43.673396], [-79.36301, 43.673324], [-79.362951, 43.673243], [-79.362864, 43.673189], [-79.362857, 43.673183], [-79.36279, 43.67313], [-79.362691, 43.673076], [-79.362576, 43.673026], [-79.362446, 43.672999], [-79.362328, 43.672977], [-79.362239, 43.672967], [-79.362169, 43.672936], [-79.362097, 43.672922], [-79.362048, 43.672913], [-79.361956, 43.672864], [-79.361852, 43.672827], [-79.361759, 43.672782], [-79.361666, 43.672728], [-79.361566, 43.672683], [-79.361465, 43.672615], [-79.361366, 43.672552], [-79.36126, 43.672485], [-79.361169, 43.672431], [-79.361071, 43.672372], [-79.360972, 43.6723], [-79.360877, 43.672241], [-79.36079, 43.672178], [-79.360775, 43.672166], [-79.360702, 43.672106], [-79.360614, 43.672043], [-79.360526, 43.671971], [-79.360457, 43.67189], [-79.360402, 43.671809], [-79.360345, 43.671736], [-79.360279, 43.671651], [-79.360225, 43.671565], [-79.360178, 43.67148], [-79.36013, 43.67139], [-79.36009, 43.6713], [-79.360051, 43.671214], [-79.360006, 43.671115], [-79.359964, 43.67102], [-79.359923, 43.670926], [-79.359877, 43.670827], [-79.359837, 43.670737], [-79.359795, 43.670647], [-79.359753, 43.670552], [-79.359714, 43.670467], [-79.359711, 43.670462], [-79.359658, 43.670376], [-79.359594, 43.670277], [-79.359513, 43.670205], [-79.35942, 43.670124], [-79.359329, 43.670056], [-79.359234, 43.669998], [-79.359125, 43.669939], [-79.359026, 43.669872], [-79.358943, 43.669808], [-79.358849, 43.669741], [-79.358746, 43.669669], [-79.358643, 43.669615], [-79.358542, 43.669565], [-79.358463, 43.669502], [-79.358389, 43.669443], [-79.358313, 43.669385], [-79.35823, 43.669326], [-79.358188, 43.669294]]}}, {"type": "Feature", "properties": {"name": "West Hill Creek", "class": "Creek/Tributary", "covered": false}, "geometry": {"type": "LineString", "coordinates": [[-79.177067, 43.7589], [-79.17683433333333, 43.75878083333333], [-79.17660166666666, 43.75866166666666], [-79.176369, 43.7585425], [-79.17613633333333, 43.75842333333333], [-79.17590366666666, 43.75830416666666], [-79.175671, 43.758185]]}}, {"type": "Feature", "properties": {"name": "Don River", "class": "River", "covered": true}, "geometry": {"type": "LineString", "coordinates": [[-79.362276, 43.688403], [-79.362361, 43.688352], [-79.362366, 43.688348], [-79.36246449999999, 43.688177499999995], [-79.362563, 43.688007], [-79.362545, 43.6878105], [-79.362527, 43.687614], [-79.3624545, 43.6874065], [-79.362382, 43.687199], [-79.3622795, 43.687008], [-79.362177, 43.686817], [-79.36205749999999, 43.6866055], [-79.361938, 43.686394], [-79.361836, 43.686173499999995], [-79.361734, 43.685953], [-79.3616935, 43.685744], [-79.361653, 43.685535], [-79.361681, 43.685319], [-79.361709, 43.685103], [-79.36177950000001, 43.684916], [-79.36185, 43.684729], [-79.36197200000001, 43.6845515], [-79.362094, 43.684374], [-79.362264, 43.684220499999995], [-79.362434, 43.684067], [-79.36260949999999, 43.683927], [-79.362785, 43.683787], [-79.36293, 43.6836305], [-79.363075, 43.683474], [-79.363287, 43.683255]]}}, {"type": "Feature", "properties": {"name": "Don River", "class": "River", "covered": true}, "geometry": {"type": "LineString", "coordinates": [[-79.363287, 43.683255], [-79.36339, 43.683212], [-79.363574, 43.683144]]}}, {"type": "Feature", "properties": {"name": "Don River", "class": "River", "covered": true}, "geometry": {"type": "LineString", "coordinates": [[-79.365628, 43.680307], [-79.3654535, 43.6801765], [-79.365279, 43.680046], [-79.36507449999999, 43.679888], [-79.36487, 43.67973], [-79.3646505, 43.67957], [-79.364431, 43.67941], [-79.364185, 43.679203], [-79.364049, 43.679086], [-79.36389, 43.6789415], [-79.363731, 43.678797], [-79.363665, 43.6786125], [-79.363599, 43.678428], [-79.363597, 43.678246], [-79.363595, 43.678064], [-79.363838, 43.677789], [-79.3639725, 43.677634], [-79.364107, 43.677479], [-79.364443, 43.677232], [-79.364832, 43.677008], [-79.364956, 43.676729], [-79.364686, 43.676458], [-79.364331, 43.676228], [-79.3641805, 43.676084], [-79.36403, 43.67594], [-79.363761, 43.675647], [-79.363469, 43.675399], [-79.363391, 43.675323]]}}, {"type": "Feature", "properties": {"name": "West Highland Creek", "class": "River", "covered": true}, "geometry": {"type": "LineString", "coordinates": [[-79.281838, 43.781385], [-79.281715, 43.781283]]}}, {"type": "Feature", "properties": {"name": "West Highland Creek", "class": "River", "covered": false}, "geometry": {"type": "LineString", "coordinates": [[-79.284324, 43.782866], [-79.284129, 43.782765], [-79.283957, 43.782678], [-79.283831, 43.782613], [-79.283681, 43.782508], [-79.283402, 43.782318], [-79.28329, 43.782224], [-79.283099, 43.782134], [-79.282815, 43.782015], [-79.282631, 43.781937], [-79.282331, 43.781788], [-79.282166, 43.781698], [-79.282078, 43.781638], [-79.28201, 43.781526], [-79.281986, 43.781486], [-79.281838, 43.781385]]}}, {"type": "Feature", "properties": {"name": "West Highland Creek", "class": "River", "covered": true}, "geometry": {"type": "LineString", "coordinates": [[-79.271073, 43.753236], [-79.270918, 43.75324]]}}, {"type": "Feature", "properties": {"name": "Little Rouge River", "class": "River", "covered": true}, "geometry": {"type": "LineString", "coordinates": [[-79.185273, 43.839438], [-79.185119, 43.839296], [-79.184933, 43.839064], [-79.184926, 43.838941], [-79.184973, 43.838799], [-79.185032, 43.838645]]}}, {"type": "Feature", "properties": {"name": "Little Rouge River", "class": "River", "covered": true}, "geometry": {"type": "LineString", "coordinates": [[-79.185521, 43.840046], [-79.185482, 43.839779], [-79.185484, 43.839681], [-79.185454, 43.839591], [-79.185368, 43.839517], [-79.185273, 43.839438]]}}, {"type": "Feature", "properties": {"name": "Adams Creek", "class": "Creek/Tributary", "covered": true}, "geometry": {"type": "LineString", "coordinates": [[-79.126615, 43.784572], [-79.126296, 43.784429]]}}, {"type": "Feature", "properties": {"name": "Adams Creek", "class": "Creek/Tributary", "covered": true}, "geometry": {"type": "LineString", "coordinates": [[-79.126296, 43.784429], [-79.12607, 43.784355], [-79.125969, 43.784299], [-79.125861, 43.78424], [-79.125748, 43.784222], [-79.125625, 43.784266], [-79.125571, 43.784257], [-79.125503, 43.784123]]}}, {"type": "Feature", "properties": {"name": "Mimico Creek", "class": "River", "covered": true}, "geometry": {"type": "LineString", "coordinates": [[-79.526794, 43.650933], [-79.526552, 43.650893], [-79.526201, 43.650798], [-79.526117, 43.650771]]}}, {"type": "Feature", "properties": {"name": "Mimico Creek", "class": "River", "covered": true}, "geometry": {"type": "LineString", "coordinates": [[-79.526117, 43.650771], [-79.525859, 43.650682], [-79.525561, 43.650533], [-79.525344, 43.65038]]}}, {"type": "Feature", "properties": {"name": "East Highland Creek", "class": "River", "covered": true}, "geometry": {"type": "LineString", "coordinates": [[-79.248298, 43.813817], [-79.24802, 43.813846], [-79.247623, 43.813865], [-79.247187, 43.81383], [-79.246842, 43.813748], [-79.246785, 43.813736], [-79.246434, 43.813658], [-79.24615349999999, 43.81358899999999], [-79.245873, 43.81352]]}}, {"type": "Feature", "properties": {"name": "Humber River", "class": "River", "covered": true}, "geometry": {"type": "LineString", "coordinates": [[-79.535448, 43.706852], [-79.535468, 43.707152], [-79.535512, 43.7073525], [-79.535556, 43.707553], [-79.535659, 43.707894], [-79.535837, 43.708116], [-79.535905, 43.708202], [-79.536294, 43.708337], [-79.536759, 43.708332], [-79.53718, 43.708264], [-79.537413, 43.708261], [-79.537646, 43.708317], [-79.537887, 43.708402500000005], [-79.538128, 43.708488], [-79.53832750000001, 43.7086115], [-79.538527, 43.708735], [-79.5387145, 43.7088675], [-79.538902, 43.709], [-79.539129, 43.709314], [-79.53922750000001, 43.7094865], [-79.539326, 43.709659], [-79.53946, 43.710001], [-79.539572, 43.710343], [-79.539585, 43.7105275], [-79.539598, 43.710712], [-79.5394965, 43.710892], [-79.539395, 43.711072], [-79.539261, 43.711225], [-79.539127, 43.711378], [-79.538819, 43.711573]]}}, {"type": "Feature", "properties": {"name": "Massey Creek", "class": "River", "covered": true}, "geometry": {"type": "LineString", "coordinates": [[-79.305499, 43.759953], [-79.305273, 43.759832], [-79.30502, 43.759704], [-79.304767, 43.759576], [-79.304514, 43.759448000000006], [-79.304261, 43.75932]]}}, {"type": "Feature", "properties": {"name": "Massey Creek", "class": "River", "covered": true}, "geometry": {"type": "LineString", "coordinates": [[-79.306683, 43.761861], [-79.3065962, 43.7616658], [-79.3065094, 43.7614706], [-79.3064226, 43.7612754], [-79.3063358, 43.7610802], [-79.306249, 43.760885], [-79.306112, 43.760673], [-79.30601266666666, 43.76046433333333], [-79.30591333333334, 43.760255666666666], [-79.305814, 43.760047]]}}, {"type": "Feature", "properties": {"name": "Massey Creek", "class": "River", "covered": true}, "geometry": {"type": "LineString", "coordinates": [[-79.305814, 43.760047], [-79.305499, 43.759953]]}}, {"type": "Feature", "properties": {"name": "Massey Creek", "class": "River", "covered": true}, "geometry": {"type": "LineString", "coordinates": [[-79.302443, 43.757791], [-79.3021905, 43.757669], [-79.301938, 43.757547], [-79.3017482, 43.757421400000005], [-79.3015584, 43.7572958], [-79.3013686, 43.757170200000004], [-79.3011788, 43.7570446], [-79.300989, 43.756919], [-79.300793, 43.756786500000004], [-79.30059700000001, 43.756654], [-79.30040100000001, 43.7565215], [-79.300205, 43.756389], [-79.29996, 43.756212], [-79.299682, 43.756204], [-79.299404, 43.756196], [-79.299126, 43.756188]]}}, {"type": "Feature", "properties": {"name": "Massey Creek", "class": "River", "covered": true}, "geometry": {"type": "LineString", "coordinates": [[-79.304261, 43.75932], [-79.30407199999999, 43.75917266666667], [-79.303883, 43.759025333333334], [-79.303694, 43.758878], [-79.303519, 43.75872433333333], [-79.303344, 43.75857066666667], [-79.303169, 43.758417], [-79.3029875, 43.7582605], [-79.302806, 43.758104], [-79.3026245, 43.7579475], [-79.302443, 43.757791]]}}, {"type": "Feature", "properties": {"name": "West Highland Creek", "class": "River", "covered": true}, "geometry": {"type": "LineString", "coordinates": [[-79.285217, 43.75967], [-79.28500100000001, 43.75957725], [-79.284785, 43.7594845], [-79.284569, 43.75939175], [-79.28435300000001, 43.759299], [-79.284137, 43.75920625], [-79.283921, 43.7591135], [-79.283705, 43.75902075], [-79.283489, 43.758928], [-79.28327300000001, 43.758835250000004], [-79.283057, 43.758742500000004], [-79.282841, 43.758649750000004], [-79.282625, 43.758557], [-79.282409, 43.75846425], [-79.282193, 43.7583715], [-79.281977, 43.75827875], [-79.281761, 43.758186], [-79.281632, 43.758133]]}}, {"type": "Feature", "properties": {"name": "West Highland Creek", "class": "River", "covered": true}, "geometry": {"type": "LineString", "coordinates": [[-79.281632, 43.758133], [-79.28141135294118, 43.75803641176471], [-79.28119070588235, 43.75793982352941], [-79.28097005882353, 43.75784323529412], [-79.2807494117647, 43.75774664705882], [-79.28052876470588, 43.75765005882353], [-79.28030811764705, 43.757553470588235], [-79.28008747058823, 43.75745688235294], [-79.2798668235294, 43.757360294117646], [-79.27964617647059, 43.75726370588235], [-79.27942552941177, 43.75716711764706], [-79.27920488235294, 43.75707052941176], [-79.27898423529412, 43.75697394117647], [-79.2787635882353, 43.756877352941174], [-79.27854294117647, 43.75678076470588], [-79.27832229411764, 43.756684176470586], [-79.27810164705882, 43.75658758823529], [-79.277881, 43.756491], [-79.277505, 43.756332]]}}, {"type": "Feature", "properties": {"name": "Massey Creek", "class": "River", "covered": true}, "geometry": {"type": "LineString", "coordinates": [[-79.273735, 43.714355], [-79.273867, 43.714424], [-79.273896, 43.714435], [-79.274138, 43.714521], [-79.274278, 43.714578], [-79.274387, 43.71459], [-79.274476, 43.714598], [-79.27463, 43.714594], [-79.274844, 43.714573], [-79.275071, 43.714565], [-79.275247, 43.714535], [-79.275398, 43.714523], [-79.275588, 43.714585], [-79.275774, 43.714634], [-79.275921, 43.714591], [-79.276144, 43.714475], [-79.276363, 43.714349], [-79.276542, 43.714238], [-79.276684, 43.714145], [-79.276765, 43.714073], [-79.276822, 43.714038], [-79.276948, 43.713937], [-79.277056, 43.713842], [-79.277104, 43.713819], [-79.277324, 43.713769], [-79.277581, 43.713687], [-79.277755, 43.713535], [-79.277877, 43.713371], [-79.277945, 43.713224], [-79.278048, 43.713106], [-79.278148, 43.713026], [-79.278265, 43.712991]]}}, {"type": "Feature", "properties": {"name": "East Highland Creek", "class": "River", "covered": true}, "geometry": {"type": "LineString", "coordinates": [[-79.263163, 43.800022], [-79.263003, 43.799975], [-79.262862, 43.799939], [-79.26246, 43.79985], [-79.26216, 43.799759], [-79.261939, 43.79957], [-79.261676, 43.799356], [-79.261427, 43.799156], [-79.261374, 43.799097], [-79.261257, 43.79898]]}}, {"type": "Feature", "properties": {"name": "East Highland Creek", "class": "River", "covered": true}, "geometry": {"type": "LineString", "coordinates": [[-79.261257, 43.79898], [-79.261216, 43.798937], [-79.261096, 43.79883], [-79.26093, 43.79867], [-79.260711, 43.798456], [-79.260498, 43.79826], [-79.260264, 43.798051], [-79.26003, 43.797845], [-79.259805, 43.797628], [-79.259585, 43.797404], [-79.259381, 43.797166], [-79.259333, 43.796924], [-79.259384, 43.796672], [-79.259483, 43.796419], [-79.259606, 43.796165], [-79.259754, 43.795887], [-79.259904, 43.795632], [-79.259999, 43.795451], [-79.260011, 43.795414], [-79.260067, 43.795324], [-79.260163, 43.79516], [-79.260175, 43.795129], [-79.260297, 43.794957], [-79.260312, 43.794927], [-79.260378, 43.794718], [-79.260406, 43.794662], [-79.260389, 43.794452], [-79.260314, 43.794264], [-79.260284, 43.794193], [-79.260204, 43.794005], [-79.260198, 43.793987]]}}, {"type": "Feature", "properties": {"name": "East Highland Creek", "class": "River", "covered": true}, "geometry": {"type": "LineString", "coordinates": [[-79.261305, 43.813836], [-79.26109, 43.813702], [-79.260999, 43.813467], [-79.260828, 43.813201], [-79.260607, 43.813051], [-79.260316, 43.812918], [-79.259958, 43.81279], [-79.259643, 43.812644], [-79.259332, 43.812539], [-79.2590225, 43.812405], [-79.258713, 43.812271]]}}, {"type": "Feature", "properties": {"name": "East Highland Creek", "class": "River", "covered": true}, "geometry": {"type": "LineString", "coordinates": [[-79.258713, 43.812271], [-79.258441, 43.8121725], [-79.258169, 43.812074], [-79.257864, 43.812014], [-79.257529, 43.811937], [-79.257183, 43.811967], [-79.256758, 43.812048], [-79.256329, 43.812144], [-79.255856, 43.812243], [-79.255386, 43.812348], [-79.254941, 43.812433], [-79.254505, 43.812533], [-79.254039, 43.812623], [-79.253706, 43.812679]]}}, {"type": "Feature", "properties": {"name": "Highland Creek", "class": "River", "covered": true}, "geometry": {"type": "LineString", "coordinates": [[-79.157549, 43.774888], [-79.15738555555556, 43.77474566666666], [-79.15722211111111, 43.77460333333333], [-79.15705866666667, 43.774460999999995], [-79.15689522222222, 43.774318666666666], [-79.15673177777778, 43.77417633333333], [-79.15656833333333, 43.774034], [-79.15640488888889, 43.773891666666664], [-79.15624144444443, 43.773749333333335], [-79.156078, 43.773607], [-79.155863, 43.7734475], [-79.155648, 43.773288], [-79.155433, 43.7731285], [-79.155218, 43.772969], [-79.154895, 43.77273], [-79.154649, 43.772507], [-79.154334, 43.772314], [-79.153945, 43.772153], [-79.153571, 43.771998], [-79.153214, 43.77185], [-79.152814, 43.771655], [-79.152508, 43.771467], [-79.15233, 43.771336], [-79.151839, 43.771321], [-79.151462, 43.771309], [-79.151185, 43.771249], [-79.151121, 43.771007], [-79.150972, 43.770735], [-79.15091, 43.770504], [-79.150861, 43.770318], [-79.150751, 43.770206], [-79.150532, 43.770159], [-79.150268, 43.77015], [-79.149954, 43.770288], [-79.149649, 43.770499], [-79.149385, 43.770751], [-79.149213, 43.770915], [-79.14909, 43.771], [-79.148971, 43.771053], [-79.148785, 43.771012], [-79.148532, 43.770958], [-79.148388, 43.770812], [-79.148141, 43.770561], [-79.147874, 43.770503], [-79.147579, 43.770412], [-79.147443, 43.770215]]}}, {"type": "Feature", "properties": {"name": "Ellesmere Ravine", "class": "Creek/Tributary", "covered": true}, "geometry": {"type": "LineString", "coordinates": [[-79.205051, 43.789531], [-79.204924, 43.789264], [-79.204792, 43.789104], [-79.204622, 43.788952], [-79.204438, 43.788821]]}}, {"type": "Feature", "properties": {"name": "Massey Creek", "class": "River", "covered": true}, "geometry": {"type": "LineString", "coordinates": [[-79.271987, 43.729842], [-79.271988, 43.729839], [-79.271856, 43.729633], [-79.271565, 43.729467], [-79.271252, 43.729287], [-79.270921, 43.729125], [-79.270614, 43.729018], [-79.270266, 43.728863], [-79.269989, 43.728716], [-79.269791, 43.728635]]}}, {"type": "Feature", "properties": {"name": "East Highland Creek", "class": "River", "covered": true}, "geometry": {"type": "LineString", "coordinates": [[-79.244332, 43.812713], [-79.244113, 43.812584], [-79.243894, 43.812455], [-79.243594, 43.812235], [-79.243402, 43.812109500000005], [-79.24321, 43.811984], [-79.2429885, 43.8118705], [-79.242767, 43.811757]]}}, {"type": "Feature", "properties": {"name": "East Highland Creek", "class": "River", "covered": true}, "geometry": {"type": "LineString", "coordinates": [[-79.242767, 43.811757], [-79.24253999999999, 43.8116455], [-79.242313, 43.811534], [-79.242011, 43.811429], [-79.241626, 43.811255], [-79.241222, 43.811047], [-79.2409, 43.810852], [-79.240765, 43.810565], [-79.24068299999999, 43.810378], [-79.240601, 43.810191], [-79.240511, 43.80998], [-79.240421, 43.809769], [-79.2403245, 43.8095385], [-79.240228, 43.809308], [-79.240121, 43.809061], [-79.240014, 43.808814], [-79.239914, 43.8085715], [-79.239814, 43.808329], [-79.2397235, 43.8081035], [-79.239633, 43.807878], [-79.23952299999999, 43.807639], [-79.239413, 43.8074], [-79.239305, 43.807167], [-79.239197, 43.806934], [-79.2391075, 43.8067185], [-79.239018, 43.806503], [-79.238933, 43.806296], [-79.238848, 43.806089], [-79.238768, 43.805901], [-79.238688, 43.805713], [-79.238641, 43.805368], [-79.238611, 43.805205], [-79.238588, 43.804982], [-79.238535, 43.804789], [-79.238426, 43.804613], [-79.23834, 43.804436], [-79.238221, 43.804291], [-79.238158, 43.804236], [-79.237989, 43.803983]]}}, {"type": "Feature", "properties": {"name": "Massey Creek", "class": "River", "covered": true}, "geometry": {"type": "LineString", "coordinates": [[-79.290756, 43.745859], [-79.29046149999999, 43.7457195], [-79.290167, 43.74558], [-79.289787, 43.745365], [-79.289755, 43.745335], [-79.289613, 43.745261], [-79.289576, 43.745225], [-79.289507, 43.745188], [-79.28945, 43.745151], [-79.289414, 43.745114], [-79.289335, 43.745031], [-79.289282, 43.744961], [-79.289242, 43.744885], [-79.289208, 43.74481], [-79.289162, 43.744732], [-79.289149, 43.744704], [-79.28907333333333, 43.74451588888889], [-79.28899766666666, 43.74432777777778], [-79.288922, 43.74413966666667], [-79.28884633333332, 43.743951555555554], [-79.28877066666666, 43.74376344444445], [-79.28869499999999, 43.74357533333333], [-79.28861933333333, 43.743387222222225], [-79.28854366666665, 43.74319911111111], [-79.288468, 43.743011], [-79.2883943076923, 43.74282884615385], [-79.2883206153846, 43.742646692307694], [-79.28824692307691, 43.74246453846154], [-79.28817323076923, 43.742282384615386], [-79.28809953846154, 43.74210023076923], [-79.28802584615384, 43.74191807692308], [-79.28795215384615, 43.741735923076924], [-79.28787846153845, 43.74155376923077], [-79.28780476923076, 43.741371615384615], [-79.28773107692308, 43.74118946153846], [-79.28765738461539, 43.74100730769231], [-79.28758369230769, 43.74082515384615], [-79.28751, 43.740643], [-79.28746, 43.740559], [-79.287384, 43.740382], [-79.287298, 43.740214], [-79.287199, 43.740033], [-79.287088, 43.739824], [-79.28697, 43.739647], [-79.286965, 43.739642]]}}, {"type": "Feature", "properties": {"name": "West Highland Creek", "class": "River", "covered": true}, "geometry": {"type": "LineString", "coordinates": [[-79.248488, 43.758566], [-79.248369, 43.758455], [-79.248082, 43.758276], [-79.24776, 43.758128], [-79.247411, 43.758009], [-79.247041, 43.757885], [-79.246686, 43.757769], [-79.24635, 43.757663], [-79.246042, 43.757592], [-79.245862, 43.757545]]}}, {"type": "Feature", "properties": {"name": "West Highland Creek", "class": "River", "covered": true}, "geometry": {"type": "LineString", "coordinates": [[-79.245862, 43.757545], [-79.245728, 43.75751], [-79.245587, 43.757479], [-79.245328, 43.757416], [-79.245076, 43.757256], [-79.244784, 43.757116], [-79.244506, 43.756979], [-79.24424, 43.756833], [-79.244019, 43.75665], [-79.243735, 43.756489], [-79.243459, 43.756377], [-79.243305, 43.756251], [-79.243277, 43.75614], [-79.243231, 43.756003]]}}, {"type": "Feature", "properties": {"name": "West Highland Creek", "class": "River", "covered": true}, "geometry": {"type": "LineString", "coordinates": [[-79.26292, 43.746406], [-79.26282359999999, 43.746207], [-79.2627272, 43.746007999999996], [-79.2626308, 43.745809], [-79.2625344, 43.74561], [-79.262438, 43.745411], [-79.262288, 43.745312], [-79.262164, 43.745226], [-79.262115, 43.745205], [-79.26198, 43.745152], [-79.261897, 43.745137], [-79.261773, 43.745126], [-79.261536, 43.745129], [-79.261266, 43.745137666666665], [-79.260996, 43.74514633333333], [-79.260726, 43.745155], [-79.260624, 43.745134], [-79.260547, 43.74511], [-79.260469, 43.745055], [-79.2603325, 43.744845], [-79.260196, 43.744635], [-79.26006799999999, 43.744444], [-79.25994, 43.744253], [-79.259886, 43.744157], [-79.259843, 43.744108], [-79.259765, 43.744053], [-79.259696, 43.744026], [-79.25936, 43.743963], [-79.25917266666667, 43.743822], [-79.25898533333333, 43.743681], [-79.258798, 43.74354], [-79.258567, 43.743356], [-79.25832, 43.743134], [-79.258133, 43.742994], [-79.257934, 43.74287], [-79.257806, 43.742819], [-79.257698, 43.742798], [-79.257549, 43.742801], [-79.257375, 43.742831], [-79.2571246, 43.742880400000004], [-79.2568742, 43.7429298], [-79.2566238, 43.7429792], [-79.2563734, 43.743028599999995], [-79.256123, 43.743078], [-79.255959, 43.743094], [-79.255773, 43.743074], [-79.255601, 43.743017], [-79.255457, 43.742863], [-79.25533, 43.74276], [-79.255089, 43.742627], [-79.254888, 43.742501], [-79.254671, 43.742391], [-79.254544, 43.742356], [-79.254361, 43.742318], [-79.254156, 43.742335], [-79.254027, 43.742415], [-79.253881, 43.742534], [-79.253714, 43.742607], [-79.253513, 43.742663], [-79.253357, 43.742691], [-79.25319, 43.742723], [-79.252965, 43.742735], [-79.252757, 43.742727], [-79.252566, 43.742679], [-79.252383, 43.742684], [-79.252132, 43.742778], [-79.251911, 43.742836], [-79.25169, 43.742865], [-79.251496, 43.7429], [-79.251392, 43.742923], [-79.250998, 43.742995]]}}, {"type": "Feature", "properties": {"name": "Massey Creek", "class": "River", "covered": true}, "geometry": {"type": "LineString", "coordinates": [[-79.282304, 43.700867], [-79.282268, 43.700749], [-79.282177, 43.700481], [-79.282082, 43.70025], [-79.282047, 43.700152], [-79.281962, 43.699972], [-79.281944, 43.699902], [-79.281869, 43.699666], [-79.281864, 43.699627], [-79.281898, 43.699513], [-79.28201, 43.699465], [-79.282251, 43.699372], [-79.282351, 43.699342], [-79.282669, 43.699233], [-79.282878, 43.699161], [-79.283145, 43.699128], [-79.283478, 43.699082], [-79.283703, 43.699049], [-79.283952, 43.698969], [-79.284139, 43.698901], [-79.284374, 43.698839], [-79.284528, 43.698833], [-79.28481, 43.6988], [-79.285076, 43.698723], [-79.285279, 43.698579], [-79.285446, 43.698517], [-79.285658, 43.698447], [-79.285995, 43.698393]]}}, {"type": "Feature", "properties": {"name": "Massey Creek", "class": "River", "covered": true}, "geometry": {"type": "LineString", "coordinates": [[-79.281318, 43.712776], [-79.281455, 43.712734], [-79.281758, 43.712693], [-79.281972, 43.712651], [-79.282221, 43.712586], [-79.282492, 43.712512], [-79.282698, 43.712395], [-79.282776, 43.712238], [-79.282639, 43.712106], [-79.282526, 43.712022], [-79.282517, 43.711946], [-79.28246, 43.711732]]}}, {"type": "Feature", "properties": {"name": "West Highland Creek", "class": "River", "covered": true}, "geometry": {"type": "LineString", "coordinates": [[-79.270918, 43.75324], [-79.270516, 43.753143], [-79.270374, 43.753089], [-79.270265, 43.753073], [-79.270096, 43.753054], [-79.269978, 43.753058], [-79.269829, 43.753077], [-79.269705, 43.753098], [-79.269579, 43.753106], [-79.269426, 43.753111], [-79.269094, 43.75316], [-79.268976, 43.753178], [-79.268846, 43.753195], [-79.268749, 43.753209], [-79.268613, 43.753214], [-79.268453, 43.753231], [-79.268329, 43.753255], [-79.268216, 43.75326], [-79.267876, 43.753282], [-79.267758, 43.753286], [-79.267628, 43.753235], [-79.267577, 43.753118], [-79.267522, 43.752923], [-79.267463, 43.752766], [-79.267417, 43.752645], [-79.267379, 43.752553], [-79.267342, 43.752462], [-79.267242, 43.752263], [-79.267188, 43.752166], [-79.267082, 43.751948], [-79.266945, 43.751735], [-79.266907, 43.751648], [-79.266852, 43.751536], [-79.266673, 43.751204]]}}, {"type": "Feature", "properties": {"name": "West Highland Creek", "class": "River", "covered": true}, "geometry": {"type": "LineString", "coordinates": [[-79.266673, 43.751204], [-79.2665975, 43.751027], [-79.266522, 43.75085], [-79.2664465, 43.750673], [-79.26637099999999, 43.750496], [-79.2662955, 43.750319000000005], [-79.26622, 43.750142000000004], [-79.2661445, 43.749965], [-79.266069, 43.749788], [-79.2660125, 43.74958], [-79.265956, 43.749372]]}}, {"type": "Feature", "properties": {"name": "West Highland Creek", "class": "River", "covered": true}, "geometry": {"type": "LineString", "coordinates": [[-79.249324, 43.743811], [-79.249272, 43.743888], [-79.24925, 43.74392], [-79.249121, 43.744032], [-79.249034, 43.744113]]}}, {"type": "Feature", "properties": {"name": "West Highland Creek", "class": "River", "covered": true}, "geometry": {"type": "LineString", "coordinates": [[-79.245448, 43.741474], [-79.245791, 43.741488], [-79.245982, 43.741582], [-79.246079, 43.741778], [-79.246149, 43.741973], [-79.246232, 43.742181], [-79.246342, 43.74236], [-79.246413, 43.742485], [-79.246514, 43.742589], [-79.246697, 43.742682], [-79.246946, 43.742747], [-79.247175, 43.742805], [-79.247412, 43.742875], [-79.247642, 43.742954], [-79.247868, 43.74302], [-79.248074, 43.743082], [-79.248281, 43.743115], [-79.248458, 43.74317], [-79.248613, 43.743225], [-79.248756, 43.743277], [-79.248881, 43.743338], [-79.248985, 43.743409], [-79.249104, 43.743475], [-79.2492, 43.743571], [-79.249266, 43.743676], [-79.249324, 43.743811]]}}, {"type": "Feature", "properties": {"name": "West Highland Creek", "class": "River", "covered": true}, "geometry": {"type": "LineString", "coordinates": [[-79.242263, 43.740759], [-79.242435, 43.740826], [-79.242585, 43.740861], [-79.242812, 43.74091], [-79.243053, 43.74098], [-79.243264, 43.74106], [-79.243491, 43.741115], [-79.243721, 43.741161], [-79.243918, 43.741205], [-79.244275, 43.741408], [-79.2443, 43.741416], [-79.244479, 43.741446], [-79.244638, 43.741458], [-79.244795, 43.7415], [-79.244947, 43.741512], [-79.24515, 43.741526], [-79.245448, 43.741474]]}}, {"type": "Feature", "properties": {"name": "West Highland Creek", "class": "River", "covered": true}, "geometry": {"type": "LineString", "coordinates": [[-79.241398, 43.745263], [-79.241362, 43.745288], [-79.241346, 43.7453], [-79.241166, 43.745449], [-79.24098, 43.745573], [-79.240718, 43.745695], [-79.240462, 43.745786], [-79.240405, 43.745814], [-79.240225, 43.745948], [-79.240151, 43.746109], [-79.240118, 43.746385], [-79.24009, 43.746627], [-79.240107, 43.746956], [-79.240072, 43.747207], [-79.239942, 43.747465], [-79.239955, 43.747515]]}}, {"type": "Feature", "properties": {"name": "Rouge River", "class": "River", "covered": false}, "geometry": {"type": "LineString", "coordinates": [[-79.195309, 43.799854], [-79.19518, 43.799817], [-79.19493133333333, 43.7998645], [-79.19468266666667, 43.799912], [-79.194434, 43.7999595], [-79.19418533333332, 43.800007], [-79.19393666666666, 43.8000545], [-79.193688, 43.800102]]}}, {"type": "Feature", "properties": {"name": "Rouge River", "class": "River", "covered": true}, "geometry": {"type": "LineString", "coordinates": [[-79.192542, 43.803609], [-79.192442, 43.803823], [-79.192403, 43.803881], [-79.192294, 43.80394], [-79.192155, 43.803984], [-79.192011, 43.80402], [-79.191881, 43.804055], [-79.191805, 43.804091], [-79.191774, 43.804177], [-79.191761, 43.804303], [-79.191715, 43.804415], [-79.191611, 43.804505], [-79.191491, 43.804595], [-79.191344, 43.804662], [-79.191205, 43.804738], [-79.191044, 43.804814], [-79.190899, 43.804894], [-79.190791, 43.804989], [-79.19072, 43.805119], [-79.190689, 43.805263], [-79.190674, 43.805314], [-79.19065, 43.805393], [-79.190614, 43.80551], [-79.190621, 43.805672], [-79.190682, 43.805857], [-79.190765, 43.806055], [-79.19084, 43.806249], [-79.190932, 43.806456], [-79.19103, 43.806673], [-79.191118, 43.80688], [-79.191213, 43.807083], [-79.191308, 43.807267], [-79.1914, 43.807461], [-79.191495, 43.807628], [-79.191575, 43.807795], [-79.19165, 43.807957], [-79.191728, 43.808124], [-79.191855, 43.808241], [-79.191925, 43.808336], [-79.191902, 43.808475], [-79.191866, 43.808601], [-79.19186, 43.808732], [-79.19185, 43.80888], [-79.191828, 43.80902], [-79.191777, 43.809115], [-79.191748, 43.809168], [-79.191741, 43.809175]]}}, {"type": "Feature", "properties": {"name": "Rouge River", "class": "River", "covered": true}, "geometry": {"type": "LineString", "coordinates": [[-79.172935, 43.813792], [-79.172617, 43.813868], [-79.172363, 43.813907], [-79.171891, 43.813861], [-79.17146, 43.813801], [-79.171141, 43.813733], [-79.170862, 43.81362], [-79.170667, 43.81343], [-79.170555, 43.81329], [-79.170385, 43.81315], [-79.170312, 43.813114]]}}, {"type": "Feature", "properties": {"name": "Rouge River", "class": "River", "covered": true}, "geometry": {"type": "LineString", "coordinates": [[-79.178642, 43.814642], [-79.178609, 43.814553], [-79.178593, 43.814471], [-79.178451, 43.814135], [-79.178326, 43.8139605], [-79.178201, 43.813786], [-79.177936, 43.813533], [-79.17787, 43.81327], [-79.177851, 43.813015], [-79.177809, 43.812698], [-79.177759, 43.812582], [-79.177675, 43.81239], [-79.17767, 43.812386], [-79.177361, 43.812133], [-79.17712, 43.8120685], [-79.176879, 43.812004], [-79.176414, 43.811986], [-79.175947, 43.812053], [-79.175564, 43.812151], [-79.175529, 43.812159], [-79.175124, 43.812334], [-79.174796, 43.812592], [-79.174609, 43.812805]]}}, {"type": "Feature", "properties": {"name": "Mimico Creek", "class": "River", "covered": true}, "geometry": {"type": "LineString", "coordinates": [[-79.512524, 43.641153], [-79.512365, 43.641084], [-79.512042, 43.640931], [-79.511776, 43.640738], [-79.511574, 43.640567], [-79.511314, 43.640463], [-79.511039, 43.640459], [-79.510755, 43.640518], [-79.510436, 43.640621], [-79.510148, 43.640725], [-79.50986, 43.640815], [-79.509591, 43.640936], [-79.509374, 43.641107], [-79.509181, 43.641229], [-79.508918, 43.641301], [-79.508908, 43.641315]]}}, {"type": "Feature", "properties": {"name": "Mimico Creek", "class": "River", "covered": true}, "geometry": {"type": "LineString", "coordinates": [[-79.508908, 43.641315], [-79.508591, 43.641305], [-79.508267, 43.641292], [-79.507979, 43.641197], [-79.507791, 43.641008], [-79.507708, 43.640779], [-79.507683, 43.640545], [-79.507713, 43.640311], [-79.507784, 43.640104], [-79.507861, 43.63991], [-79.507961, 43.639717], [-79.508055, 43.639537], [-79.508144, 43.639339], [-79.508066, 43.639118], [-79.507953, 43.638934], [-79.507929, 43.638718], [-79.507877, 43.638511], [-79.507778, 43.63833], [-79.507688, 43.638279], [-79.507546, 43.638195]]}}, {"type": "Feature", "properties": {"name": "Massey Creek", "class": "River", "covered": true}, "geometry": {"type": "LineString", "coordinates": [[-79.265799, 43.723813], [-79.2656165, 43.72368], [-79.265434, 43.723547], [-79.265235, 43.723364], [-79.265102, 43.723121], [-79.264969, 43.722878], [-79.264777, 43.722641], [-79.26461, 43.722358], [-79.264474, 43.722087], [-79.264335, 43.721809], [-79.264279, 43.721532], [-79.264402, 43.721287], [-79.26454, 43.721109], [-79.264694, 43.720935], [-79.264732, 43.720683], [-79.264713, 43.720433], [-79.264609, 43.72018], [-79.264423, 43.719973], [-79.264377, 43.719742], [-79.264274, 43.719492], [-79.264147, 43.719211], [-79.264038, 43.718933], [-79.263952, 43.718631], [-79.263863, 43.718349], [-79.263763, 43.718233], [-79.263446, 43.717981], [-79.263387, 43.717789], [-79.263472, 43.717573], [-79.263669, 43.717335], [-79.263903, 43.717102], [-79.264054, 43.716885], [-79.264257, 43.716711], [-79.264522, 43.716531], [-79.264837, 43.71639], [-79.265084, 43.716231], [-79.265434, 43.716195], [-79.265737, 43.71622], [-79.265974, 43.716193], [-79.266129, 43.716162], [-79.266437, 43.716067], [-79.266716, 43.715874], [-79.266862, 43.71564], [-79.266999, 43.715401], [-79.267323, 43.715254], [-79.26756, 43.7151955], [-79.267797, 43.715137], [-79.268218, 43.715026], [-79.26846950000001, 43.714968], [-79.268721, 43.71491], [-79.2689615, 43.714852], [-79.269202, 43.714794], [-79.2694855, 43.7147345], [-79.269769, 43.714675], [-79.27001949999999, 43.7146135], [-79.27027, 43.714552], [-79.27071, 43.714433], [-79.2709735, 43.714396], [-79.271237, 43.714359]]}}, {"type": "Feature", "properties": {"name": "Massey Creek", "class": "River", "covered": true}, "geometry": {"type": "LineString", "coordinates": [[-79.267923, 43.725806], [-79.267999, 43.725679], [-79.268036, 43.725596], [-79.268013, 43.725317], [-79.267831, 43.72508], [-79.267673, 43.724807], [-79.267458, 43.724581], [-79.267412, 43.724532], [-79.267053, 43.724361], [-79.26662, 43.724218], [-79.266482, 43.724157], [-79.266243, 43.72405], [-79.265938, 43.723918], [-79.265799, 43.723813]]}}, {"type": "Feature", "properties": {"name": "East Highland Creek", "class": "River", "covered": true}, "geometry": {"type": "LineString", "coordinates": [[-79.232499, 43.799037], [-79.232415, 43.798971], [-79.232371, 43.798936], [-79.232085, 43.798741], [-79.231813, 43.798553], [-79.23176, 43.798514], [-79.231551, 43.798364], [-79.2314, 43.798225], [-79.231294, 43.798158]]}}, {"type": "Feature", "properties": {"name": "Black Creek", "class": "River", "covered": true}, "geometry": {"type": "LineString", "coordinates": [[-79.503666, 43.710777], [-79.5035475, 43.710556499999996], [-79.503429, 43.710336], [-79.503303, 43.710118], [-79.503222, 43.709866], [-79.503246, 43.709606]]}}, {"type": "Feature", "properties": {"name": "Black Creek", "class": "River", "covered": true}, "geometry": {"type": "LineString", "coordinates": [[-79.503246, 43.709606], [-79.503237, 43.709588], [-79.503235, 43.709351], [-79.503239, 43.709102], [-79.503269, 43.708855], [-79.503287, 43.708597], [-79.503291, 43.70833], [-79.503296, 43.70811], [-79.503289, 43.707881], [-79.503244, 43.707729]]}}, {"type": "Feature", "properties": {"name": "Don River W Branch", "class": "River", "covered": true}, "geometry": {"type": "LineString", "coordinates": [[-79.439955, 43.761556], [-79.439666, 43.761598], [-79.439339, 43.761548], [-79.43902, 43.761454], [-79.438737, 43.761323], [-79.438562, 43.761143], [-79.43847, 43.760913], [-79.438331, 43.760711], [-79.438102, 43.760688], [-79.43784, 43.760638], [-79.437656, 43.760445], [-79.437614, 43.760197], [-79.437733, 43.759986], [-79.437974, 43.759828], [-79.438106, 43.75963], [-79.43814, 43.759396], [-79.437967, 43.759189], [-79.437707, 43.759032], [-79.437399, 43.758986], [-79.437129, 43.759045], [-79.436863, 43.759117], [-79.43655, 43.759121], [-79.436233, 43.759094], [-79.435906, 43.759044], [-79.435563, 43.758976], [-79.435258, 43.758864], [-79.435077, 43.758697], [-79.434994, 43.758589], [-79.434841, 43.758467], [-79.434693, 43.758391], [-79.434607, 43.758269], [-79.434393, 43.758197], [-79.434126, 43.758121], [-79.433863, 43.758053], [-79.433691, 43.757954], [-79.433725, 43.757747], [-79.433686, 43.757535], [-79.433481, 43.757342], [-79.433223, 43.757242], [-79.432982, 43.757188], [-79.432746, 43.757197], [-79.43249, 43.757229], [-79.432218, 43.757278], [-79.431957, 43.757327], [-79.431737, 43.757377], [-79.431512, 43.75743], [-79.43134, 43.757476]]}}, {"type": "Feature", "properties": {"name": "Don River W Branch", "class": "River", "covered": true}, "geometry": {"type": "LineString", "coordinates": [[-79.340054, 43.711055], [-79.340053, 43.711053], [-79.339958, 43.710986], [-79.339758, 43.710845], [-79.339533, 43.710766], [-79.339443, 43.710713], [-79.339411, 43.710588], [-79.339432, 43.710423], [-79.339421, 43.710269], [-79.339388, 43.710137], [-79.339282, 43.710061], [-79.339021, 43.709962], [-79.338593, 43.709798], [-79.338341, 43.709586], [-79.338259, 43.709517], [-79.338134, 43.7093495], [-79.338009, 43.709182], [-79.337911, 43.708881]]}}, {"type": "Feature", "properties": {"name": "Black Creek", "class": "River", "covered": true}, "geometry": {"type": "LineString", "coordinates": [[-79.49555, 43.704605], [-79.495504, 43.70452], [-79.495216, 43.704408], [-79.494876, 43.704341], [-79.494579, 43.704284], [-79.49425, 43.704183], [-79.493882, 43.704069], [-79.493537, 43.70394], [-79.49324, 43.703788], [-79.492917, 43.703608], [-79.492628, 43.703443], [-79.492422, 43.703319], [-79.492216, 43.703195], [-79.49201, 43.703071], [-79.491804, 43.702947], [-79.491492, 43.702784], [-79.4912775, 43.702655750000005], [-79.491063, 43.7025275], [-79.4908485, 43.70239925], [-79.490634, 43.702271], [-79.490331, 43.702137], [-79.490042, 43.702001], [-79.489747, 43.701937], [-79.489491, 43.701962], [-79.489319, 43.702005]]}}, {"type": "Feature", "properties": {"name": "Black Creek", "class": "River", "covered": true}, "geometry": {"type": "LineString", "coordinates": [[-79.501135, 43.705755], [-79.501076, 43.705758], [-79.50073, 43.705806], [-79.50045, 43.705873], [-79.500198, 43.705927], [-79.499965, 43.705985], [-79.499679, 43.705973], [-79.499415, 43.705986], [-79.499211, 43.706031], [-79.499045, 43.706158], [-79.498817, 43.706195], [-79.498632, 43.706036], [-79.498537, 43.705882], [-79.498696, 43.705753], [-79.498864, 43.705624], [-79.498706, 43.70547], [-79.498468, 43.705395], [-79.498219, 43.705394], [-79.497972, 43.705497], [-79.497704, 43.705574], [-79.49744, 43.705663], [-79.49718, 43.705766], [-79.49685500000001, 43.705777499999996], [-79.49653, 43.705789], [-79.496314, 43.705658], [-79.49636, 43.705475], [-79.496535, 43.705308], [-79.496599, 43.705124], [-79.496315, 43.704973], [-79.495983, 43.704863], [-79.495732, 43.70473], [-79.49555, 43.704605]]}}, {"type": "Feature", "properties": {"name": "Black Creek", "class": "River", "covered": true}, "geometry": {"type": "LineString", "coordinates": [[-79.507437, 43.716491], [-79.507658, 43.716411], [-79.507915, 43.716287], [-79.508214, 43.716172], [-79.50848, 43.716051], [-79.508714, 43.715918], [-79.508943, 43.715781], [-79.509015, 43.715675], [-79.509045, 43.715575], [-79.509072, 43.715461], [-79.509076, 43.715351], [-79.509061, 43.715207], [-79.508988, 43.715075]]}}, {"type": "Feature", "properties": {"name": "Black Creek", "class": "River", "covered": true}, "geometry": {"type": "LineString", "coordinates": [[-79.508988, 43.715075], [-79.508958, 43.714949], [-79.508833, 43.714728], [-79.508649, 43.714506], [-79.508479, 43.714304], [-79.508284, 43.714105], [-79.508104, 43.713895], [-79.507951, 43.713673], [-79.507904, 43.713431], [-79.507927, 43.713192], [-79.507905, 43.712997], [-79.507904, 43.712803], [-79.507856, 43.712627], [-79.507731, 43.712467], [-79.50756, 43.712331], [-79.507414, 43.712233]]}}, {"type": "Feature", "properties": {"name": "Don River W Branch", "class": "River", "covered": true}, "geometry": {"type": "LineString", "coordinates": [[-79.408619, 43.743472], [-79.408479, 43.743288], [-79.408177, 43.743039], [-79.408092, 43.742995], [-79.407812, 43.742945], [-79.407552, 43.742949], [-79.407321, 43.742984], [-79.407162, 43.743038], [-79.407068, 43.743054], [-79.4067755, 43.7430385], [-79.406483, 43.743023]]}}, {"type": "Feature", "properties": {"name": "Don River W Branch", "class": "River", "covered": true}, "geometry": {"type": "LineString", "coordinates": [[-79.406483, 43.743023], [-79.406326, 43.742988], [-79.406023, 43.742848], [-79.405781, 43.742663], [-79.405478, 43.742528], [-79.40512, 43.742429], [-79.404833, 43.742298], [-79.404584, 43.742104], [-79.404408, 43.741816], [-79.404348, 43.741529], [-79.404408, 43.74123], [-79.404535, 43.741054], [-79.404593, 43.740966], [-79.404624, 43.740905], [-79.404647, 43.740844], [-79.404666, 43.740792], [-79.404672, 43.740749], [-79.404672, 43.740707], [-79.404661, 43.740607]]}}, {"type": "Feature", "properties": {"name": "Don River W Branch", "class": "River", "covered": true}, "geometry": {"type": "LineString", "coordinates": [[-79.404661, 43.740607], [-79.404621, 43.740513], [-79.404597, 43.740471], [-79.404547, 43.740415], [-79.404485, 43.740353], [-79.404398, 43.740276], [-79.40437, 43.740248], [-79.40433, 43.740216], [-79.404284, 43.740186], [-79.404234, 43.740158], [-79.404182, 43.740132], [-79.40413, 43.740107], [-79.404077, 43.740083], [-79.404023, 43.74006], [-79.403968, 43.740039], [-79.403911, 43.740019], [-79.403854, 43.740003], [-79.403795, 43.73999], [-79.403735, 43.739979], [-79.403673, 43.739972], [-79.40361, 43.739968], [-79.403548, 43.739966], [-79.403487, 43.739964], [-79.403425, 43.739967], [-79.403363, 43.739973], [-79.403301, 43.739981], [-79.40324, 43.73999], [-79.403181, 43.740002], [-79.403122, 43.740016], [-79.403063, 43.740031], [-79.403005, 43.740047], [-79.402947, 43.740067], [-79.402823, 43.740095]]}}, {"type": "Feature", "properties": {"name": "Don River W Branch", "class": "River", "covered": true}, "geometry": {"type": "LineString", "coordinates": [[-79.402823, 43.740095], [-79.402724, 43.740163], [-79.402385, 43.740243], [-79.402079, 43.740266], [-79.401726, 43.740256], [-79.40135, 43.740202], [-79.401031, 43.740085], [-79.400728, 43.739891], [-79.400511, 43.739643], [-79.400275, 43.739418], [-79.400269, 43.739415], [-79.400165, 43.739372]]}}, {"type": "Feature", "properties": {"name": "Humber River W Branch", "class": "River", "covered": true}, "geometry": {"type": "LineString", "coordinates": [[-79.577481, 43.733846], [-79.577255, 43.733908], [-79.577016, 43.7339755], [-79.576777, 43.734043], [-79.576374, 43.734178], [-79.57602, 43.734354], [-79.575656, 43.734543], [-79.575355, 43.734733], [-79.575053, 43.734922], [-79.574779, 43.735129], [-79.574517, 43.735309], [-79.574204, 43.735539], [-79.573868, 43.735728], [-79.573478, 43.735818], [-79.573034, 43.735927], [-79.572682, 43.736008], [-79.572284, 43.736095], [-79.57196, 43.736118], [-79.5717065, 43.7361075], [-79.571453, 43.736097], [-79.57115866666668, 43.73604066666667], [-79.57086433333333, 43.735984333333334], [-79.57057, 43.735928]]}}, {"type": "Feature", "properties": {"name": "Etobicoke Creek", "class": "River", "covered": true}, "geometry": {"type": "LineString", "coordinates": [[-79.564493, 43.607042], [-79.564479, 43.607038], [-79.564227, 43.606989], [-79.564083, 43.606968], [-79.563949, 43.606948], [-79.563696, 43.606912], [-79.563428, 43.606872], [-79.56316, 43.606841], [-79.562909, 43.606787], [-79.562641, 43.606719], [-79.562516, 43.606673], [-79.562423, 43.606621], [-79.562266, 43.606504], [-79.562138, 43.606371], [-79.562028, 43.606214], [-79.561866, 43.606045], [-79.561692, 43.605952], [-79.561451, 43.605835], [-79.561238, 43.605755], [-79.561077, 43.6057], [-79.561035, 43.605681], [-79.560823, 43.605607], [-79.560602, 43.605524], [-79.560458, 43.60546], [-79.56022, 43.605293], [-79.560122, 43.605229], [-79.560021, 43.605191], [-79.559833, 43.605074], [-79.559782, 43.60505]]}}, {"type": "Feature", "properties": {"name": "Humber Creek", "class": "River", "covered": true}, "geometry": {"type": "LineString", "coordinates": [[-79.534305, 43.695561], [-79.534192, 43.695488], [-79.533949, 43.695317], [-79.533718, 43.695141], [-79.53347, 43.694975], [-79.533226, 43.694826], [-79.532982, 43.694655], [-79.53276, 43.694471], [-79.532545, 43.694282], [-79.532336, 43.694075], [-79.532133, 43.693904], [-79.53191, 43.693747], [-79.531597, 43.693644]]}}, {"type": "Feature", "properties": {"name": "Humber Creek", "class": "River", "covered": true}, "geometry": {"type": "LineString", "coordinates": [[-79.531597, 43.693644], [-79.531394, 43.693578], [-79.53113, 43.693446], [-79.530851, 43.69332], [-79.530776, 43.693277]]}}, {"type": "Feature", "properties": {"name": "West Highland Creek", "class": "River", "covered": false}, "geometry": {"type": "LineString", "coordinates": [[-79.2772, 43.776738], [-79.277207, 43.776568]]}}, {"type": "Feature", "properties": {"name": "West Highland Creek", "class": "River", "covered": false}, "geometry": {"type": "LineString", "coordinates": [[-79.277207, 43.776568], [-79.277214, 43.776368]]}}, {"type": "Feature", "properties": {"name": "West Highland Creek", "class": "River", "covered": false}, "geometry": {"type": "LineString", "coordinates": [[-79.277189, 43.777053], [-79.277194, 43.776907]]}}, {"type": "Feature", "properties": {"name": "West Highland Creek", "class": "River", "covered": false}, "geometry": {"type": "LineString", "coordinates": [[-79.277194, 43.776907], [-79.2772, 43.776738]]}}, {"type": "Feature", "properties": {"name": "West Highland Creek", "class": "River", "covered": true}, "geometry": {"type": "LineString", "coordinates": [[-79.278913, 43.772838], [-79.27882199999999, 43.772645499999996], [-79.278731, 43.772453]]}}, {"type": "Feature", "properties": {"name": "West Highland Creek", "class": "River", "covered": true}, "geometry": {"type": "LineString", "coordinates": [[-79.281715, 43.781283], [-79.28171, 43.781279], [-79.281696, 43.781254], [-79.281572, 43.781127], [-79.2814, 43.780983], [-79.2812, 43.780801]]}}, {"type": "Feature", "properties": {"name": "West Highland Creek", "class": "River", "covered": false}, "geometry": {"type": "LineString", "coordinates": [[-79.2812, 43.780801], [-79.280981, 43.780619], [-79.280756, 43.780415], [-79.280526, 43.780217], [-79.280299, 43.780015], [-79.280031, 43.779804], [-79.279738, 43.779581], [-79.279467, 43.779369], [-79.279208, 43.779163], [-79.279118, 43.779082], [-79.2791, 43.779071], [-79.279001, 43.778988], [-79.278737, 43.778767], [-79.27849, 43.778537], [-79.2782, 43.77832], [-79.277926, 43.778099], [-79.277654, 43.777868], [-79.277403, 43.777645], [-79.277236, 43.777442], [-79.277177, 43.777314], [-79.277182, 43.77714], [-79.277189, 43.777053]]}}, {"type": "Feature", "properties": {"name": "Humber River E Branch", "class": "River", "covered": true}, "geometry": {"type": "LineString", "coordinates": [[-79.568566, 43.74622], [-79.5688465, 43.746293], [-79.569127, 43.746366], [-79.569396, 43.746387], [-79.569744, 43.746458], [-79.570158, 43.746566], [-79.570576, 43.746639], [-79.570929, 43.74673], [-79.571272, 43.746799], [-79.571659, 43.74681], [-79.572062, 43.746799], [-79.572466, 43.74684], [-79.572848, 43.746962], [-79.573115, 43.747166], [-79.573305, 43.747418], [-79.573379, 43.747686], [-79.573342, 43.748003], [-79.57322, 43.74834], [-79.573127, 43.748646], [-79.573015, 43.748922], [-79.572892, 43.749186], [-79.572762, 43.749454], [-79.572695, 43.74971], [-79.57278, 43.749971], [-79.572971, 43.750198], [-79.573269, 43.750361], [-79.57362, 43.750336], [-79.574011, 43.750242], [-79.57441, 43.750161], [-79.574813, 43.750105], [-79.575141, 43.750047], [-79.575522, 43.75003], [-79.575929, 43.750071], [-79.576307, 43.750122], [-79.57671, 43.750162], [-79.577107, 43.750192], [-79.577423, 43.75026]]}}, {"type": "Feature", "properties": {"name": "Humber River E Branch", "class": "River", "covered": true}, "geometry": {"type": "LineString", "coordinates": [[-79.566446, 43.745878], [-79.566514, 43.745885], [-79.566873, 43.745945], [-79.567268, 43.746008], [-79.567638, 43.746065], [-79.56794733333334, 43.746116666666666], [-79.56825666666667, 43.74616833333334], [-79.568566, 43.74622]]}}, {"type": "Feature", "properties": {"name": "Albion Creek", "class": "Creek/Tributary", "covered": true}, "geometry": {"type": "LineString", "coordinates": [[-79.610068, 43.749816], [-79.609934, 43.749711], [-79.609801, 43.749607], [-79.609645, 43.749295], [-79.609596, 43.749257], [-79.609567, 43.7492], [-79.609503, 43.749185], [-79.609394, 43.749175], [-79.609197, 43.749206], [-79.608756, 43.749306], [-79.6084475, 43.7493765], [-79.608139, 43.749447], [-79.60781399999999, 43.74953], [-79.607489, 43.749613], [-79.60731, 43.74965]]}}, {"type": "Feature", "properties": {"name": "Albion Creek", "class": "Creek/Tributary", "covered": true}, "geometry": {"type": "LineString", "coordinates": [[-79.610682, 43.750653], [-79.610535, 43.750622], [-79.610427, 43.750584], [-79.610381, 43.750534], [-79.610383, 43.750496], [-79.610387, 43.750448], [-79.610361, 43.750389], [-79.610306, 43.750306], [-79.610266, 43.750211], [-79.610225, 43.750149], [-79.610198, 43.750054], [-79.610162, 43.749925], [-79.610068, 43.749816]]}}, {"type": "Feature", "properties": {"name": "Don River E Branch", "class": "River", "covered": true}, "geometry": {"type": "LineString", "coordinates": [[-79.364478, 43.771852], [-79.364178, 43.771652]]}}, {"type": "Feature", "properties": {"name": "Don River E Branch", "class": "River", "covered": true}, "geometry": {"type": "LineString", "coordinates": [[-79.364178, 43.771652], [-79.363941, 43.771513]]}}, {"type": "Feature", "properties": {"name": "Don River E Branch", "class": "River", "covered": true}, "geometry": {"type": "LineString", "coordinates": [[-79.365561, 43.772986], [-79.3653285, 43.772855500000006], [-79.365096, 43.772725], [-79.364958, 43.772699], [-79.36485, 43.772664], [-79.364805, 43.772619], [-79.364776, 43.772546], [-79.364775, 43.772433], [-79.364796, 43.772327], [-79.364811, 43.772272], [-79.364811, 43.77223], [-79.364799, 43.772174], [-79.364786, 43.772104], [-79.364776, 43.772057], [-79.364768, 43.772036], [-79.364746, 43.772009], [-79.364732, 43.771991], [-79.364632, 43.771922], [-79.364478, 43.771852]]}}, {"type": "Feature", "properties": {"name": "Don River E Branch", "class": "River", "covered": true}, "geometry": {"type": "LineString", "coordinates": [[-79.367789, 43.775319], [-79.367775, 43.775302], [-79.367717, 43.775244], [-79.367659, 43.775185], [-79.367539, 43.775087], [-79.367391, 43.775031], [-79.367208, 43.775], [-79.367019, 43.775001], [-79.366795, 43.775017], [-79.366607, 43.775027], [-79.366437, 43.775014], [-79.366253, 43.774972], [-79.366116, 43.774848], [-79.366101, 43.77473], [-79.366143, 43.774602], [-79.366267, 43.774445], [-79.36646, 43.774231], [-79.366566, 43.774102], [-79.366629, 43.773942], [-79.366618, 43.773779], [-79.366608, 43.77373], [-79.366568, 43.773625], [-79.366523, 43.773521], [-79.366427, 43.773417], [-79.366284, 43.773329], [-79.366111, 43.77326], [-79.365935, 43.773183], [-79.365715, 43.773064], [-79.365561, 43.772986]]}}, {"type": "Feature", "properties": {"name": "Albion Creek", "class": "Creek/Tributary", "covered": true}, "geometry": {"type": "LineString", "coordinates": [[-79.572267, 43.739296], [-79.572271, 43.73919], [-79.572271, 43.739104], [-79.572263, 43.739007], [-79.572257, 43.73893], [-79.572244, 43.738867], [-79.572244, 43.738867], [-79.572236, 43.738768], [-79.572228, 43.738666], [-79.572214, 43.738607], [-79.572198, 43.738572], [-79.572239, 43.738385]]}}, {"type": "Feature", "properties": {"name": "Albion Creek", "class": "Creek/Tributary", "covered": true}, "geometry": {"type": "LineString", "coordinates": [[-79.572239, 43.738385], [-79.57229, 43.738175], [-79.572272, 43.738056], [-79.572257, 43.737953], [-79.572193, 43.737859], [-79.572096, 43.737742], [-79.571969, 43.737634], [-79.571775, 43.737467], [-79.571557, 43.737238], [-79.571377, 43.737084], [-79.571137, 43.736878], [-79.571018, 43.736753], [-79.570937, 43.736682], [-79.57087, 43.73656], [-79.570776, 43.736436], [-79.57069, 43.736302], [-79.570621, 43.736134], [-79.57057, 43.735928]]}}, {"type": "Feature", "properties": {"name": "Don River E Branch", "class": "River", "covered": true}, "geometry": {"type": "LineString", "coordinates": [[-79.35967, 43.766165], [-79.359672, 43.766133], [-79.359616, 43.765902]]}}, {"type": "Feature", "properties": {"name": "Don River E Branch", "class": "River", "covered": true}, "geometry": {"type": "LineString", "coordinates": [[-79.359616, 43.765902], [-79.359602, 43.765864], [-79.359581, 43.765831], [-79.359558, 43.765787], [-79.359527, 43.765747], [-79.359495, 43.765711], [-79.359464, 43.765689], [-79.359412, 43.765666], [-79.359358, 43.765645], [-79.359253, 43.765618], [-79.359248, 43.765614], [-79.359077, 43.765521], [-79.358987, 43.765483], [-79.358938, 43.76545], [-79.358776, 43.76538], [-79.358643, 43.765316], [-79.358483, 43.765239], [-79.35834, 43.765163], [-79.358207, 43.765079], [-79.358051, 43.764959], [-79.357922, 43.76488], [-79.357765, 43.764794], [-79.357612, 43.76475], [-79.35745, 43.764724], [-79.357302, 43.764727], [-79.357187, 43.76473], [-79.357041, 43.76474], [-79.3569, 43.764769], [-79.356747, 43.764813], [-79.356629, 43.76485], [-79.356559, 43.764849], [-79.356459, 43.764845], [-79.35628, 43.764823], [-79.356099, 43.764793], [-79.355909, 43.764759], [-79.355741, 43.764729], [-79.355622, 43.764702], [-79.355494, 43.764674], [-79.355462, 43.76467], [-79.355255, 43.764644], [-79.355069, 43.764622], [-79.354946, 43.764602], [-79.354883, 43.764589], [-79.354827, 43.764564], [-79.354778, 43.764512], [-79.354749, 43.764428], [-79.3547, 43.764247], [-79.354669, 43.764155], [-79.354642, 43.764088], [-79.354606, 43.764023], [-79.354519, 43.763909], [-79.354379, 43.763762], [-79.354313, 43.763698], [-79.354271, 43.763668], [-79.354222, 43.763654], [-79.354134, 43.763636], [-79.354027, 43.763621], [-79.35389, 43.763611], [-79.35378, 43.763606], [-79.353686, 43.763611], [-79.353569, 43.763632], [-79.353399, 43.763674], [-79.353171, 43.763729], [-79.353094, 43.763761], [-79.353034, 43.763794], [-79.35299, 43.763814], [-79.35295, 43.763827], [-79.352901, 43.763834], [-79.352855, 43.763837], [-79.352803, 43.763837], [-79.352761, 43.763831], [-79.352553, 43.763783], [-79.352449, 43.763742], [-79.352396, 43.763715], [-79.352335, 43.763675], [-79.3523, 43.763649], [-79.352277, 43.763636], [-79.352229, 43.763614], [-79.352201, 43.763602], [-79.352161, 43.763584], [-79.352093, 43.763564], [-79.35186, 43.763526], [-79.35173, 43.763505]]}}, {"type": "Feature", "properties": {"name": "Elmcrest Creek", "class": "Creek/Tributary", "covered": true}, "geometry": {"type": "LineString", "coordinates": [[-79.569582, 43.634582], [-79.569569, 43.634414], [-79.569567, 43.634333], [-79.569579, 43.634282], [-79.569598, 43.634225], [-79.569602, 43.63411], [-79.569607, 43.634049], [-79.569619, 43.633992], [-79.569601, 43.633886]]}}, {"type": "Feature", "properties": {"name": "Elmcrest Creek", "class": "Creek/Tributary", "covered": true}, "geometry": {"type": "LineString", "coordinates": [[-79.569601, 43.633886], [-79.569632, 43.63362], [-79.569527, 43.633407], [-79.569509, 43.63336], [-79.569458, 43.633211], [-79.569412, 43.633072], [-79.569358, 43.632914], [-79.569286, 43.632743], [-79.569202, 43.632586], [-79.569071, 43.632424], [-79.568924, 43.632262], [-79.568768, 43.63212], [-79.56849, 43.632044], [-79.568311, 43.632002], [-79.568174, 43.631954], [-79.567956, 43.631876], [-79.567819, 43.631836], [-79.567696, 43.631786], [-79.567565, 43.631744], [-79.567411, 43.631702], [-79.56724, 43.631663], [-79.56709, 43.631615], [-79.566975, 43.631579], [-79.566923, 43.631561], [-79.566902, 43.631539], [-79.566894, 43.631504], [-79.566914, 43.631462], [-79.567005, 43.631367], [-79.5671, 43.631308], [-79.567146, 43.631257], [-79.567226, 43.631179], [-79.567297, 43.631122], [-79.567333, 43.631105], [-79.567364, 43.631099], [-79.567406, 43.631095]]}}, {"type": "Feature", "properties": {"name": "Yellow Creek", "class": "Creek/Tributary", "covered": true}, "geometry": {"type": "LineString", "coordinates": [[-79.379224, 43.679814], [-79.37922, 43.679809], [-79.379051, 43.67976], [-79.378835, 43.679795], [-79.378566, 43.679795], [-79.378338, 43.679759], [-79.378098, 43.679732], [-79.37781, 43.679727], [-79.377491, 43.679731], [-79.377205, 43.679749], [-79.376924, 43.679789], [-79.376617, 43.67982], [-79.376316, 43.679833], [-79.376033, 43.679824], [-79.375755, 43.679716], [-79.37546, 43.679558], [-79.375176, 43.679432], [-79.37489, 43.679296], [-79.374588, 43.679201], [-79.374533, 43.6792]]}}, {"type": "Feature", "properties": {"name": "Yellow Creek", "class": "Creek/Tributary", "covered": true}, "geometry": {"type": "LineString", "coordinates": [[-79.374533, 43.6792], [-79.374259, 43.67917], [-79.373925, 43.679138], [-79.373583, 43.679128], [-79.373226, 43.679105], [-79.372885, 43.679069], [-79.372568, 43.679042], [-79.37227, 43.679014], [-79.37201, 43.678987], [-79.37173, 43.678919], [-79.371476, 43.678811], [-79.371256, 43.678685], [-79.371186, 43.678658]]}}, {"type": "Feature", "properties": {"name": "Etobicoke Creek", "class": "River", "covered": true}, "geometry": {"type": "LineString", "coordinates": [[-79.579771, 43.626965], [-79.579706, 43.626922], [-79.579565, 43.626868], [-79.579389, 43.626827], [-79.579196, 43.626769], [-79.578991, 43.626715], [-79.57879, 43.626684], [-79.578625, 43.626652], [-79.57845, 43.626598], [-79.578256, 43.626554], [-79.578074, 43.626513], [-79.57789, 43.626464], [-79.577716, 43.626419], [-79.577558, 43.626374], [-79.577393, 43.626338], [-79.577233, 43.626289], [-79.577067, 43.626235], [-79.576896, 43.62619], [-79.576753, 43.626141], [-79.576616, 43.626073], [-79.57648, 43.626006], [-79.576337, 43.625938], [-79.57618, 43.625857], [-79.576032, 43.625781], [-79.575879, 43.6257], [-79.575734, 43.625615], [-79.575581, 43.625556], [-79.575413, 43.625511], [-79.575246, 43.625466], [-79.575065, 43.625435], [-79.574874, 43.625444], [-79.57468, 43.625485], [-79.574509, 43.62553], [-79.574342, 43.625611], [-79.574201, 43.625719], [-79.574033, 43.625818], [-79.573873, 43.625895], [-79.573693, 43.625976], [-79.573502, 43.62603], [-79.573293, 43.626062], [-79.573096, 43.626048], [-79.572893, 43.626067], [-79.572664, 43.626103], [-79.572461, 43.626152], [-79.572242, 43.626234], [-79.572074, 43.62629], [-79.572026, 43.626306], [-79.57182, 43.626382], [-79.5716, 43.626459], [-79.571398, 43.626518], [-79.571187, 43.626585], [-79.570975, 43.626657], [-79.570789, 43.626721], [-79.57057, 43.626793], [-79.570389, 43.626874], [-79.570216, 43.626959], [-79.570003, 43.626991], [-79.569795, 43.626982], [-79.569589, 43.626942], [-79.569368, 43.626919], [-79.569147, 43.626884], [-79.568975, 43.626812], [-79.568797, 43.626753], [-79.568586, 43.626744], [-79.568367, 43.626803], [-79.568173, 43.626907], [-79.568002, 43.627033], [-79.567844, 43.627163], [-79.567702, 43.627321], [-79.567606, 43.627497], [-79.567534, 43.627615], [-79.56752, 43.627672], [-79.567523, 43.627762]]}}, {"type": "Feature", "properties": {"name": "Mimico Creek", "class": "River", "covered": true}, "geometry": {"type": "LineString", "coordinates": [[-79.515458, 43.644532], [-79.515253, 43.644351], [-79.515039, 43.644108], [-79.514884, 43.643899], [-79.514807, 43.643724], [-79.514783, 43.643503], [-79.514814, 43.643355], [-79.514835, 43.643213], [-79.514917, 43.643066], [-79.514939, 43.643027]]}}, {"type": "Feature", "properties": {"name": "Mimico Creek", "class": "River", "covered": true}, "geometry": {"type": "LineString", "coordinates": [[-79.514979, 43.642155], [-79.514943, 43.64207], [-79.514795, 43.641836], [-79.514478, 43.641692], [-79.514125, 43.641606], [-79.513771, 43.641507], [-79.513414, 43.641413], [-79.513023, 43.641318], [-79.512688, 43.641224], [-79.512524, 43.641153]]}}, {"type": "Feature", "properties": {"name": "Mimico Creek", "class": "River", "covered": true}, "geometry": {"type": "LineString", "coordinates": [[-79.514939, 43.643027], [-79.514969, 43.642709], [-79.515005, 43.642383], [-79.514979, 43.642155]]}}, {"type": "Feature", "properties": {"name": "Humber River W Branch", "class": "River", "covered": true}, "geometry": {"type": "LineString", "coordinates": [[-79.628353, 43.736881], [-79.628024, 43.736786]]}}, {"type": "Feature", "properties": {"name": "Humber River W Branch", "class": "River", "covered": true}, "geometry": {"type": "LineString", "coordinates": [[-79.630175, 43.737168], [-79.62992233333333, 43.73710766666667], [-79.62966966666667, 43.73704733333333], [-79.629417, 43.736987], [-79.629297, 43.736988], [-79.629028, 43.736988], [-79.62888, 43.736949], [-79.62861649999999, 43.736914999999996], [-79.628353, 43.736881]]}}, {"type": "Feature", "properties": {"name": "Humber River W Branch", "class": "River", "covered": true}, "geometry": {"type": "LineString", "coordinates": [[-79.627514, 43.736631], [-79.627399, 43.736568], [-79.627101, 43.736528], [-79.626907, 43.736514], [-79.626717, 43.736456], [-79.626608, 43.73642], [-79.626438, 43.736344], [-79.626283, 43.736263], [-79.626171, 43.736232], [-79.626035, 43.736178], [-79.625952, 43.736137], [-79.625809, 43.736066], [-79.625736, 43.735994], [-79.625665, 43.735953], [-79.625545, 43.735886], [-79.625463, 43.735823], [-79.625325, 43.735774], [-79.625173, 43.735765], [-79.624963, 43.735733], [-79.624788, 43.735689], [-79.624613, 43.735626], [-79.624412, 43.73559], [-79.624284, 43.735568], [-79.624103, 43.735545], [-79.623962, 43.735527], [-79.623812, 43.73546], [-79.623715, 43.735411], [-79.6236, 43.735339], [-79.623555, 43.735276], [-79.623497, 43.735204], [-79.62345, 43.735105], [-79.623408, 43.735006], [-79.623395, 43.734905]]}}, {"type": "Feature", "properties": {"name": "Humber River W Branch", "class": "River", "covered": true}, "geometry": {"type": "LineString", "coordinates": [[-79.628024, 43.736786], [-79.62771, 43.736697]]}}, {"type": "Feature", "properties": {"name": "Humber River W Branch", "class": "River", "covered": true}, "geometry": {"type": "LineString", "coordinates": [[-79.62771, 43.736697], [-79.627514, 43.736631]]}}, {"type": "Feature", "properties": {"name": "Humber River", "class": "River", "covered": true}, "geometry": {"type": "LineString", "coordinates": [[-79.510193, 43.684021], [-79.510238, 43.684137]]}}, {"type": "Feature", "properties": {"name": "Etobicoke Creek", "class": "River", "covered": true}, "geometry": {"type": "LineString", "coordinates": [[-79.5557, 43.599692], [-79.555691, 43.599675], [-79.555569, 43.599531], [-79.555383, 43.599423], [-79.555105, 43.599338], [-79.554829, 43.599275], [-79.554551, 43.599203], [-79.554292, 43.599118], [-79.554078, 43.598987], [-79.553918, 43.598834], [-79.553786, 43.598659], [-79.553671, 43.598474], [-79.553589, 43.598294], [-79.55352, 43.598105], [-79.553501, 43.597998], [-79.553485, 43.597903], [-79.553528, 43.5977], [-79.553596, 43.597507], [-79.553672, 43.597309], [-79.553734, 43.597115], [-79.553776, 43.596926], [-79.553854, 43.596719], [-79.553925, 43.59653], [-79.553954, 43.596332], [-79.553897, 43.596134], [-79.55381, 43.59594], [-79.553712, 43.595765], [-79.553505, 43.595607], [-79.553242, 43.5955], [-79.552967, 43.595419], [-79.552676, 43.595369], [-79.552384, 43.59532], [-79.552106, 43.595302], [-79.5518145, 43.5953065], [-79.551523, 43.595311], [-79.55123, 43.595325], [-79.550939, 43.595316], [-79.550632, 43.595294], [-79.550316, 43.595267], [-79.550019, 43.595263], [-79.549738, 43.595231], [-79.549425, 43.595208], [-79.549115, 43.59516], [-79.549032, 43.59513], [-79.548974, 43.595094], [-79.548879, 43.59501], [-79.548809, 43.594953], [-79.548732, 43.594854], [-79.54868, 43.594638], [-79.548658, 43.594421], [-79.548658, 43.594214], [-79.54869, 43.594012], [-79.548713, 43.593818], [-79.548768, 43.593625], [-79.548867, 43.593431], [-79.548994, 43.59322], [-79.549093, 43.593026], [-79.54921, 43.592828], [-79.549309, 43.592625], [-79.549424, 43.592441], [-79.549492, 43.592256], [-79.549539, 43.592063], [-79.549571, 43.591883], [-79.549589, 43.591694], [-79.549602, 43.591505], [-79.549593, 43.591316], [-79.549614, 43.5911], [-79.549601, 43.590902], [-79.549577, 43.590727], [-79.549547, 43.590617], [-79.549488, 43.590516], [-79.549432, 43.590422], [-79.549349, 43.590338], [-79.54921, 43.590274], [-79.549136, 43.590263], [-79.549048, 43.590281], [-79.548968, 43.590287], [-79.548906, 43.590289], [-79.548764, 43.590257], [-79.548657, 43.590216]]}}, {"type": "Feature", "properties": {"name": "Humber Creek", "class": "River", "covered": true}, "geometry": {"type": "LineString", "coordinates": [[-79.541198, 43.695264], [-79.5410074, 43.695393], [-79.5408168, 43.695522000000004], [-79.54062619999999, 43.695651], [-79.5404356, 43.69578], [-79.540245, 43.695909], [-79.540186, 43.695921], [-79.540052, 43.695929], [-79.539697, 43.695932], [-79.539296, 43.695932], [-79.539015, 43.695934], [-79.53886, 43.69593], [-79.538747, 43.695939], [-79.538658, 43.695947], [-79.538556, 43.695976], [-79.538476, 43.69602], [-79.538418, 43.696067], [-79.53838, 43.696088], [-79.538339, 43.696102], [-79.538263, 43.696107], [-79.538105, 43.696094], [-79.538035, 43.696084]]}}, {"type": "Feature", "properties": {"name": "Humber River W Branch", "class": "River", "covered": true}, "geometry": {"type": "LineString", "coordinates": [[-79.58765, 43.728075], [-79.587356, 43.728293], [-79.587015, 43.728504], [-79.586736, 43.728716], [-79.58645, 43.728865], [-79.586117, 43.728978], [-79.585744, 43.729064], [-79.585341, 43.729059], [-79.58494, 43.729051], [-79.584517, 43.72901], [-79.584138, 43.728957], [-79.583794, 43.728894], [-79.583347, 43.728827], [-79.58294, 43.728701], [-79.582548, 43.72862], [-79.582067, 43.728535], [-79.581654, 43.728414], [-79.581237, 43.728316], [-79.580902, 43.728326], [-79.58062319999999, 43.728387000000005], [-79.5803444, 43.728448], [-79.5800656, 43.728509], [-79.57978680000001, 43.72857], [-79.579508, 43.728631], [-79.579298, 43.728798], [-79.579233, 43.728947], [-79.579203, 43.729014], [-79.579264, 43.729266], [-79.579352, 43.729509], [-79.579504, 43.729721], [-79.579609, 43.729964], [-79.579711, 43.730233], [-79.579776, 43.7304], [-79.57988166666667, 43.730601], [-79.57998733333334, 43.730802000000004], [-79.580093, 43.731003], [-79.58024, 43.731255], [-79.580284, 43.731351], [-79.580383, 43.73152], [-79.580535, 43.731858], [-79.580535, 43.732011], [-79.580535, 43.732067], [-79.580535, 43.732168], [-79.580528, 43.732191], [-79.580523, 43.732276], [-79.580435, 43.732528], [-79.58029, 43.732785], [-79.580085, 43.733019], [-79.580022, 43.733065], [-79.579814, 43.733217], [-79.579489, 43.733328], [-79.579272, 43.733416], [-79.578848, 43.733519], [-79.578647, 43.733559], [-79.578412, 43.733619], [-79.578038, 43.733705], [-79.577634, 43.733804], [-79.577481, 43.733846]]}}, {"type": "Feature", "properties": {"name": "Humber River W Branch", "class": "River", "covered": true}, "geometry": {"type": "LineString", "coordinates": [[-79.57057, 43.735928], [-79.570201, 43.735978], [-79.569811, 43.73583], [-79.569426, 43.735641], [-79.569073, 43.735407], [-79.568741, 43.735169], [-79.568454, 43.734913], [-79.568191, 43.734625], [-79.567949, 43.734328], [-79.567787, 43.73404], [-79.567664, 43.733734], [-79.567572, 43.733423], [-79.567459, 43.733108], [-79.567315, 43.732784], [-79.56731, 43.732775], [-79.567133, 43.732465], [-79.566908, 43.732155], [-79.566581, 43.731907], [-79.566193, 43.731714], [-79.56577, 43.731552], [-79.565549, 43.731462], [-79.565328, 43.731372], [-79.565097, 43.731278], [-79.564866, 43.731184], [-79.564646, 43.731078], [-79.564426, 43.730972], [-79.56420750000001, 43.730882], [-79.563989, 43.730792], [-79.563749, 43.7307135], [-79.563509, 43.730635], [-79.563095, 43.730451], [-79.562674, 43.730267], [-79.562448, 43.730183499999995], [-79.562222, 43.7301], [-79.562132, 43.730061]]}}, {"type": "Feature", "properties": {"name": "Mimico Creek", "class": "River", "covered": true}, "geometry": {"type": "LineString", "coordinates": [[-79.567775, 43.667623], [-79.567755, 43.667494], [-79.567752, 43.66744], [-79.567748, 43.667336], [-79.567725, 43.667251], [-79.567691, 43.667156], [-79.567653, 43.667062], [-79.567623, 43.666976], [-79.567585, 43.666886], [-79.567548, 43.666792], [-79.567538, 43.666702], [-79.567537, 43.666603], [-79.567545, 43.666504], [-79.567568, 43.666409], [-79.567586, 43.66631], [-79.567602, 43.666198], [-79.567596, 43.666081], [-79.567572, 43.66595], [-79.567553, 43.665838], [-79.56753, 43.665716], [-79.567489, 43.665617], [-79.567423, 43.665514], [-79.56735, 43.665419], [-79.567295, 43.665329], [-79.567273, 43.665291], [-79.567246, 43.665251]]}}, {"type": "Feature", "properties": {"name": "Mimico Creek", "class": "River", "covered": true}, "geometry": {"type": "LineString", "coordinates": [[-79.567246, 43.665251], [-79.567225, 43.665207], [-79.567174, 43.665113], [-79.567114, 43.665001], [-79.56705, 43.664893], [-79.566981, 43.66479], [-79.566977, 43.664785], [-79.566901, 43.664668], [-79.566817, 43.664569], [-79.566726, 43.664456], [-79.56663, 43.664371], [-79.566512, 43.664295], [-79.566392, 43.664214], [-79.566288, 43.664137], [-79.566164, 43.66407], [-79.566072, 43.664015], [-79.566043, 43.663998], [-79.565949, 43.66393], [-79.565862, 43.663863], [-79.565829, 43.663836], [-79.565744, 43.66375], [-79.565647, 43.663674], [-79.565554, 43.663598], [-79.565449, 43.663535], [-79.565339, 43.663481], [-79.565277, 43.66344], [-79.565227, 43.663404], [-79.565115, 43.663337], [-79.565008, 43.663274], [-79.564906, 43.663193], [-79.564808, 43.663112], [-79.56471, 43.66304], [-79.5646, 43.662959], [-79.564475, 43.662874], [-79.564333, 43.662806], [-79.56419, 43.662725], [-79.564081, 43.662649], [-79.563968, 43.662559], [-79.563851, 43.662469], [-79.563719, 43.662401], [-79.563577, 43.662316], [-79.56343, 43.66224], [-79.563264, 43.662163], [-79.563181, 43.662131], [-79.563079, 43.662091], [-79.562891, 43.662046], [-79.562708, 43.662024], [-79.56251, 43.66201], [-79.562313, 43.662006], [-79.562107, 43.662006], [-79.561915, 43.662006], [-79.561737, 43.662011], [-79.561558, 43.662029], [-79.561377, 43.662034], [-79.561178, 43.662043], [-79.560984, 43.662038], [-79.560783, 43.662047], [-79.560575, 43.662052], [-79.560382, 43.662043], [-79.560197, 43.662034], [-79.560008, 43.662003], [-79.559836, 43.661944], [-79.559669, 43.661868], [-79.55951, 43.661751], [-79.559385, 43.661661], [-79.559274, 43.661549], [-79.559174, 43.661445], [-79.559088, 43.661333], [-79.559032, 43.661243], [-79.559002, 43.661211], [-79.558956, 43.661148], [-79.558951, 43.661137]]}}, {"type": "Feature", "properties": {"name": "Mimico Creek", "class": "River", "covered": true}, "geometry": {"type": "LineString", "coordinates": [[-79.555666, 43.658037], [-79.555504, 43.658031], [-79.55527, 43.658063], [-79.55506, 43.658112], [-79.554835, 43.65818], [-79.554614, 43.658274], [-79.554411, 43.658369], [-79.554191, 43.658468], [-79.553975, 43.658572], [-79.553756, 43.658644], [-79.553512, 43.658689], [-79.553264, 43.658626], [-79.553001, 43.658531], [-79.55275, 43.658446], [-79.552568, 43.658325], [-79.552492, 43.658172], [-79.552424, 43.658019], [-79.552354, 43.657852], [-79.552317, 43.657742]]}}, {"type": "Feature", "properties": {"name": "Mimico Creek", "class": "River", "covered": true}, "geometry": {"type": "LineString", "coordinates": [[-79.552317, 43.657742], [-79.552299, 43.657695], [-79.552247, 43.657533], [-79.552246, 43.657371], [-79.552289, 43.657209], [-79.552372, 43.657056], [-79.552464, 43.656911], [-79.552568, 43.656772], [-79.55265, 43.656641], [-79.552734, 43.656515], [-79.552788, 43.656367], [-79.552803, 43.656241], [-79.552739, 43.656079], [-79.552641, 43.655948], [-79.552512, 43.655804], [-79.552362, 43.655648], [-79.552188, 43.65557], [-79.552014, 43.655485], [-79.551821, 43.655395], [-79.551625, 43.655332], [-79.551376, 43.655278], [-79.551152, 43.655233], [-79.550902, 43.655188], [-79.550654, 43.655153], [-79.550415, 43.655135], [-79.550163, 43.655148], [-79.549916, 43.655184], [-79.549651, 43.655243], [-79.549454, 43.655293], [-79.549314, 43.655324], [-79.549175, 43.655342], [-79.549006, 43.655365], [-79.548858, 43.655383], [-79.548711, 43.65541], [-79.54856, 43.655423], [-79.548417, 43.655414], [-79.548261, 43.65541], [-79.548016, 43.655347], [-79.547916, 43.655302], [-79.547824, 43.655248], [-79.547751, 43.655167], [-79.547698, 43.655095], [-79.547654, 43.655005], [-79.547607, 43.654911], [-79.547575, 43.654825], [-79.547542, 43.654731], [-79.547518, 43.654654], [-79.547497, 43.654569], [-79.547469, 43.654479], [-79.547441, 43.654384], [-79.547409, 43.654294], [-79.547393, 43.654213], [-79.547405, 43.654123], [-79.547419, 43.654024], [-79.547446, 43.653934], [-79.547478, 43.653835], [-79.547524, 43.653745], [-79.547547, 43.653655], [-79.547545, 43.653574], [-79.547507, 43.653497], [-79.547436, 43.653434], [-79.54731, 43.653394], [-79.547181, 43.653349], [-79.54704, 43.653304], [-79.546901, 43.653273], [-79.546762, 43.653246], [-79.546623, 43.653223], [-79.546491, 43.653187], [-79.546359, 43.65316], [-79.546202, 43.653156], [-79.54604, 43.65316], [-79.545877, 43.653165], [-79.54571, 43.65316], [-79.545558, 43.653151], [-79.545406, 43.65312], [-79.545258, 43.65308], [-79.545125, 43.653035], [-79.544993, 43.652985], [-79.544854, 43.652927], [-79.544826, 43.652912]]}}, {"type": "Feature", "properties": {"name": "Mimico Creek", "class": "River", "covered": true}, "geometry": {"type": "LineString", "coordinates": [[-79.569245, 43.672581], [-79.569214, 43.672493], [-79.569191, 43.672398], [-79.569175, 43.672308], [-79.56915, 43.6722], [-79.569136, 43.672097], [-79.569135, 43.671998], [-79.569152, 43.671903], [-79.569162, 43.671813], [-79.569186, 43.671701], [-79.569225, 43.671588], [-79.569261, 43.671476], [-79.569286, 43.671381], [-79.569294, 43.671336], [-79.569303, 43.67126], [-79.569326, 43.671174], [-79.569351, 43.671093], [-79.569377, 43.671008], [-79.569393, 43.670931], [-79.569416, 43.670868], [-79.569425, 43.670792], [-79.569424, 43.670711], [-79.569411, 43.67063], [-79.569393, 43.670549], [-79.569364, 43.670472], [-79.569331, 43.670396], [-79.569291, 43.670324], [-79.569225, 43.670238], [-79.569148, 43.670166], [-79.569088, 43.670094], [-79.569024, 43.670013], [-79.56897, 43.669928], [-79.568923, 43.669838], [-79.568875, 43.669743], [-79.568836, 43.669658], [-79.568799, 43.669577], [-79.568756, 43.669491], [-79.568711, 43.669397], [-79.568669, 43.66932], [-79.568605, 43.669253], [-79.568535, 43.669185], [-79.568466, 43.669114], [-79.568386, 43.669046], [-79.568295, 43.668974], [-79.568214, 43.668916], [-79.568133, 43.668857], [-79.568058, 43.668785], [-79.567997, 43.668713], [-79.56795, 43.668632], [-79.567908, 43.668551], [-79.567877, 43.668461], [-79.567868, 43.668367], [-79.567863, 43.668268], [-79.567853, 43.668169], [-79.567847, 43.668079], [-79.567839, 43.66798], [-79.567829, 43.667876], [-79.567809, 43.667786], [-79.567804, 43.667764], [-79.567775, 43.667623]]}}, {"type": "Feature", "properties": {"name": "Humber Creek", "class": "River", "covered": true}, "geometry": {"type": "LineString", "coordinates": [[-79.551402, 43.693804], [-79.551368, 43.693812], [-79.551163, 43.693875], [-79.550996, 43.693961], [-79.550855, 43.694105], [-79.550819, 43.694298], [-79.550723, 43.69446], [-79.550615, 43.694645], [-79.550468, 43.694802], [-79.550297, 43.694951], [-79.55029, 43.694957], [-79.550141, 43.695099], [-79.549991, 43.695226], [-79.549845, 43.695356], [-79.549717, 43.695473], [-79.549654, 43.695613], [-79.549622, 43.695757], [-79.549587, 43.695914], [-79.549454, 43.69604], [-79.549369, 43.696171], [-79.549253, 43.696261], [-79.549125, 43.696333], [-79.549042, 43.696364]]}}, {"type": "Feature", "properties": {"name": "Humber Creek", "class": "River", "covered": true}, "geometry": {"type": "LineString", "coordinates": [[-79.530776, 43.693277], [-79.530566, 43.693192], [-79.530283, 43.693088], [-79.529995, 43.692992], [-79.5297, 43.692886], [-79.529404, 43.692757], [-79.529307, 43.69273], [-79.529151, 43.692667], [-79.528863, 43.692611], [-79.528572, 43.69263], [-79.528262, 43.692646], [-79.528012, 43.692602], [-79.527753, 43.69257], [-79.527507, 43.692595], [-79.527271, 43.692635], [-79.527158, 43.69266], [-79.527075, 43.692674], [-79.526856, 43.692727], [-79.526613, 43.692794], [-79.526343, 43.692872], [-79.526091, 43.692938], [-79.525816, 43.693015], [-79.52557, 43.69306], [-79.525295, 43.693028], [-79.525101, 43.692887], [-79.52482, 43.692795], [-79.524507, 43.692684], [-79.524461, 43.692449], [-79.524525, 43.692266], [-79.52452, 43.692256], [-79.524486, 43.692128], [-79.524396, 43.691929], [-79.52425, 43.691726], [-79.524017, 43.691597], [-79.523706, 43.691534], [-79.523385, 43.691527], [-79.523036, 43.691488], [-79.522682, 43.691361], [-79.522425, 43.691186], [-79.522373, 43.691033], [-79.522354, 43.690974], [-79.52218, 43.690746], [-79.521906, 43.690629], [-79.52164, 43.690596], [-79.521468, 43.690418], [-79.521219, 43.690284], [-79.52095, 43.690268], [-79.52069, 43.690304], [-79.520425, 43.690282], [-79.520181, 43.690272], [-79.519991, 43.690363], [-79.519777, 43.690449], [-79.519484, 43.690499], [-79.519216, 43.690504], [-79.518936, 43.690469], [-79.518616, 43.690433], [-79.518278, 43.690374], [-79.517985, 43.690304], [-79.517654, 43.690224], [-79.517315, 43.690138], [-79.517005, 43.690058], [-79.516698, 43.690008], [-79.516382, 43.689944], [-79.516064, 43.689863], [-79.515767, 43.689781], [-79.515458, 43.689725], [-79.515238, 43.689773], [-79.515197, 43.689779], [-79.515192, 43.689779], [-79.515033, 43.689807], [-79.514983, 43.689836]]}}, {"type": "Feature", "properties": {"name": "Keating Channel", "class": "River", "covered": true}, "geometry": {"type": "LineString", "coordinates": [[-79.354406, 43.647622], [-79.3546346, 43.6475128], [-79.3548632, 43.6474036], [-79.3550918, 43.6472944], [-79.3553204, 43.647185199999996], [-79.355549, 43.647076]]}}, {"type": "Feature", "properties": {"name": "Humber River", "class": "River", "covered": true}, "geometry": {"type": "LineString", "coordinates": [[-79.510238, 43.684137], [-79.510285, 43.684267], [-79.510364, 43.684445], [-79.510474, 43.684658], [-79.510647, 43.684975], [-79.510706, 43.685152], [-79.510765, 43.685329], [-79.510865, 43.685655], [-79.510879, 43.685701], [-79.51092700000001, 43.685888500000004], [-79.510975, 43.686076], [-79.5110435, 43.686266], [-79.511112, 43.686456], [-79.5111885, 43.686628999999996], [-79.511265, 43.686802], [-79.511413, 43.687095], [-79.51157500000001, 43.68724325], [-79.51173700000001, 43.687391500000004], [-79.511899, 43.68753975], [-79.512061, 43.687688], [-79.512354, 43.6879], [-79.51257, 43.688207], [-79.51266, 43.688484], [-79.512646, 43.688787], [-79.51261149999999, 43.6889835], [-79.512577, 43.68918], [-79.512546, 43.689351], [-79.51265, 43.689637], [-79.51265, 43.689637], [-79.5127615, 43.689825], [-79.512873, 43.690013], [-79.512917, 43.690202], [-79.512961, 43.690391], [-79.51301, 43.690517]]}}, {"type": "Feature", "properties": {"name": "Mimico Creek", "class": "River", "covered": true}, "geometry": {"type": "LineString", "coordinates": [[-79.487918, 43.625225], [-79.487671, 43.625156], [-79.487349, 43.625086], [-79.486949, 43.624992], [-79.486807, 43.624959], [-79.486687, 43.624914], [-79.486627, 43.624881], [-79.486573, 43.624839]]}}, {"type": "Feature", "properties": {"name": "Mimico Creek", "class": "River", "covered": true}, "geometry": {"type": "LineString", "coordinates": [[-79.486573, 43.624839], [-79.486562, 43.624758], [-79.486581, 43.624667], [-79.486639, 43.624571], [-79.486701, 43.624497], [-79.486798, 43.624418], [-79.487033, 43.624284], [-79.487111, 43.624202], [-79.487149, 43.624115], [-79.487141, 43.624059], [-79.486995, 43.623913]]}}, {"type": "Feature", "properties": {"name": "Mimico Creek", "class": "River", "covered": true}, "geometry": {"type": "LineString", "coordinates": [[-79.486995, 43.623913], [-79.486887, 43.623843], [-79.486708, 43.623811], [-79.486535, 43.623748], [-79.486362, 43.623645], [-79.486222, 43.623541], [-79.486081, 43.623428], [-79.485938, 43.623325], [-79.4858, 43.623208], [-79.485692, 43.623109], [-79.485654, 43.623052], [-79.485628, 43.622976], [-79.485592, 43.622919], [-79.485516, 43.622852], [-79.48532, 43.622781], [-79.485146, 43.622747], [-79.484952, 43.622722], [-79.484745, 43.622677], [-79.484545, 43.622632], [-79.484335, 43.622591], [-79.484146, 43.622537], [-79.483938, 43.62247], [-79.48374, 43.622402], [-79.483505, 43.622307], [-79.483281, 43.622226], [-79.483056, 43.622154], [-79.482831, 43.622091], [-79.482615, 43.622037], [-79.48242, 43.62201], [-79.482241, 43.62201], [-79.482092, 43.62201], [-79.481973, 43.621943]]}}, {"type": "Feature", "properties": {"name": "Mimico Creek", "class": "River", "covered": true}, "geometry": {"type": "LineString", "coordinates": [[-79.481973, 43.621943], [-79.481691, 43.621865], [-79.48146483333333, 43.621774], [-79.48123866666667, 43.621683], [-79.48101249999999, 43.621592], [-79.48078633333333, 43.621501], [-79.48056016666666, 43.62141], [-79.480334, 43.621319]]}}, {"type": "Feature", "properties": {"name": "Humber River W Branch", "class": "River", "covered": true}, "geometry": {"type": "LineString", "coordinates": [[-79.553961, 43.729658], [-79.553746, 43.729708]]}}, {"type": "Feature", "properties": {"name": "Humber River W Branch", "class": "River", "covered": true}, "geometry": {"type": "LineString", "coordinates": [[-79.562132, 43.730061], [-79.561778, 43.729918], [-79.56155749999999, 43.7298215], [-79.561337, 43.729725], [-79.56109649999999, 43.7296355], [-79.560856, 43.729546], [-79.56063499999999, 43.72945], [-79.560414, 43.729354], [-79.559996, 43.729177], [-79.5597785, 43.7290835], [-79.559561, 43.72899], [-79.559364, 43.728877], [-79.559167, 43.728764], [-79.558928, 43.728658], [-79.558806, 43.728523], [-79.558409, 43.728316], [-79.558064, 43.728097], [-79.55776, 43.727891], [-79.557385, 43.727779], [-79.556989, 43.727729], [-79.556565, 43.727759], [-79.5562, 43.727845], [-79.555907, 43.727967], [-79.555665, 43.728142], [-79.555515, 43.728365], [-79.555421, 43.728606], [-79.55537, 43.728832], [-79.555228, 43.729071], [-79.554978, 43.729281], [-79.554673, 43.729432], [-79.55435, 43.729534], [-79.554267, 43.729562], [-79.553961, 43.729658]]}}, {"type": "Feature", "properties": {"name": "Don River W Branch", "class": "River", "covered": true}, "geometry": {"type": "LineString", "coordinates": [[-79.43134, 43.757476], [-79.431054, 43.757542], [-79.430866, 43.757581], [-79.430794, 43.757596], [-79.430738, 43.757601], [-79.430691, 43.757603], [-79.430631, 43.757603], [-79.430571, 43.757598], [-79.43052, 43.757591], [-79.430464, 43.75758], [-79.430397, 43.757563], [-79.430345, 43.757543], [-79.430294, 43.757521], [-79.43025, 43.757498]]}}, {"type": "Feature", "properties": {"name": "Don River W Branch", "class": "River", "covered": true}, "geometry": {"type": "LineString", "coordinates": [[-79.43025, 43.757498], [-79.430249, 43.757498], [-79.430201, 43.757469], [-79.430158, 43.757436], [-79.430108, 43.757389], [-79.430069, 43.757343], [-79.430009, 43.757255]]}}, {"type": "Feature", "properties": {"name": "Sheppard Creek", "class": "Creek/Tributary", "covered": true}, "geometry": {"type": "LineString", "coordinates": [[-79.425351, 43.76014], [-79.425301, 43.760164], [-79.425234, 43.760191], [-79.425191, 43.760209], [-79.425148, 43.76023], [-79.425086, 43.760256], [-79.424995, 43.760294], [-79.424894, 43.760333], [-79.424894, 43.760333], [-79.424822, 43.760359], [-79.424729, 43.760394], [-79.424678, 43.760418], [-79.424648, 43.760434], [-79.42457, 43.760474], [-79.424504, 43.760512], [-79.424468, 43.760539], [-79.424446, 43.760561], [-79.424419, 43.760604], [-79.424391, 43.760667], [-79.424374, 43.760709], [-79.424367, 43.760764], [-79.424372, 43.760782], [-79.424377, 43.760801], [-79.424369, 43.760819], [-79.424367, 43.760836], [-79.424364, 43.760859], [-79.42437, 43.760879], [-79.424387, 43.760898], [-79.424413, 43.760917], [-79.424427, 43.760933], [-79.424437, 43.760944], [-79.42444, 43.760947], [-79.424443, 43.760958], [-79.424419, 43.760988], [-79.424378, 43.761008], [-79.424332, 43.761039], [-79.424284, 43.761063], [-79.424227, 43.761094], [-79.424222, 43.76111], [-79.424231, 43.761139], [-79.424238, 43.761159], [-79.42425, 43.761167], [-79.424284, 43.76117], [-79.42433, 43.761191], [-79.424374, 43.761212], [-79.424404, 43.761242], [-79.424402, 43.761273], [-79.424391, 43.761311], [-79.42436, 43.7614]]}}, {"type": "Feature", "properties": {"name": "Sheppard Creek", "class": "Creek/Tributary", "covered": true}, "geometry": {"type": "LineString", "coordinates": [[-79.43025, 43.757498], [-79.430091, 43.757638], [-79.429955, 43.757758], [-79.429782, 43.757906], [-79.429782, 43.757906], [-79.429646, 43.758024], [-79.429646, 43.758024], [-79.429572, 43.758086], [-79.42954, 43.758116], [-79.429505, 43.75813], [-79.429484, 43.758149], [-79.429472, 43.75818], [-79.429468, 43.758212], [-79.429468, 43.758247], [-79.429469, 43.758273], [-79.429456, 43.758294], [-79.429431, 43.758313], [-79.429398, 43.75832], [-79.429363, 43.758324], [-79.429336, 43.758322], [-79.429314, 43.758318], [-79.42929, 43.758321], [-79.429266, 43.758332], [-79.429252, 43.758348], [-79.42924, 43.758367], [-79.42924, 43.758367], [-79.429196, 43.758387], [-79.429124, 43.75842], [-79.429075, 43.758442], [-79.429013, 43.758465], [-79.428978, 43.758485], [-79.428958, 43.758508], [-79.428946, 43.758534], [-79.428924, 43.75856], [-79.428891, 43.758597], [-79.42886, 43.758633], [-79.428841, 43.758655], [-79.428837, 43.758679], [-79.428814, 43.758691], [-79.428766, 43.758713], [-79.428716, 43.758747], [-79.428667, 43.758804], [-79.428647, 43.758857], [-79.42861, 43.758889], [-79.428542, 43.758936], [-79.428494, 43.758979], [-79.428455, 43.759], [-79.428403, 43.759025], [-79.42834, 43.759051], [-79.428248, 43.759078], [-79.428172, 43.759095], [-79.427925, 43.759141], [-79.427803, 43.759164], [-79.427629, 43.7592], [-79.427423, 43.759245], [-79.427324, 43.75927], [-79.427293, 43.759277], [-79.427253, 43.759287], [-79.427213, 43.759293], [-79.427164, 43.759298], [-79.427112, 43.7593], [-79.427045, 43.759301], [-79.427002, 43.759303], [-79.426966, 43.759306], [-79.426912, 43.759313], [-79.426837, 43.759321], [-79.426766, 43.759332], [-79.426714, 43.759342], [-79.426656, 43.759358], [-79.426595, 43.759379], [-79.426524, 43.759404], [-79.426475, 43.759421], [-79.426411, 43.759451], [-79.426344, 43.759485], [-79.426209, 43.75956], [-79.426056, 43.759641], [-79.425967, 43.759694], [-79.425846, 43.759772], [-79.425755, 43.759829], [-79.425632, 43.759931], [-79.4255, 43.760031], [-79.425443, 43.760071], [-79.425351, 43.76014]]}}, {"type": "Feature", "properties": {"name": "East Highland Creek", "class": "River", "covered": true}, "geometry": {"type": "LineString", "coordinates": [[-79.278047, 43.811796], [-79.2778548, 43.811672800000004], [-79.2776626, 43.8115496], [-79.2774704, 43.8114264], [-79.2772782, 43.8113032], [-79.277086, 43.81118], [-79.2768938, 43.8110568], [-79.2767016, 43.8109336], [-79.2765094, 43.8108104], [-79.2763172, 43.8106872], [-79.276125, 43.810564], [-79.275871, 43.810401], [-79.275709, 43.810265], [-79.27557, 43.8100955], [-79.275431, 43.809926]]}}, {"type": "Feature", "properties": {"name": "Don River E Branch", "class": "River", "covered": true}, "geometry": {"type": "LineString", "coordinates": [[-79.33016, 43.752532], [-79.33022, 43.752375], [-79.330242, 43.75226], [-79.330232, 43.752197], [-79.330245, 43.752051], [-79.330257, 43.751877], [-79.330426, 43.751636], [-79.330421, 43.751625], [-79.33055, 43.75158], [-79.330639, 43.751488], [-79.330759, 43.751375], [-79.330848, 43.751258], [-79.330994, 43.751192], [-79.331189, 43.751162], [-79.331345, 43.751132], [-79.331427, 43.751021], [-79.331494, 43.750911], [-79.331619, 43.750834], [-79.331766, 43.750739], [-79.331925, 43.750669], [-79.332056, 43.750572], [-79.332205, 43.75049], [-79.332269, 43.750449]]}}, {"type": "Feature", "properties": {"name": "Don River E Branch", "class": "River", "covered": true}, "geometry": {"type": "LineString", "coordinates": [[-79.332269, 43.750449], [-79.332347, 43.7504], [-79.332535, 43.750325], [-79.332737, 43.750225], [-79.332879, 43.750082], [-79.332987, 43.749944], [-79.333077, 43.749791], [-79.333427, 43.749561]]}}, {"type": "Feature", "properties": {"name": "Humber River Trib", "class": "Creek/Tributary", "covered": true}, "geometry": {"type": "LineString", "coordinates": [[-79.486004, 43.642103], [-79.4860965, 43.6423025]]}}, {"type": "Feature", "properties": {"name": "Humber River Trib", "class": "Creek/Tributary", "covered": false}, "geometry": {"type": "LineString", "coordinates": [[-79.4860965, 43.6423025], [-79.486189, 43.642502], [-79.48625, 43.642634], [-79.486264, 43.642708], [-79.486271, 43.642797], [-79.486297, 43.642891], [-79.486325, 43.642952], [-79.486378, 43.643], [-79.486449, 43.643041], [-79.486556, 43.643071], [-79.486691, 43.643089], [-79.486843, 43.643097], [-79.486925, 43.643096], [-79.487068, 43.643067], [-79.487195, 43.643046], [-79.487542, 43.643004], [-79.487827, 43.642962], [-79.48812575, 43.64292275], [-79.48842450000001, 43.642883499999996], [-79.48872325, 43.64284425], [-79.489022, 43.642805]]}}, {"type": "Feature", "properties": {"name": "Humber River Trib", "class": "Creek/Tributary", "covered": true}, "geometry": {"type": "LineString", "coordinates": [[-79.480933, 43.638155], [-79.481039, 43.6383445]]}}, {"type": "Feature", "properties": {"name": "Humber River Trib", "class": "Creek/Tributary", "covered": false}, "geometry": {"type": "LineString", "coordinates": [[-79.481039, 43.6383445], [-79.481145, 43.638534], [-79.481323, 43.638663], [-79.48154008333334, 43.63876041666667], [-79.48175716666667, 43.63885783333333], [-79.48197425000001, 43.63895525], [-79.48219133333333, 43.639052666666664], [-79.48240841666667, 43.639150083333334], [-79.48262550000001, 43.639247499999996], [-79.48284258333334, 43.639344916666666], [-79.48305966666668, 43.639442333333335], [-79.48327675, 43.63953975], [-79.48349383333334, 43.63963716666667], [-79.48371091666667, 43.63973458333333], [-79.483928, 43.639832]]}}, {"type": "Feature", "properties": {"name": "Humber River", "class": "River", "covered": true}, "geometry": {"type": "LineString", "coordinates": [[-79.480933, 43.638155], [-79.481108, 43.63814], [-79.48136366666667, 43.638111333333335], [-79.48161933333334, 43.63808266666666], [-79.481875, 43.638054], [-79.4821515, 43.638037], [-79.482428, 43.63802], [-79.4827195, 43.6380115], [-79.483011, 43.638003], [-79.483244, 43.638006], [-79.483376, 43.638017], [-79.483616, 43.638039], [-79.483852, 43.638051], [-79.484052, 43.638093], [-79.48425, 43.638147], [-79.484396, 43.638219], [-79.484533, 43.638288], [-79.484674, 43.638368], [-79.484734, 43.638407], [-79.484833, 43.638476], [-79.48492, 43.638576], [-79.485045, 43.638823], [-79.485099, 43.639114], [-79.4851105, 43.639334], [-79.485122, 43.639554]]}}, {"type": "Feature", "properties": {"name": "Humber River", "class": "River", "covered": true}, "geometry": {"type": "LineString", "coordinates": [[-79.485122, 43.639554], [-79.485126, 43.639637], [-79.4851145, 43.639848], [-79.485103, 43.640059], [-79.485113, 43.640275], [-79.485071, 43.640615], [-79.485025, 43.640872], [-79.485005, 43.641229], [-79.485005, 43.641388], [-79.484996, 43.641565], [-79.48499, 43.641737], [-79.485064, 43.641918], [-79.485216, 43.642033], [-79.48544, 43.642093], [-79.485708, 43.642111], [-79.485974, 43.642106], [-79.486004, 43.642103]]}}, {"type": "Feature", "properties": {"name": "Humber River Trib", "class": "Creek/Tributary", "covered": true}, "geometry": {"type": "LineString", "coordinates": [[-79.485122, 43.639554], [-79.485529, 43.63967]]}}, {"type": "Feature", "properties": {"name": "Humber River Trib", "class": "Creek/Tributary", "covered": false}, "geometry": {"type": "LineString", "coordinates": [[-79.485529, 43.63967], [-79.485675, 43.639742], [-79.485792, 43.639818], [-79.485906, 43.640002], [-79.486023, 43.640192], [-79.486139, 43.640306], [-79.486309, 43.640417], [-79.486496, 43.640577], [-79.486767, 43.640837]]}}, {"type": "Feature", "properties": {"name": "Humber River Trib", "class": "Creek/Tributary", "covered": true}, "geometry": {"type": "LineString", "coordinates": [[-79.539443, 43.731972], [-79.539608, 43.732037], [-79.539641, 43.732061], [-79.539658, 43.732072], [-79.53969, 43.732078], [-79.539752, 43.73207], [-79.539822, 43.73206], [-79.539855, 43.732066], [-79.539892, 43.732065], [-79.53993, 43.732054], [-79.539972, 43.732031]]}}, {"type": "Feature", "properties": {"name": "Humber River Trib", "class": "Creek/Tributary", "covered": false}, "geometry": {"type": "LineString", "coordinates": [[-79.539972, 43.732031], [-79.540019, 43.732037], [-79.540074, 43.732044], [-79.540115, 43.732042], [-79.540174, 43.732033], [-79.540221, 43.732007], [-79.540278, 43.731991], [-79.540325, 43.731977], [-79.540347, 43.731974], [-79.540379, 43.731973], [-79.540413, 43.73197], [-79.54047, 43.731973]]}}, {"type": "Feature", "properties": {"name": "Humber River Trib", "class": "Creek/Tributary", "covered": true}, "geometry": {"type": "LineString", "coordinates": [[-79.54047, 43.731973], [-79.540517, 43.731979], [-79.54056, 43.731975], [-79.540591, 43.731973], [-79.540628, 43.731961], [-79.540656, 43.731963], [-79.540689, 43.731976], [-79.540743, 43.732009], [-79.540786, 43.732048], [-79.540829, 43.732082], [-79.540864, 43.732103], [-79.540891, 43.732129], [-79.540905, 43.732147], [-79.540907, 43.732166]]}}, {"type": "Feature", "properties": {"name": "Humber River", "class": "River", "covered": true}, "geometry": {"type": "LineString", "coordinates": [[-79.540723, 43.723644], [-79.540764, 43.723913], [-79.540966, 43.724228], [-79.5410465, 43.724401], [-79.541127, 43.724574], [-79.5412, 43.7247495], [-79.541273, 43.724925], [-79.541339, 43.725281], [-79.541304, 43.725627], [-79.541145, 43.725924], [-79.540866, 43.726127], [-79.54047, 43.726231], [-79.54004, 43.726253], [-79.539608, 43.726231], [-79.539197, 43.726321], [-79.538813, 43.726447], [-79.53848, 43.726636], [-79.538279, 43.726906], [-79.538229, 43.727258], [-79.538315, 43.727613], [-79.538437, 43.72796], [-79.538535, 43.728288], [-79.538665, 43.728617], [-79.538799, 43.72895], [-79.538864, 43.72926], [-79.538741, 43.729535], [-79.538619, 43.729841], [-79.538563, 43.730151], [-79.538534, 43.730507], [-79.538532, 43.730822], [-79.538504, 43.731119], [-79.538472, 43.731332], [-79.538461, 43.731403], [-79.538423, 43.731619], [-79.538463, 43.731772], [-79.538632, 43.731934], [-79.538922, 43.732069], [-79.53924, 43.732078], [-79.539443, 43.731972]]}}, {"type": "Feature", "properties": {"name": "Humber River W Branch", "class": "River", "covered": true}, "geometry": {"type": "LineString", "coordinates": [[-79.550876, 43.730197], [-79.550604, 43.730273], [-79.550251, 43.730396], [-79.549932, 43.730525], [-79.549705, 43.730617], [-79.549611, 43.730689], [-79.549561, 43.730778], [-79.549544, 43.730862], [-79.549553, 43.73092], [-79.549584, 43.730991], [-79.549687, 43.731149], [-79.549766, 43.731305], [-79.54983, 43.7315], [-79.549836, 43.731618], [-79.549823, 43.731721], [-79.549794, 43.731794], [-79.549746, 43.731859], [-79.549682, 43.731901], [-79.549581, 43.731923], [-79.549467, 43.731936], [-79.549331, 43.731939], [-79.549261, 43.731948], [-79.54919, 43.731988], [-79.549117, 43.732044], [-79.54909, 43.732081], [-79.549076, 43.732186], [-79.549069, 43.732317], [-79.5490745, 43.7325285], [-79.54908, 43.73274], [-79.549043, 43.732811], [-79.548869, 43.732946]]}}, {"type": "Feature", "properties": {"name": "Humber River", "class": "River", "covered": true}, "geometry": {"type": "LineString", "coordinates": [[-79.539443, 43.731972], [-79.539491, 43.731947], [-79.539414, 43.731659], [-79.53931, 43.731384], [-79.53924, 43.731123], [-79.539283, 43.730885], [-79.539436, 43.730664], [-79.539596, 43.73043], [-79.539784, 43.730192], [-79.539954, 43.729957], [-79.540146, 43.729782], [-79.540468, 43.72966], [-79.540802, 43.729527], [-79.54115, 43.729592], [-79.541554, 43.729646], [-79.541991, 43.729714], [-79.542378, 43.729794], [-79.54279, 43.729839], [-79.543219, 43.72992], [-79.543597, 43.730037], [-79.543906, 43.730199], [-79.544242, 43.73037], [-79.544558, 43.730572], [-79.544828, 43.730802], [-79.544855, 43.731018], [-79.54457, 43.731184], [-79.54427, 43.731355], [-79.544006, 43.731545], [-79.543842, 43.731783], [-79.543884, 43.732044], [-79.544077, 43.732274], [-79.54441, 43.732382], [-79.544516, 43.732401], [-79.544686, 43.732396], [-79.54486, 43.732343], [-79.544906, 43.732209], [-79.544922, 43.732072], [-79.544906, 43.731935], [-79.544955, 43.731782], [-79.545053, 43.731634], [-79.545192, 43.731508], [-79.545313, 43.731399], [-79.545459, 43.73133], [-79.54566, 43.731296], [-79.54586, 43.731307], [-79.546055, 43.731318], [-79.546304, 43.731365], [-79.546519, 43.731434], [-79.546899, 43.731528], [-79.547052, 43.731601], [-79.547236, 43.731749], [-79.547411, 43.731987], [-79.547613, 43.732208], [-79.547771, 43.732347], [-79.548103, 43.732554], [-79.548244, 43.732668], [-79.548364, 43.732765], [-79.548497, 43.732828], [-79.548869, 43.732946]]}}, {"type": "Feature", "properties": {"name": "Humber River E Branch", "class": "River", "covered": true}, "geometry": {"type": "LineString", "coordinates": [[-79.548869, 43.732946], [-79.549024, 43.733038], [-79.549207, 43.733147], [-79.549368, 43.733211], [-79.549499, 43.733238], [-79.549657, 43.733215], [-79.549763, 43.733188], [-79.549861, 43.733184], [-79.549962, 43.733205], [-79.550089, 43.733256], [-79.550202, 43.733311], [-79.55029, 43.733364], [-79.550353, 43.733449], [-79.550403, 43.733604], [-79.550459, 43.73385], [-79.550529, 43.734101]]}}, {"type": "Feature", "properties": {"name": "Humber River E Branch", "class": "River", "covered": true}, "geometry": {"type": "LineString", "coordinates": [[-79.550575, 43.734282], [-79.550558, 43.734609], [-79.550558, 43.734717], [-79.550479, 43.734804], [-79.550332, 43.73489], [-79.55004, 43.735048]]}}, {"type": "Feature", "properties": {"name": "Humber River E Branch", "class": "River", "covered": true}, "geometry": {"type": "LineString", "coordinates": [[-79.550529, 43.734101], [-79.550575, 43.734282]]}}, {"type": "Feature", "properties": {"name": "Black Creek", "class": "River", "covered": true}, "geometry": {"type": "LineString", "coordinates": [[-79.479705, 43.683745], [-79.479805, 43.683657], [-79.479843, 43.683624], [-79.479943, 43.683453], [-79.48001, 43.683282]]}}, {"type": "Feature", "properties": {"name": "Black Creek", "class": "River", "covered": true}, "geometry": {"type": "LineString", "coordinates": [[-79.48001, 43.683282], [-79.480088, 43.683109], [-79.480231, 43.682985], [-79.480366, 43.682837], [-79.48048, 43.68267], [-79.480625, 43.682488], [-79.48074636363637, 43.68231654545455], [-79.48086772727272, 43.68214509090909], [-79.48098909090909, 43.68197363636364], [-79.48111045454546, 43.681802181818185], [-79.48123181818183, 43.681630727272726], [-79.48135318181818, 43.681459272727274], [-79.48147454545455, 43.681287818181815], [-79.48159590909091, 43.68111636363636], [-79.48171727272728, 43.68094490909091], [-79.48183863636363, 43.68077345454545], [-79.48196, 43.680602], [-79.48208833333334, 43.680418], [-79.48221666666667, 43.680234], [-79.48234500000001, 43.68005], [-79.48247333333333, 43.679866000000004], [-79.48260166666667, 43.679682], [-79.48273, 43.679498], [-79.482822, 43.679354], [-79.482909, 43.679201], [-79.482978, 43.679048], [-79.483014, 43.67889], [-79.483037, 43.678824]]}}, {"type": "Feature", "properties": {"name": "Humber River", "class": "River", "covered": true}, "geometry": {"type": "LineString", "coordinates": [[-79.50744, 43.678909], [-79.507341, 43.679089], [-79.507242, 43.679269], [-79.507168, 43.67935], [-79.506937, 43.679597], [-79.50674699999999, 43.6797165], [-79.506557, 43.679836], [-79.5063365, 43.6799235], [-79.506116, 43.680011], [-79.505762, 43.680236], [-79.505645, 43.680400500000005], [-79.505528, 43.680565], [-79.505466, 43.68092], [-79.505504, 43.681107], [-79.505542, 43.681294], [-79.505633, 43.681645], [-79.505702, 43.68196], [-79.505969, 43.682226], [-79.506405, 43.682343], [-79.50666100000001, 43.682372], [-79.506917, 43.682401], [-79.5071825, 43.6824165], [-79.507448, 43.682432], [-79.50769650000001, 43.682413999999994], [-79.507945, 43.682396], [-79.50842, 43.682365], [-79.508447, 43.682365], [-79.508892, 43.682441], [-79.509249, 43.68263], [-79.509537, 43.682914], [-79.509778, 43.68322], [-79.510011, 43.683517], [-79.510117, 43.683823], [-79.510193, 43.684021]]}}, {"type": "Feature", "properties": {"name": "Humber River", "class": "River", "covered": true}, "geometry": {"type": "LineString", "coordinates": [[-79.520797, 43.698983], [-79.52094, 43.69928], [-79.520941, 43.699284], [-79.521043, 43.69953], [-79.52118, 43.699717], [-79.521434, 43.699869], [-79.521806, 43.700043], [-79.522099, 43.700163], [-79.522137, 43.700185], [-79.522353, 43.700279], [-79.52258699999999, 43.70037], [-79.522821, 43.700461], [-79.5230745, 43.700573], [-79.523328, 43.700685], [-79.52359200000001, 43.700773], [-79.523856, 43.700861], [-79.5241495, 43.7009545], [-79.524443, 43.701048], [-79.524707, 43.701143], [-79.524971, 43.701238], [-79.525274, 43.701329], [-79.525577, 43.70142], [-79.5258345, 43.7015355], [-79.526092, 43.701651], [-79.52637050000001, 43.7017695], [-79.526649, 43.701888], [-79.52691300000001, 43.7019775], [-79.527177, 43.702067], [-79.527214, 43.702079], [-79.52747500000001, 43.7021545], [-79.527736, 43.70223], [-79.5279955, 43.7022755], [-79.528255, 43.702321], [-79.52857, 43.702415], [-79.52878, 43.702561], [-79.528906, 43.702728500000006], [-79.529032, 43.702896], [-79.5291015, 43.703075], [-79.529171, 43.703254], [-79.529406, 43.703549], [-79.529715, 43.703824], [-79.530096, 43.704027], [-79.530383, 43.704301], [-79.530562, 43.704443], [-79.530741, 43.704585], [-79.53094899999999, 43.704684], [-79.531157, 43.704783], [-79.53143349999999, 43.704841], [-79.53171, 43.704899], [-79.531938, 43.704931]]}}, {"type": "Feature", "properties": {"name": "Black Creek", "class": "River", "covered": true}, "geometry": {"type": "LineString", "coordinates": [[-79.481052, 43.68878], [-79.481037, 43.688653], [-79.480968, 43.688557], [-79.480819, 43.688395], [-79.480691, 43.68822], [-79.480675, 43.688049], [-79.480696, 43.68786], [-79.480785, 43.687689], [-79.480944, 43.687549], [-79.4811, 43.687383], [-79.48113, 43.687212], [-79.480946, 43.687077], [-79.480881, 43.686897], [-79.480907, 43.686699], [-79.480959, 43.686483], [-79.480912, 43.686298], [-79.480831, 43.686113], [-79.48073, 43.685924], [-79.480618, 43.685735], [-79.48051, 43.685564], [-79.480423, 43.685375], [-79.480322, 43.685195], [-79.480177, 43.685029], [-79.480008, 43.684867], [-79.479875, 43.6847], [-79.479734, 43.684534], [-79.479574, 43.684376], [-79.479423, 43.684219], [-79.479363, 43.68407], [-79.479358, 43.684056], [-79.479418, 43.68393], [-79.479546, 43.683845], [-79.479705, 43.683745]]}}, {"type": "Feature", "properties": {"name": "Humber River", "class": "River", "covered": true}, "geometry": {"type": "LineString", "coordinates": [[-79.49254, 43.645654], [-79.492552, 43.645675], [-79.492671, 43.64583], [-79.492704, 43.645903], [-79.492786, 43.64621], [-79.492811, 43.64646], [-79.492818, 43.64673], [-79.492794, 43.646912], [-79.49277, 43.647119], [-79.492621, 43.647436], [-79.49252, 43.6476495], [-79.492419, 43.647863], [-79.492271, 43.648102], [-79.492036, 43.648385], [-79.49197, 43.648466]]}}, {"type": "Feature", "properties": {"name": "Humber River Trib", "class": "Creek/Tributary", "covered": true}, "geometry": {"type": "LineString", "coordinates": [[-79.49254, 43.645654], [-79.4928385, 43.6457405], [-79.493137, 43.645827], [-79.493251, 43.645883], [-79.493329, 43.646], [-79.493416, 43.646159], [-79.493529, 43.646254], [-79.493652, 43.646339], [-79.493757, 43.646419]]}}, {"type": "Feature", "properties": {"name": "Humber River", "class": "River", "covered": true}, "geometry": {"type": "LineString", "coordinates": [[-79.486004, 43.642103], [-79.486344, 43.642069], [-79.486663, 43.642025], [-79.487092, 43.641929], [-79.487505, 43.641809], [-79.487725, 43.641723999999996], [-79.487945, 43.641639], [-79.488212, 43.64152], [-79.488473, 43.64142733333333], [-79.48873400000001, 43.641334666666665], [-79.488995, 43.641242], [-79.489105, 43.641208], [-79.489288, 43.641194], [-79.489436, 43.641231], [-79.489657, 43.641357], [-79.489798, 43.641456], [-79.489902, 43.641553], [-79.489968, 43.641639], [-79.490098, 43.641843], [-79.490194, 43.641998], [-79.490222, 43.642054], [-79.49036, 43.642385], [-79.490457, 43.642688], [-79.490524, 43.642882], [-79.490591, 43.643076], [-79.4906885, 43.6432715], [-79.490786, 43.643467], [-79.490884, 43.64365], [-79.490982, 43.643833], [-79.49109150000001, 43.644014], [-79.491201, 43.644195], [-79.491358, 43.644423], [-79.491435, 43.644547], [-79.49155, 43.644714], [-79.491737, 43.644945], [-79.491885, 43.645087], [-79.492001, 43.645186], [-79.492207, 43.645347], [-79.492359, 43.645464], [-79.492433, 43.645526], [-79.492517, 43.645615], [-79.49254, 43.645654]]}}, {"type": "Feature", "properties": {"name": "Humber River", "class": "River", "covered": true}, "geometry": {"type": "LineString", "coordinates": [[-79.537826, 43.713508], [-79.537847, 43.71371], [-79.537935, 43.714007], [-79.53801, 43.714313], [-79.538207, 43.714579], [-79.538596, 43.714727], [-79.53903, 43.714849], [-79.539439, 43.714934], [-79.539847, 43.714983], [-79.540257, 43.715055], [-79.540475, 43.715141], [-79.540738, 43.715357], [-79.540772, 43.715631], [-79.540697, 43.715915], [-79.54066, 43.716005], [-79.540622, 43.716189], [-79.540688, 43.716536], [-79.540916, 43.716743], [-79.541298, 43.71686], [-79.541486, 43.716842], [-79.541685, 43.716824], [-79.542035, 43.716778], [-79.542417, 43.716769], [-79.54244, 43.716769], [-79.54256, 43.716787], [-79.5428665, 43.7168475], [-79.543173, 43.716908], [-79.543263, 43.716935], [-79.543651, 43.717151], [-79.543853, 43.71734], [-79.543856, 43.717345], [-79.543929, 43.717417], [-79.544078, 43.717705], [-79.544035, 43.718033], [-79.543976, 43.718132], [-79.54385, 43.71834], [-79.543704, 43.718619]]}}, {"type": "Feature", "properties": {"name": "Humber River", "class": "River", "covered": true}, "geometry": {"type": "LineString", "coordinates": [[-79.54341, 43.719132], [-79.543308, 43.719316], [-79.543231, 43.719474], [-79.543173, 43.719591], [-79.543163, 43.719774]]}}, {"type": "Feature", "properties": {"name": "Humber River", "class": "River", "covered": true}, "geometry": {"type": "LineString", "coordinates": [[-79.543163, 43.719774], [-79.54304300000001, 43.719969666666664], [-79.542923, 43.720165333333334], [-79.542803, 43.720361], [-79.5426785, 43.7205185], [-79.542554, 43.720676], [-79.54243, 43.720811], [-79.542266, 43.720969], [-79.541916, 43.721194], [-79.541699, 43.721342], [-79.541554, 43.721446], [-79.541227, 43.72168], [-79.540964, 43.721946], [-79.540788, 43.722265], [-79.54072, 43.722612], [-79.54073, 43.722963], [-79.540739, 43.723179], [-79.540753, 43.723242], [-79.540745, 43.7233], [-79.54071, 43.723562], [-79.540723, 43.723644]]}}, {"type": "Feature", "properties": {"name": "Humber River", "class": "River", "covered": true}, "geometry": {"type": "LineString", "coordinates": [[-79.491358, 43.651429], [-79.491496, 43.651626], [-79.4917285, 43.65177], [-79.491961, 43.651914], [-79.492221, 43.6520175], [-79.492481, 43.652121], [-79.49276950000001, 43.6521905], [-79.493058, 43.65226], [-79.49335350000001, 43.6522825], [-79.493649, 43.652305], [-79.493957, 43.652296], [-79.494265, 43.652287], [-79.494551, 43.6522445], [-79.494837, 43.652202], [-79.495141, 43.652150000000006], [-79.495445, 43.652098], [-79.4957335, 43.652078], [-79.496022, 43.652058], [-79.496381, 43.652011], [-79.496646, 43.651977], [-79.49695, 43.6519725], [-79.497254, 43.651968], [-79.49751, 43.6519755], [-79.497766, 43.651983], [-79.497861, 43.651986], [-79.4981655, 43.652024499999996], [-79.49847, 43.652063], [-79.498771, 43.652091999999996], [-79.499072, 43.652121], [-79.499394, 43.65213], [-79.499716, 43.652139], [-79.500028, 43.652155], [-79.50034, 43.652171], [-79.500642, 43.6522225], [-79.500944, 43.652274], [-79.501233, 43.652337], [-79.501522, 43.6524], [-79.50179499999999, 43.6524925], [-79.502068, 43.652585], [-79.50227749999999, 43.652731], [-79.502487, 43.652877], [-79.502633, 43.653046], [-79.502779, 43.653215], [-79.5028245, 43.653424], [-79.50287, 43.653633], [-79.502864, 43.653842499999996], [-79.502858, 43.654052], [-79.5028255, 43.654250000000005], [-79.502793, 43.654448], [-79.502691, 43.654799], [-79.502633, 43.654906], [-79.502508, 43.655136], [-79.50238150000001, 43.655305], [-79.502255, 43.655474], [-79.5020975, 43.6556315], [-79.50194, 43.655789], [-79.50177550000001, 43.6559355], [-79.501611, 43.656082], [-79.50142249999999, 43.656219], [-79.501234, 43.656356], [-79.501025, 43.656491], [-79.500816, 43.656626], [-79.5006105, 43.65675], [-79.500405, 43.656874], [-79.5002155, 43.65702], [-79.500026, 43.657166], [-79.4998805, 43.6573485], [-79.499735, 43.657531], [-79.49956, 43.657856], [-79.499529, 43.657913], [-79.499464, 43.658199], [-79.49944, 43.658305], [-79.49948, 43.6584965], [-79.49952, 43.658688], [-79.4996485, 43.6588655], [-79.499777, 43.659043], [-79.499961, 43.659194], [-79.500145, 43.659345], [-79.50037850000001, 43.659453], [-79.500612, 43.659561], [-79.5008325, 43.6596665], [-79.501053, 43.659772], [-79.501414, 43.659966], [-79.50148, 43.660002], [-79.50169650000001, 43.660141499999995], [-79.501913, 43.660281], [-79.50210200000001, 43.660418], [-79.502291, 43.660555], [-79.502457, 43.660676], [-79.502694, 43.660848], [-79.50288800000001, 43.660985], [-79.503082, 43.661122], [-79.503264, 43.661266], [-79.503446, 43.66141], [-79.5036, 43.661553999999995], [-79.503754, 43.661698], [-79.504093, 43.661946], [-79.504202, 43.662003], [-79.504467, 43.662139], [-79.504857, 43.662337], [-79.505144, 43.662549], [-79.505403, 43.662747], [-79.505522, 43.662805]]}}, {"type": "Feature", "properties": {"name": "Humber River", "class": "River", "covered": true}, "geometry": {"type": "LineString", "coordinates": [[-79.512212, 43.662634], [-79.512404, 43.662922], [-79.512494, 43.663122], [-79.512584, 43.663322], [-79.51263900000001, 43.6635155], [-79.512694, 43.663709], [-79.5127485, 43.663906999999995], [-79.512803, 43.664105], [-79.512836, 43.664311999999995], [-79.512869, 43.664519], [-79.512926, 43.664797]]}}, {"type": "Feature", "properties": {"name": "Humber River", "class": "River", "covered": true}, "geometry": {"type": "LineString", "coordinates": [[-79.512926, 43.664797], [-79.512955, 43.664938], [-79.513002, 43.6651405], [-79.513049, 43.665343], [-79.513065, 43.665549999999996], [-79.513081, 43.665757], [-79.5130785, 43.665962], [-79.513076, 43.666167], [-79.5130315, 43.666356], [-79.512987, 43.666545], [-79.512798, 43.66686], [-79.512529, 43.667143], [-79.512164, 43.667355], [-79.5119755, 43.6674745], [-79.511787, 43.667594], [-79.5116225, 43.6677445], [-79.511458, 43.667895], [-79.51136600000001, 43.6680865], [-79.511274, 43.668278], [-79.511309, 43.668467], [-79.511344, 43.668656], [-79.5114155, 43.668856], [-79.511487, 43.669056], [-79.51151, 43.669124]]}}, {"type": "Feature", "properties": {"name": "Humber River Trib", "class": "Creek/Tributary", "covered": true}, "geometry": {"type": "LineString", "coordinates": [[-79.512926, 43.664797], [-79.5132, 43.664793], [-79.513248, 43.664801], [-79.513283, 43.664791], [-79.513315, 43.664793], [-79.51333, 43.664803], [-79.513348, 43.664811], [-79.513375, 43.664811], [-79.513406, 43.6648], [-79.513489, 43.66477], [-79.513555, 43.664756], [-79.513582, 43.66475], [-79.513601, 43.664745], [-79.51362, 43.664748], [-79.51364, 43.664757], [-79.513708, 43.664745]]}}, {"type": "Feature", "properties": {"name": "Humber River Trib", "class": "Creek/Tributary", "covered": false}, "geometry": {"type": "LineString", "coordinates": [[-79.514611, 43.664828], [-79.514704, 43.664831], [-79.514803, 43.664829], [-79.514868, 43.664826], [-79.514958, 43.664821], [-79.515103, 43.66479], [-79.515292, 43.664783], [-79.515453, 43.664766], [-79.515595, 43.664746], [-79.515805, 43.66471], [-79.515957, 43.664651], [-79.516116, 43.66459], [-79.51627, 43.664544], [-79.516453, 43.664501], [-79.516554, 43.664462], [-79.516623, 43.664454], [-79.51669, 43.664457], [-79.51676, 43.664471], [-79.51684, 43.664492], [-79.516938, 43.664521], [-79.516993, 43.664532], [-79.517032, 43.664536], [-79.517102, 43.66453]]}}, {"type": "Feature", "properties": {"name": "Humber River Trib", "class": "Creek/Tributary", "covered": true}, "geometry": {"type": "LineString", "coordinates": [[-79.513708, 43.664745], [-79.513776, 43.664729], [-79.513868, 43.664707], [-79.513938, 43.664687], [-79.514004, 43.664672], [-79.514039, 43.664667], [-79.514076, 43.664667], [-79.514076, 43.664667], [-79.514109, 43.664681], [-79.514136, 43.664706], [-79.514153, 43.664733], [-79.514166, 43.664761], [-79.514174, 43.664786], [-79.514185, 43.664804], [-79.514204, 43.664814], [-79.514225, 43.664819], [-79.514248, 43.664821], [-79.514272, 43.664815], [-79.514309, 43.664805], [-79.514309, 43.664805]]}}, {"type": "Feature", "properties": {"name": "Humber River Trib", "class": "Creek/Tributary", "covered": false}, "geometry": {"type": "LineString", "coordinates": [[-79.514309, 43.664805], [-79.514354, 43.66481], [-79.51441, 43.664823], [-79.514451, 43.66483], [-79.514486, 43.66483], [-79.514529, 43.664821], [-79.514611, 43.664828]]}}, {"type": "Feature", "properties": {"name": "Humber River", "class": "River", "covered": true}, "geometry": {"type": "LineString", "coordinates": [[-79.475156, 43.63387], [-79.475499, 43.634107], [-79.475702, 43.634436], [-79.475838, 43.634755], [-79.476009, 43.635039], [-79.476175, 43.635354], [-79.476251, 43.635484], [-79.476331, 43.635689], [-79.476411, 43.635894]]}}, {"type": "Feature", "properties": {"name": "Humber River", "class": "River", "covered": true}, "geometry": {"type": "LineString", "coordinates": [[-79.476411, 43.635894], [-79.476496, 43.636111], [-79.476581, 43.636328], [-79.47665033333332, 43.636546], [-79.47671966666667, 43.636764], [-79.476789, 43.636982], [-79.47687166666667, 43.63715333333334], [-79.47695433333332, 43.637324666666665], [-79.477037, 43.637496], [-79.4771565, 43.6376555], [-79.477276, 43.637815], [-79.477616, 43.63805], [-79.477979, 43.638179], [-79.47823, 43.638204], [-79.478481, 43.638229], [-79.47882849999999, 43.638246], [-79.479176, 43.638263], [-79.47949033333333, 43.63825166666667], [-79.47980466666667, 43.638240333333336], [-79.480119, 43.638229], [-79.48039033333333, 43.638204333333334], [-79.48066166666666, 43.638179666666666], [-79.480933, 43.638155]]}}, {"type": "Feature", "properties": {"name": "Humber River Trib", "class": "Creek/Tributary", "covered": true}, "geometry": {"type": "LineString", "coordinates": [[-79.476411, 43.635894], [-79.476825, 43.6359], [-79.476992, 43.635924], [-79.477094, 43.635959], [-79.477183, 43.636002], [-79.477348, 43.636143], [-79.477499, 43.636364], [-79.477689, 43.636673], [-79.477851, 43.636911], [-79.478008, 43.637083], [-79.478212, 43.637222], [-79.478531, 43.637341]]}}, {"type": "Feature", "properties": {"name": "Trib. Don River", "class": "Creek/Tributary", "covered": false}, "geometry": {"type": "LineString", "coordinates": [[-79.35762, 43.694647], [-79.357721, 43.694624], [-79.358009, 43.694546]]}}, {"type": "Feature", "properties": {"name": "Trib. Don River", "class": "Creek/Tributary", "covered": true}, "geometry": {"type": "LineString", "coordinates": [[-79.358009, 43.694546], [-79.358322, 43.694432], [-79.358673, 43.69427], [-79.35885, 43.69402], [-79.358869, 43.693987]]}}, {"type": "Feature", "properties": {"name": "Trib. Don River", "class": "Creek/Tributary", "covered": true}, "geometry": {"type": "LineString", "coordinates": [[-79.358869, 43.693987], [-79.35876, 43.693939], [-79.358719, 43.693921], [-79.358712, 43.693897], [-79.358689, 43.693874], [-79.358652, 43.693847], [-79.358615, 43.693839], [-79.358558, 43.693826], [-79.358367, 43.693804]]}}, {"type": "Feature", "properties": {"name": "Trib. Don River", "class": "Creek/Tributary", "covered": true}, "geometry": {"type": "LineString", "coordinates": [[-79.358367, 43.693804], [-79.358248, 43.693791], [-79.357932, 43.693847]]}}, {"type": "Feature", "properties": {"name": "Trib. Don River", "class": "Creek/Tributary", "covered": false}, "geometry": {"type": "LineString", "coordinates": [[-79.357932, 43.693847], [-79.357744, 43.693889], [-79.357552, 43.693964], [-79.357357, 43.694065], [-79.357081, 43.694192]]}}, {"type": "Feature", "properties": {"name": "Black Creek", "class": "River", "covered": true}, "geometry": {"type": "LineString", "coordinates": [[-79.49627, 43.734871], [-79.49647, 43.734842], [-79.496775, 43.734767], [-79.496913, 43.73483], [-79.496973, 43.734834], [-79.497028, 43.734828], [-79.497065, 43.734813], [-79.497086, 43.73478], [-79.497118, 43.734751], [-79.497148, 43.734736], [-79.497203, 43.734725], [-79.497261, 43.734718], [-79.4973, 43.734715], [-79.497364, 43.734718], [-79.497419, 43.73472], [-79.497457, 43.734726], [-79.497492, 43.734745], [-79.497518, 43.734766], [-79.497535, 43.734788], [-79.49756, 43.734831], [-79.497577, 43.734861], [-79.497594, 43.734881], [-79.49763, 43.734907], [-79.497781, 43.734977], [-79.497954, 43.734876], [-79.497942, 43.734716], [-79.497946, 43.734624], [-79.498032, 43.734563], [-79.498165, 43.734549], [-79.498219, 43.734543], [-79.498463, 43.734599], [-79.498573, 43.734799], [-79.498727, 43.734898], [-79.498884, 43.734796], [-79.499036, 43.734715], [-79.499186, 43.734635], [-79.499349, 43.734571], [-79.499511, 43.734512], [-79.499683, 43.734493], [-79.499884, 43.734447], [-79.500077, 43.734396], [-79.500283, 43.734333], [-79.500488, 43.734257], [-79.500708, 43.734198], [-79.500937, 43.734212], [-79.501087, 43.734318], [-79.50119, 43.734482], [-79.501357, 43.734563], [-79.501493, 43.73442]]}}, {"type": "Feature", "properties": {"name": "Black Creek", "class": "River", "covered": false}, "geometry": {"type": "LineString", "coordinates": [[-79.501493, 43.73442], [-79.50168, 43.734341], [-79.501863, 43.734409]]}}, {"type": "Feature", "properties": {"name": "Black Creek", "class": "River", "covered": true}, "geometry": {"type": "LineString", "coordinates": [[-79.501863, 43.734409], [-79.501977, 43.734564], [-79.502082, 43.734485], [-79.502122, 43.734311], [-79.502294, 43.734252], [-79.502566, 43.734241], [-79.502796, 43.734314], [-79.502922, 43.734442], [-79.503059, 43.734554], [-79.503293, 43.734499], [-79.50352, 43.734526], [-79.503769, 43.734488], [-79.504033, 43.734437], [-79.504289, 43.734406], [-79.504545, 43.734395], [-79.504803, 43.734418], [-79.505055, 43.734472], [-79.505299, 43.734478], [-79.505538, 43.734462], [-79.505789, 43.734491], [-79.506046, 43.73452], [-79.50631, 43.734521], [-79.506511, 43.734495], [-79.506731, 43.734443], [-79.506951, 43.734381], [-79.507123, 43.734308], [-79.507253, 43.734252], [-79.507392, 43.734166], [-79.507581, 43.73409], [-79.507761, 43.734016], [-79.507929, 43.733973], [-79.508144, 43.733945], [-79.508357, 43.733886], [-79.508591, 43.73383], [-79.508843, 43.733764], [-79.509097, 43.733696], [-79.509306, 43.733666], [-79.509535, 43.733612], [-79.509668, 43.733452], [-79.509866, 43.733338], [-79.510114, 43.733349], [-79.510386, 43.733363], [-79.510625, 43.733271], [-79.510839, 43.733133], [-79.51101, 43.733021], [-79.51125, 43.732952], [-79.511541, 43.732892]]}}, {"type": "Feature", "properties": {"name": "Black Creek", "class": "River", "covered": true}, "geometry": {"type": "LineString", "coordinates": [[-79.50664, 43.718695], [-79.506582, 43.718557], [-79.506554, 43.718459], [-79.506548, 43.71843], [-79.50654, 43.718394], [-79.506506, 43.718139]]}}, {"type": "Feature", "properties": {"name": "Black Creek", "class": "River", "covered": true}, "geometry": {"type": "LineString", "coordinates": [[-79.506428, 43.717485], [-79.506396, 43.717198], [-79.506482, 43.717028], [-79.506649, 43.716881], [-79.506811, 43.716775], [-79.507041, 43.716682], [-79.507349, 43.71655], [-79.507437, 43.716491]]}}, {"type": "Feature", "properties": {"name": "Black Creek", "class": "River", "covered": true}, "geometry": {"type": "LineString", "coordinates": [[-79.511541, 43.732892], [-79.511821, 43.73284], [-79.512038, 43.732789], [-79.512281, 43.732678], [-79.512517, 43.732556], [-79.512767, 43.73246], [-79.512944, 43.732335], [-79.51317, 43.732202], [-79.513412, 43.732223], [-79.513646, 43.732356], [-79.513923, 43.732428], [-79.514193, 43.732362], [-79.51446, 43.732301], [-79.514763, 43.732323], [-79.515026, 43.732391], [-79.515281, 43.732498], [-79.515546, 43.732582], [-79.51581, 43.732672], [-79.516037, 43.732769], [-79.516219, 43.732855], [-79.51629, 43.732872], [-79.51634, 43.732854], [-79.516357, 43.732797], [-79.51631, 43.732634], [-79.516334, 43.732471], [-79.516425, 43.732374], [-79.516675, 43.73236], [-79.516945, 43.732306], [-79.517203, 43.7323], [-79.517464, 43.732327], [-79.517723, 43.732309], [-79.517939, 43.732208], [-79.518115, 43.732088], [-79.518234, 43.732055], [-79.518347, 43.732098], [-79.518363, 43.732258], [-79.518349, 43.732402], [-79.518414, 43.732427], [-79.518493, 43.732422], [-79.518577, 43.732361], [-79.518766, 43.73219], [-79.518972, 43.732063], [-79.519212, 43.732092], [-79.519293, 43.73206], [-79.519337, 43.731987], [-79.519243, 43.73174], [-79.519029, 43.731619], [-79.518848, 43.731581], [-79.518808, 43.731547], [-79.518805, 43.731485], [-79.518826, 43.731335], [-79.518751, 43.731113], [-79.51865, 43.731009], [-79.518609, 43.730944], [-79.518632, 43.730897], [-79.518713, 43.730792], [-79.518958, 43.73064], [-79.519078, 43.730383], [-79.519055, 43.730102], [-79.51902, 43.729868], [-79.518899, 43.729625], [-79.518759, 43.7294], [-79.518564, 43.729212], [-79.518307, 43.729047], [-79.518042, 43.72894], [-79.517757, 43.728876], [-79.517562, 43.728737], [-79.517433, 43.728665], [-79.517237, 43.728601], [-79.51712, 43.728392], [-79.517002, 43.728225], [-79.517139, 43.728047], [-79.517148, 43.727833], [-79.517086, 43.727677], [-79.516987, 43.7275], [-79.516959, 43.727476], [-79.516926, 43.727471], [-79.51674, 43.727459], [-79.516572, 43.727448], [-79.516508, 43.727438], [-79.516431, 43.727414], [-79.516431, 43.727414], [-79.516399, 43.727374], [-79.516385, 43.727281], [-79.516411, 43.727182], [-79.516509, 43.726949], [-79.516497, 43.726797], [-79.516562, 43.726733]]}}, {"type": "Feature", "properties": {"name": "Black Creek", "class": "River", "covered": true}, "geometry": {"type": "LineString", "coordinates": [[-79.50885, 43.721939], [-79.508663, 43.721852], [-79.50839, 43.721715], [-79.508117, 43.721567], [-79.508062, 43.721529], [-79.507857, 43.721389], [-79.507808, 43.721243], [-79.507721, 43.721043]]}}, {"type": "Feature", "properties": {"name": "Black Creek", "class": "River", "covered": true}, "geometry": {"type": "LineString", "coordinates": [[-79.512461, 43.723125], [-79.511993, 43.723234], [-79.511906, 43.723249], [-79.511718, 43.723251], [-79.511593, 43.723265], [-79.511387, 43.7233], [-79.511197, 43.723309], [-79.511069, 43.723319], [-79.510987, 43.72332], [-79.510898, 43.723312], [-79.510798, 43.723298], [-79.510724, 43.723281], [-79.510664, 43.723261], [-79.510579, 43.723236], [-79.510499, 43.723202], [-79.510431, 43.723165], [-79.51035, 43.723111], [-79.510277, 43.723047], [-79.510156, 43.722942], [-79.509936, 43.722723], [-79.5097575, 43.722554], [-79.509579, 43.722385], [-79.509483, 43.722294], [-79.509425, 43.722251], [-79.509373, 43.722211], [-79.50931, 43.722174], [-79.509155, 43.722099], [-79.50885, 43.721939]]}}, {"type": "Feature", "properties": {"name": "Black Creek", "class": "River", "covered": true}, "geometry": {"type": "LineString", "coordinates": [[-79.516562, 43.726733], [-79.51666, 43.726602], [-79.516699, 43.726529], [-79.516734, 43.726461], [-79.516759, 43.726394], [-79.516747, 43.726339], [-79.516724, 43.726292], [-79.516681, 43.726236], [-79.516632, 43.726153], [-79.51658, 43.726098], [-79.516484, 43.726029], [-79.51643, 43.725961], [-79.516445, 43.725875], [-79.516459, 43.725797], [-79.51645, 43.725705], [-79.516436, 43.725553], [-79.516446, 43.725493], [-79.516494, 43.725435], [-79.516527, 43.725412], [-79.516601, 43.725405], [-79.516702, 43.725397], [-79.516772, 43.725376], [-79.516835, 43.725358], [-79.51694, 43.725331], [-79.517049, 43.725311], [-79.517138, 43.725288], [-79.517173, 43.725246], [-79.517168, 43.725167], [-79.517128, 43.725073], [-79.517078, 43.724957], [-79.517051, 43.72483], [-79.517044, 43.724726], [-79.517052, 43.724627], [-79.517097, 43.724538], [-79.517121, 43.724469], [-79.517124, 43.72439], [-79.517103, 43.724315], [-79.517068, 43.724233], [-79.51704, 43.724168], [-79.516999, 43.724125], [-79.516929, 43.72408], [-79.51683, 43.724036], [-79.516714, 43.723998], [-79.516618, 43.723942], [-79.516542, 43.723879], [-79.516434, 43.723831], [-79.516329, 43.723781], [-79.516277, 43.723761], [-79.516222, 43.723756], [-79.516162, 43.723773], [-79.516116, 43.723773], [-79.516036, 43.723706], [-79.515979, 43.723644], [-79.515901, 43.723606], [-79.515835, 43.723589], [-79.515769, 43.723557], [-79.515742, 43.723521], [-79.515746, 43.723474], [-79.515806, 43.72339], [-79.515871, 43.723318], [-79.515905, 43.72327], [-79.515909, 43.723227], [-79.515914, 43.723178], [-79.515899, 43.72315], [-79.515851, 43.723124], [-79.51561, 43.723075], [-79.515438, 43.723075], [-79.5153, 43.723104], [-79.515239, 43.723197], [-79.515163, 43.723267], [-79.515095, 43.723297], [-79.514965, 43.723309], [-79.514733, 43.723288], [-79.514555, 43.723272], [-79.514478, 43.723265], [-79.514384, 43.723295], [-79.51423, 43.723361], [-79.514082, 43.723424], [-79.513901, 43.723482], [-79.51374, 43.723497], [-79.513591, 43.723467], [-79.513414, 43.723407], [-79.513286, 43.723341], [-79.513172, 43.72325], [-79.51312, 43.723208], [-79.513034, 43.723178], [-79.512915, 43.723141], [-79.512671, 43.723113], [-79.512461, 43.723125]]}}, {"type": "Feature", "properties": {"name": "Don River", "class": "River", "covered": true}, "geometry": {"type": "LineString", "coordinates": [[-79.360694, 43.692469], [-79.360313, 43.692262]]}}, {"type": "Feature", "properties": {"name": "Don River", "class": "River", "covered": true}, "geometry": {"type": "LineString", "coordinates": [[-79.360313, 43.692262], [-79.360044, 43.692074]]}}, {"type": "Feature", "properties": {"name": "Don River", "class": "River", "covered": true}, "geometry": {"type": "LineString", "coordinates": [[-79.360044, 43.692074], [-79.35999100000001, 43.691852999999995], [-79.359938, 43.691632], [-79.360055, 43.691292], [-79.360271, 43.690968], [-79.360496, 43.690672], [-79.360698, 43.690352], [-79.3608175, 43.6901655], [-79.360937, 43.689979], [-79.361062, 43.689799], [-79.361187, 43.689619], [-79.3612905, 43.689425], [-79.361394, 43.689231], [-79.361535, 43.689043], [-79.361676, 43.688855], [-79.36187, 43.688677]]}}, {"type": "Feature", "properties": {"name": "Trib. Don River", "class": "Creek/Tributary", "covered": true}, "geometry": {"type": "LineString", "coordinates": [[-79.358869, 43.693987], [-79.35899, 43.693777]]}}, {"type": "Feature", "properties": {"name": "Trib. Don River", "class": "Creek/Tributary", "covered": false}, "geometry": {"type": "LineString", "coordinates": [[-79.35899, 43.693777], [-79.359271, 43.693492], [-79.35953, 43.693204]]}}, {"type": "Feature", "properties": {"name": "Trib. Don River", "class": "Creek/Tributary", "covered": true}, "geometry": {"type": "LineString", "coordinates": [[-79.35953, 43.693204], [-79.359704, 43.692918], [-79.359877, 43.692608], [-79.359941, 43.692354], [-79.360044, 43.692074]]}}, {"type": "Feature", "properties": {"name": "Don River", "class": "River", "covered": true}, "geometry": {"type": "LineString", "coordinates": [[-79.359849, 43.695356], [-79.359997, 43.695307], [-79.360329, 43.695132], [-79.360651, 43.694947], [-79.360981, 43.694698], [-79.361324, 43.694455], [-79.3615615, 43.694307499999994], [-79.361799, 43.69416], [-79.361908, 43.693939], [-79.361895, 43.693802], [-79.361763, 43.693479], [-79.3616565, 43.6933095], [-79.36155, 43.69314], [-79.3614025, 43.6929585], [-79.361255, 43.692777], [-79.360871, 43.69256], [-79.360694, 43.692469]]}}, {"type": "Feature", "properties": {"name": "Cudmore Creek", "class": "Creek/Tributary", "covered": true}, "geometry": {"type": "LineString", "coordinates": [[-79.365046, 43.69277], [-79.365043, 43.692763], [-79.364974, 43.69261], [-79.364879, 43.692423], [-79.364701, 43.692197], [-79.364542, 43.691946], [-79.364403, 43.691679], [-79.364237, 43.691374], [-79.36412, 43.69115], [-79.363973, 43.690905], [-79.364037, 43.690628], [-79.364146, 43.69036], [-79.364066, 43.69006], [-79.363829, 43.689859], [-79.363598, 43.689761], [-79.363472, 43.689737], [-79.363424, 43.689699], [-79.363334, 43.689654]]}}, {"type": "Feature", "properties": {"name": "Cudmore Creek", "class": "Creek/Tributary", "covered": true}, "geometry": {"type": "LineString", "coordinates": [[-79.363334, 43.689654], [-79.363246, 43.689608], [-79.363107, 43.689534], [-79.362972, 43.689523], [-79.362939, 43.689505], [-79.362767, 43.689376], [-79.362716, 43.689284]]}}, {"type": "Feature", "properties": {"name": "Don River E Branch", "class": "River", "covered": true}, "geometry": {"type": "LineString", "coordinates": [[-79.395909, 43.802242], [-79.395742, 43.802193], [-79.395499, 43.80224], [-79.395437, 43.802264], [-79.395367, 43.802272], [-79.395286, 43.802254], [-79.3952, 43.802216], [-79.395132, 43.802161], [-79.395103, 43.802088], [-79.395158, 43.802016], [-79.3952, 43.801963], [-79.395226, 43.801903], [-79.395229, 43.801801], [-79.395218, 43.801726], [-79.395166, 43.801626], [-79.395102, 43.801568], [-79.395031, 43.80153], [-79.394949, 43.801473], [-79.394864, 43.801417], [-79.394781, 43.801369], [-79.3947, 43.801273], [-79.394675, 43.801193], [-79.394725, 43.801101], [-79.394794, 43.801023], [-79.394867, 43.800985], [-79.394927, 43.800955], [-79.395012, 43.800917]]}}, {"type": "Feature", "properties": {"name": "Don River E Branch", "class": "River", "covered": false}, "geometry": {"type": "LineString", "coordinates": [[-79.395012, 43.800917], [-79.395084, 43.80085], [-79.395094, 43.800768], [-79.395041, 43.800671], [-79.394965, 43.800616], [-79.394845, 43.800598]]}}, {"type": "Feature", "properties": {"name": "Don River E Branch", "class": "River", "covered": true}, "geometry": {"type": "LineString", "coordinates": [[-79.394845, 43.800598], [-79.394712, 43.800597], [-79.394589, 43.800602], [-79.394429, 43.800608], [-79.394253, 43.800598], [-79.394113, 43.80057], [-79.394007, 43.800523], [-79.393901, 43.800471], [-79.393813, 43.800398], [-79.393741, 43.800332], [-79.393672, 43.800252], [-79.393617, 43.800184], [-79.393599, 43.800134], [-79.393594, 43.800075], [-79.393651, 43.799969], [-79.393671, 43.799787]]}}, {"type": "Feature", "properties": {"name": "Don River E Branch", "class": "River", "covered": true}, "geometry": {"type": "LineString", "coordinates": [[-79.343902, 43.756497], [-79.343862, 43.75626], [-79.343866, 43.756229], [-79.343862, 43.756113], [-79.343856, 43.756011], [-79.343858, 43.755913], [-79.343825, 43.755821], [-79.343773, 43.755724], [-79.343718, 43.755629], [-79.343674, 43.755532], [-79.343633, 43.755429], [-79.343609, 43.755342], [-79.343628, 43.755227], [-79.343711, 43.755152], [-79.343835, 43.755067], [-79.34397, 43.754995], [-79.344107, 43.754955], [-79.344373, 43.754924], [-79.344413, 43.754919], [-79.344534, 43.754905], [-79.344668, 43.754881], [-79.344794, 43.754831], [-79.344994, 43.754743], [-79.345152, 43.754678], [-79.345248, 43.754627], [-79.345339, 43.754562], [-79.345436, 43.75449], [-79.345504, 43.754426], [-79.345564, 43.754361], [-79.345615, 43.754281], [-79.34565, 43.754191], [-79.345663, 43.754108], [-79.345662, 43.754015], [-79.345632, 43.753883], [-79.345619, 43.753762], [-79.345608, 43.753663], [-79.345581, 43.753571], [-79.345539, 43.753482], [-79.345506, 43.753406], [-79.345453, 43.753336], [-79.345397, 43.75326], [-79.345362, 43.753184], [-79.345325, 43.753087], [-79.345305, 43.752984], [-79.345287, 43.75289], [-79.345297, 43.752819], [-79.345368, 43.752709], [-79.345433, 43.752628], [-79.345507, 43.75256], [-79.345598, 43.75248], [-79.345772, 43.752309], [-79.34588, 43.752203], [-79.345999, 43.752065], [-79.346083, 43.751975], [-79.346167, 43.751869], [-79.346228, 43.75178], [-79.346284, 43.751702], [-79.346355, 43.751628], [-79.346393, 43.751587], [-79.346406, 43.751547], [-79.346399, 43.751507], [-79.346354, 43.751455], [-79.346257, 43.751402], [-79.346141, 43.751359], [-79.346006, 43.751324], [-79.345875, 43.751286], [-79.345757, 43.751252], [-79.345641, 43.751202], [-79.345559, 43.751148], [-79.345489, 43.751108], [-79.345402, 43.751072], [-79.345297, 43.751042], [-79.3452, 43.751026], [-79.345115, 43.751017], [-79.345022, 43.75101], [-79.344853, 43.750988], [-79.344816, 43.750987], [-79.344677, 43.750986], [-79.344564, 43.750992], [-79.344476, 43.750975], [-79.344373, 43.750962], [-79.344267, 43.750959], [-79.344131, 43.750955], [-79.344, 43.750956], [-79.343859, 43.750962], [-79.343674, 43.75098], [-79.343636, 43.75098], [-79.343508, 43.75097], [-79.343387, 43.750956], [-79.343253, 43.750939], [-79.343125, 43.750926], [-79.343017, 43.75091], [-79.342914, 43.750889], [-79.342812, 43.750866], [-79.342711, 43.750838], [-79.342609, 43.750793], [-79.342526, 43.750737], [-79.342482, 43.750659], [-79.342467, 43.750559], [-79.34248, 43.750468], [-79.342531, 43.750349], [-79.342564, 43.750211], [-79.342598, 43.750105], [-79.342599, 43.750022], [-79.342601, 43.749955], [-79.342604, 43.749848], [-79.342588, 43.749766], [-79.342547, 43.749686], [-79.342481, 43.749596], [-79.342416, 43.749512], [-79.342349, 43.749418], [-79.342298, 43.749339], [-79.342265, 43.749271], [-79.342235, 43.7492], [-79.342194, 43.749118], [-79.342185, 43.749024], [-79.342209, 43.74892], [-79.34225, 43.748837], [-79.342289, 43.748705], [-79.342337, 43.748608], [-79.34241, 43.748483], [-79.342426, 43.748399], [-79.342444, 43.74832], [-79.342449, 43.748225], [-79.342422, 43.74808], [-79.342386, 43.747978], [-79.342351, 43.747862], [-79.342324, 43.747788], [-79.342298, 43.747688], [-79.34227, 43.747598], [-79.342216, 43.747517], [-79.342148, 43.747456], [-79.342072, 43.747419], [-79.341933, 43.747377], [-79.34182, 43.747365], [-79.341719, 43.747346], [-79.341603, 43.747333], [-79.341481, 43.747317], [-79.341382, 43.747303], [-79.341283, 43.747282], [-79.341181, 43.747258], [-79.341066, 43.747209], [-79.340976, 43.747147], [-79.340857, 43.747083], [-79.340766, 43.747038], [-79.340662, 43.746993], [-79.340546, 43.746948], [-79.340444, 43.746926], [-79.340322, 43.74691], [-79.340142, 43.74688], [-79.340064, 43.746875], [-79.339945, 43.746872], [-79.339824, 43.746857], [-79.339702, 43.74683], [-79.339611, 43.746817], [-79.339521, 43.746802], [-79.339424, 43.746775], [-79.339341, 43.746735], [-79.339278, 43.746674], [-79.339234, 43.746608], [-79.339199, 43.746533], [-79.339193, 43.746473], [-79.339206, 43.746397], [-79.339259, 43.746324], [-79.339342, 43.74623], [-79.33943, 43.746153], [-79.339571, 43.746068], [-79.339674, 43.745962], [-79.339766, 43.745854], [-79.339835, 43.745732], [-79.339875, 43.745642], [-79.339908, 43.745564], [-79.33995, 43.745435], [-79.339969, 43.745342], [-79.339991, 43.74528], [-79.340008, 43.745237], [-79.340048, 43.745125], [-79.340108, 43.745034], [-79.34017, 43.744945], [-79.340211, 43.744881], [-79.340258, 43.744813], [-79.340266, 43.744769]]}}, {"type": "Feature", "properties": {"name": "Don River W Branch", "class": "River", "covered": true}, "geometry": {"type": "LineString", "coordinates": [[-79.430009, 43.757255], [-79.429947, 43.757195], [-79.42982, 43.756987], [-79.429658, 43.756753], [-79.429518, 43.756538], [-79.429388, 43.756352], [-79.429235, 43.756134], [-79.429061, 43.755941], [-79.42887, 43.755769], [-79.428672, 43.755594], [-79.42854, 43.755405], [-79.428474, 43.755209], [-79.428452, 43.754993], [-79.428404, 43.754758], [-79.428328, 43.754543], [-79.428237, 43.754333], [-79.428057, 43.754131], [-79.42777, 43.754023], [-79.427491, 43.753936], [-79.427234, 43.753818], [-79.426933, 43.753644], [-79.426637, 43.753477], [-79.426371, 43.753342], [-79.426084, 43.753184], [-79.425823, 43.753001], [-79.425585, 43.752841], [-79.425354, 43.75267], [-79.425105, 43.75249], [-79.424874, 43.752327], [-79.424637, 43.752174], [-79.424393, 43.752], [-79.424197, 43.751826], [-79.423976, 43.751675], [-79.423719, 43.751496], [-79.423471, 43.75131], [-79.423266, 43.751124], [-79.423166, 43.751014], [-79.423082, 43.750922], [-79.422937, 43.750694], [-79.422812, 43.750486], [-79.422729, 43.750272], [-79.422668, 43.750044], [-79.422579, 43.749869], [-79.422447, 43.74972], [-79.422291, 43.74961], [-79.422062, 43.749568], [-79.421799, 43.749522], [-79.421531, 43.749466], [-79.421263, 43.7494], [-79.420997, 43.749349], [-79.420708, 43.749306], [-79.420547, 43.7493], [-79.4204, 43.749294], [-79.420128, 43.749312], [-79.419867, 43.749381], [-79.419653, 43.749474], [-79.419485, 43.749597], [-79.419257, 43.749679], [-79.418964, 43.749699], [-79.418666, 43.749715], [-79.418396, 43.749731], [-79.418148, 43.749718], [-79.417884, 43.749748], [-79.417638, 43.749816], [-79.417406, 43.749919], [-79.417191, 43.750017], [-79.416939, 43.750105], [-79.416699, 43.750219], [-79.416508, 43.750318], [-79.416346, 43.750438], [-79.416184, 43.750578], [-79.416118, 43.750751], [-79.416076, 43.750971], [-79.41601, 43.751191], [-79.415943, 43.751405], [-79.415822, 43.751582], [-79.415693, 43.751752], [-79.415496, 43.751899], [-79.415237, 43.751978], [-79.414946, 43.751944], [-79.414681, 43.751819], [-79.414514, 43.751713], [-79.414442, 43.751668], [-79.414186, 43.75156], [-79.413927, 43.751518], [-79.413658, 43.751536], [-79.413392, 43.751562], [-79.413149, 43.751596], [-79.412955, 43.751632], [-79.4129, 43.751635], [-79.412669, 43.751673], [-79.412394, 43.751731], [-79.412128, 43.751776], [-79.411928, 43.7518], [-79.41173, 43.751788], [-79.41166, 43.751757]]}}, {"type": "Feature", "properties": {"name": "Don River W Branch", "class": "River", "covered": true}, "geometry": {"type": "LineString", "coordinates": [[-79.400165, 43.739372], [-79.400071, 43.739324], [-79.399947, 43.73926], [-79.399612, 43.739192], [-79.399284, 43.73921], [-79.398967, 43.739264], [-79.398682, 43.73934], [-79.398362, 43.739367], [-79.398026, 43.739389], [-79.397745, 43.739497], [-79.397594, 43.739704], [-79.39757, 43.739726], [-79.397543, 43.739785], [-79.397469, 43.739992], [-79.3972955, 43.740205], [-79.397122, 43.740418], [-79.397117, 43.740419], [-79.396877, 43.740476], [-79.396575, 43.740512], [-79.396235, 43.74051], [-79.395847, 43.740475], [-79.395486, 43.740376], [-79.395101, 43.740257], [-79.394671, 43.740164], [-79.394256, 43.740088], [-79.394159, 43.740051], [-79.393899, 43.739929], [-79.393538, 43.739798], [-79.393195, 43.739816], [-79.392875, 43.739909], [-79.392576, 43.739994], [-79.392226, 43.739994], [-79.391865, 43.73992], [-79.391515, 43.739873], [-79.391167, 43.739867], [-79.39093, 43.739825], [-79.390871, 43.739783], [-79.390836, 43.739726], [-79.390756, 43.739595], [-79.390697, 43.739396], [-79.390604, 43.7392], [-79.390425, 43.739025], [-79.390189, 43.738902], [-79.389942, 43.738794], [-79.389656, 43.738702], [-79.389351, 43.738583], [-79.389084, 43.738386], [-79.389036, 43.738128], [-79.38909, 43.737899], [-79.38926, 43.737685], [-79.389311, 43.737593], [-79.389365, 43.737494], [-79.389625, 43.737335], [-79.389922, 43.737151], [-79.39025, 43.736989], [-79.390487, 43.736837], [-79.390696, 43.736681], [-79.390864, 43.736585], [-79.391106, 43.736482], [-79.391311, 43.736292], [-79.391344, 43.736043], [-79.39121, 43.73583], [-79.391065, 43.735608], [-79.39104, 43.73536], [-79.391105, 43.735134], [-79.391245, 43.73491], [-79.391392, 43.734684], [-79.391433, 43.734433], [-79.391397, 43.734183], [-79.391299, 43.733949], [-79.391111, 43.733752], [-79.39083, 43.733617], [-79.39056, 43.733587], [-79.390311, 43.733544], [-79.390064, 43.73349], [-79.389822, 43.733395], [-79.389569, 43.733328], [-79.389315, 43.733337], [-79.389057, 43.733396], [-79.388804, 43.733478], [-79.38854, 43.73353], [-79.388261, 43.733544], [-79.38797, 43.73352], [-79.387717, 43.733469], [-79.387461, 43.733443], [-79.387199, 43.733505], [-79.386981, 43.733612], [-79.386733, 43.733725], [-79.386511, 43.733872], [-79.386365, 43.734032], [-79.386235, 43.734191], [-79.386048, 43.734323], [-79.385815, 43.734351], [-79.385541, 43.734266], [-79.385305, 43.734178], [-79.385067, 43.734107], [-79.384868, 43.73406], [-79.384641, 43.733966], [-79.384398, 43.733914], [-79.384142, 43.733872], [-79.383918, 43.733787], [-79.383792, 43.733645], [-79.383759, 43.733478], [-79.38383, 43.733334], [-79.384022, 43.733233], [-79.384155, 43.733071], [-79.384121, 43.73289], [-79.38417, 43.732731], [-79.384374, 43.732605], [-79.384572, 43.73245], [-79.384648, 43.732245], [-79.384656, 43.732041], [-79.384639, 43.731829], [-79.384562, 43.731615], [-79.384493, 43.731422], [-79.384348, 43.731247], [-79.384199, 43.731074], [-79.384076, 43.73089], [-79.383968, 43.730716], [-79.383805, 43.730614], [-79.383589, 43.730654], [-79.383377, 43.730758], [-79.383202, 43.730917], [-79.383162, 43.731112], [-79.383022, 43.731263], [-79.382822, 43.731311], [-79.382594, 43.731254], [-79.382476, 43.731191], [-79.382285, 43.731116], [-79.382079, 43.731036], [-79.381864, 43.730937], [-79.381809, 43.730773], [-79.381778, 43.730578], [-79.381725, 43.730404], [-79.381548, 43.730262], [-79.381419, 43.730139]]}}, {"type": "Feature", "properties": {"name": "Don River W Branch", "class": "River", "covered": true}, "geometry": {"type": "LineString", "coordinates": [[-79.34634, 43.7156], [-79.346342, 43.715525], [-79.346338, 43.715476], [-79.346317, 43.715428], [-79.346288, 43.715387], [-79.346254, 43.715337], [-79.346204, 43.71527], [-79.34617, 43.715235], [-79.34611, 43.715185], [-79.34606, 43.715149], [-79.345991, 43.715114], [-79.345917, 43.715089], [-79.345844, 43.715076], [-79.345795, 43.715074], [-79.345647, 43.7151], [-79.345297, 43.715216], [-79.344945, 43.715219], [-79.344803, 43.715041], [-79.344726, 43.714785], [-79.344464, 43.714546], [-79.344134, 43.714384], [-79.343782, 43.714284], [-79.343443, 43.71408], [-79.343348, 43.713916], [-79.343215, 43.713701], [-79.34311, 43.713567], [-79.342962, 43.713426], [-79.342878, 43.713346], [-79.342779, 43.713274], [-79.342696, 43.713237], [-79.342608, 43.713208], [-79.342488, 43.713221], [-79.342351, 43.713249], [-79.342239, 43.713261], [-79.342132, 43.713257], [-79.342024, 43.713208], [-79.341976, 43.713148], [-79.34193, 43.713089], [-79.341899, 43.712989], [-79.341826, 43.712945], [-79.341478, 43.712782], [-79.341104, 43.712693], [-79.340757, 43.712693], [-79.340452, 43.712797], [-79.340213, 43.713004], [-79.340039, 43.713031], [-79.339855, 43.713009], [-79.339528, 43.712793], [-79.339483, 43.712661], [-79.339494, 43.712486], [-79.339731, 43.71223], [-79.340006, 43.71197], [-79.34029, 43.711696], [-79.340309, 43.71151], [-79.340284, 43.711369], [-79.340193, 43.711207], [-79.340054, 43.711055]]}}, {"type": "Feature", "properties": {"name": "Don River W Branch", "class": "River", "covered": true}, "geometry": {"type": "LineString", "coordinates": [[-79.337911, 43.708881], [-79.337893, 43.708826], [-79.337858, 43.708628000000004], [-79.337823, 43.70843], [-79.337814, 43.708091], [-79.337875, 43.707758], [-79.337906, 43.707699], [-79.338028, 43.707462], [-79.337811, 43.707213], [-79.337608, 43.707102000000006], [-79.337405, 43.706991], [-79.3372, 43.706742], [-79.337281, 43.706435], [-79.33754, 43.706163], [-79.337881, 43.705925], [-79.338179, 43.705644], [-79.338169, 43.705335], [-79.337832, 43.705149], [-79.337362, 43.705079], [-79.336915, 43.704988], [-79.33667700000001, 43.704907500000004], [-79.336439, 43.704827], [-79.336224, 43.704726], [-79.336009, 43.704625], [-79.335829, 43.704513]]}}, {"type": "Feature", "properties": {"name": "Don River W Branch", "class": "River", "covered": true}, "geometry": {"type": "LineString", "coordinates": [[-79.381419, 43.730139], [-79.380957, 43.730007], [-79.380912, 43.729979], [-79.380779, 43.729835], [-79.380666, 43.729687], [-79.380526, 43.729561], [-79.380388, 43.729407], [-79.380225, 43.729227], [-79.380106, 43.729065], [-79.379959, 43.728916], [-79.379765, 43.728795], [-79.379561, 43.728695], [-79.379352, 43.728628], [-79.379169, 43.728681], [-79.379052, 43.728843], [-79.379107, 43.728992], [-79.379147, 43.729307], [-79.379054, 43.72946], [-79.37888, 43.729568], [-79.378618, 43.729541], [-79.378523, 43.729378], [-79.378438, 43.729162], [-79.378191, 43.729018], [-79.377902, 43.72895], [-79.377658, 43.728927], [-79.377425, 43.729004], [-79.377259, 43.729152], [-79.377032, 43.729273], [-79.376808, 43.72939], [-79.376604, 43.72952], [-79.376423, 43.729669], [-79.376246, 43.729817], [-79.376105, 43.729992], [-79.376017, 43.730154], [-79.375943, 43.730316], [-79.375711, 43.730361], [-79.375469, 43.730271], [-79.375245, 43.730145], [-79.37503, 43.729982], [-79.374823, 43.729816], [-79.374618, 43.729626], [-79.374397, 43.729419], [-79.374234, 43.729194], [-79.374073, 43.728982], [-79.37393, 43.728793], [-79.373809, 43.728626], [-79.373819, 43.728469], [-79.373961, 43.728311], [-79.3740795, 43.728147], [-79.374198, 43.727983], [-79.374257, 43.727826], [-79.374136, 43.727627], [-79.373952, 43.727452], [-79.3738, 43.727249], [-79.373675, 43.727046], [-79.373526, 43.726884], [-79.37332, 43.726803], [-79.373087, 43.726839], [-79.372826, 43.726861], [-79.372589, 43.726825], [-79.372398, 43.726725], [-79.372188, 43.726775], [-79.37204, 43.726963], [-79.37198, 43.72713], [-79.3721, 43.727265], [-79.372342, 43.727315], [-79.372582, 43.727387], [-79.372535, 43.727585], [-79.372402, 43.727743], [-79.372098, 43.727715], [-79.37184, 43.727616], [-79.371585, 43.727535], [-79.371296, 43.727507], [-79.370998, 43.727403], [-79.370822, 43.727228], [-79.37086400000001, 43.727047999999996], [-79.370906, 43.726868], [-79.3708, 43.726697], [-79.370551, 43.726642], [-79.370326, 43.726723], [-79.370038, 43.726714], [-79.369775, 43.726641], [-79.369501, 43.726587], [-79.36926, 43.726677], [-79.369023, 43.726834], [-79.36875, 43.726973], [-79.368544, 43.727131], [-79.368365, 43.727279], [-79.368164, 43.727261], [-79.368145, 43.727063], [-79.367964, 43.7269], [-79.367724, 43.726806], [-79.367481, 43.726823], [-79.367448, 43.727035], [-79.367351, 43.727242], [-79.367071, 43.7273], [-79.36679, 43.727174], [-79.36666, 43.726944], [-79.366542, 43.726687], [-79.366316, 43.7264775], [-79.36609, 43.726268], [-79.365864, 43.726097], [-79.365705, 43.725854], [-79.36574200000001, 43.725624499999995], [-79.365779, 43.725395], [-79.36563000000001, 43.725241499999996], [-79.365481, 43.725088], [-79.36522, 43.724997], [-79.364959, 43.724906], [-79.364811, 43.724825], [-79.364761, 43.724601], [-79.364708, 43.724484], [-79.364708, 43.724435], [-79.364728, 43.724232], [-79.364831, 43.72398], [-79.364895, 43.723802], [-79.364919, 43.723733], [-79.364972, 43.723577]]}}, {"type": "Feature", "properties": {"name": "Don River W Branch", "class": "River", "covered": true}, "geometry": {"type": "LineString", "coordinates": [[-79.365545, 43.720552], [-79.365422, 43.720446], [-79.365352, 43.720386], [-79.365291, 43.720364], [-79.365154, 43.720356], [-79.364991, 43.720374], [-79.364823, 43.720405], [-79.364589, 43.720529], [-79.364387, 43.720605], [-79.364207, 43.720673], [-79.364076, 43.720742], [-79.364016, 43.720791], [-79.363969, 43.720808], [-79.363922, 43.720814], [-79.363863, 43.720793], [-79.363827, 43.720748], [-79.363791, 43.720657], [-79.363731, 43.72056], [-79.363666, 43.720504], [-79.363564, 43.720416], [-79.363538, 43.720375], [-79.363449, 43.720343], [-79.36328, 43.7203], [-79.363223, 43.720261], [-79.363181, 43.72021], [-79.363035, 43.720097], [-79.362936, 43.72002], [-79.362858, 43.719979], [-79.362802, 43.719957], [-79.362744, 43.719956], [-79.362658, 43.719969], [-79.362554, 43.720001], [-79.362474, 43.72004], [-79.362436, 43.720066], [-79.362409, 43.720096], [-79.362383, 43.720104], [-79.362337, 43.720118], [-79.362307, 43.720122], [-79.362258, 43.720121], [-79.362213, 43.720087], [-79.362161, 43.720046], [-79.362126, 43.720003], [-79.36197, 43.719868], [-79.361697, 43.719769], [-79.361367, 43.719773], [-79.361025, 43.719768], [-79.360688, 43.719722], [-79.36034, 43.719695], [-79.359976, 43.719681], [-79.359685, 43.719631], [-79.359378, 43.719626], [-79.359049, 43.719644], [-79.358758, 43.719644], [-79.358439, 43.719652], [-79.35816, 43.719742], [-79.357872, 43.719886], [-79.35758, 43.719964]]}}, {"type": "Feature", "properties": {"name": "Don River W Branch", "class": "River", "covered": true}, "geometry": {"type": "LineString", "coordinates": [[-79.354836, 43.719391], [-79.354723, 43.719468], [-79.354723, 43.719469], [-79.354566, 43.719728], [-79.3544, 43.719989], [-79.354132, 43.7202], [-79.353822, 43.720326], [-79.353768, 43.720349], [-79.353449, 43.720506], [-79.353339, 43.720722], [-79.353144, 43.720933], [-79.353129, 43.720933], [-79.352897, 43.720987], [-79.352759, 43.720959]]}}, {"type": "Feature", "properties": {"name": "Don River W Branch", "class": "River", "covered": true}, "geometry": {"type": "LineString", "coordinates": [[-79.458609, 43.787556], [-79.458571, 43.78746], [-79.458488, 43.78728], [-79.458399, 43.787121], [-79.45821, 43.787052], [-79.457922, 43.787051], [-79.457675, 43.787081], [-79.457559, 43.787081], [-79.457416, 43.78708], [-79.457186, 43.78699], [-79.457124, 43.786846], [-79.457222, 43.786723], [-79.457289, 43.786586], [-79.457341, 43.786485], [-79.457363, 43.786443], [-79.457437, 43.786291], [-79.457486, 43.786142], [-79.457566, 43.786026], [-79.457717, 43.785963], [-79.457912, 43.785911], [-79.45804, 43.785787], [-79.458076, 43.785638], [-79.45809, 43.785479], [-79.458096, 43.785455], [-79.458124, 43.785333], [-79.458161, 43.785191], [-79.458044, 43.785083], [-79.457976, 43.785063], [-79.457825, 43.785018], [-79.457626, 43.784894], [-79.457542, 43.784726], [-79.457518, 43.784547], [-79.457449, 43.784377], [-79.457346, 43.784205], [-79.457174, 43.784085], [-79.456969, 43.784004], [-79.4568, 43.783898], [-79.456707, 43.783748], [-79.456598, 43.783589], [-79.456425, 43.783503], [-79.456288, 43.783414], [-79.456132, 43.783364], [-79.455966, 43.783393], [-79.455785, 43.78335], [-79.455625, 43.783246], [-79.455445, 43.783149], [-79.455272, 43.783039], [-79.45508, 43.782999], [-79.454912, 43.782962], [-79.454739, 43.782943], [-79.454592, 43.782878], [-79.454417, 43.782828], [-79.454228, 43.782766], [-79.454051, 43.782704], [-79.453863, 43.782683], [-79.453663, 43.782687], [-79.453631, 43.782686], [-79.453452, 43.782681], [-79.453405, 43.782681], [-79.453247, 43.782682], [-79.453045, 43.782658], [-79.452833, 43.782608], [-79.452715, 43.782563], [-79.452616, 43.782515], [-79.452507, 43.782431], [-79.452404, 43.782276], [-79.452357, 43.782124], [-79.452316, 43.78177], [-79.452306, 43.781687], [-79.452303, 43.781521], [-79.452344, 43.781454], [-79.452412, 43.781381]]}}, {"type": "Feature", "properties": {"name": "Don River W Branch", "class": "River", "covered": true}, "geometry": {"type": "LineString", "coordinates": [[-79.456057, 43.77125], [-79.456031, 43.771172], [-79.45592, 43.771016], [-79.455748, 43.770881], [-79.455586, 43.770722], [-79.4555, 43.770552], [-79.455473, 43.770379], [-79.455514, 43.770209], [-79.455551, 43.770051], [-79.455525, 43.769868], [-79.455504, 43.769679], [-79.455456, 43.769496], [-79.455361, 43.76934], [-79.455179, 43.769325], [-79.454982, 43.769376], [-79.454782, 43.769435], [-79.45457, 43.769449], [-79.454335, 43.769466], [-79.454083, 43.769463], [-79.453822, 43.76946], [-79.4536, 43.769472], [-79.453378, 43.769508], [-79.453136, 43.769557], [-79.452895, 43.76957], [-79.452662, 43.769549], [-79.452506, 43.769435], [-79.452444, 43.769254], [-79.452372, 43.769074], [-79.452298, 43.768907], [-79.452172, 43.768827], [-79.451944, 43.768849], [-79.451723, 43.768926], [-79.45154, 43.769036], [-79.451383, 43.769161], [-79.451232, 43.76929], [-79.451015, 43.769394], [-79.450778, 43.769449], [-79.450529, 43.769428], [-79.450439, 43.769286], [-79.45043, 43.769068], [-79.450384, 43.76889], [-79.450306, 43.768716], [-79.450196, 43.768558], [-79.45001, 43.768467], [-79.449775, 43.768458], [-79.449507, 43.768442], [-79.44927, 43.768375], [-79.449037, 43.768281], [-79.448802, 43.768174], [-79.448576, 43.768051], [-79.44834, 43.767964], [-79.448107, 43.767925], [-79.447891, 43.767848], [-79.447688, 43.767739], [-79.447481, 43.767638], [-79.447267, 43.767551], [-79.447113, 43.767418], [-79.447112, 43.767242], [-79.447043, 43.767052], [-79.446889, 43.766892], [-79.446659, 43.766814], [-79.44643, 43.766785], [-79.446175, 43.766757], [-79.445943, 43.766739], [-79.445913, 43.766683], [-79.445897, 43.766515], [-79.446002, 43.766364], [-79.445914, 43.766173], [-79.44588, 43.766004], [-79.445884, 43.765829], [-79.445768, 43.76564], [-79.445624, 43.765455], [-79.445554, 43.765255], [-79.445485, 43.765051], [-79.445491, 43.764872], [-79.445506, 43.764753], [-79.445505, 43.76475], [-79.445503, 43.764747], [-79.445463, 43.764664], [-79.445382, 43.764546], [-79.445242, 43.764377], [-79.445038, 43.76417], [-79.444808, 43.764016], [-79.444517, 43.763916], [-79.444444, 43.763892], [-79.444398, 43.763862], [-79.444214, 43.763729], [-79.444019, 43.763597], [-79.443794, 43.763424], [-79.44361, 43.763237], [-79.443421, 43.762995], [-79.443255, 43.762758], [-79.443141, 43.762506], [-79.443024, 43.762276], [-79.442861, 43.762075], [-79.442678, 43.761877], [-79.442494, 43.76166], [-79.442331, 43.761446], [-79.442123, 43.761289], [-79.441854, 43.76121], [-79.441572, 43.761203], [-79.441309, 43.761216], [-79.440986, 43.761311], [-79.440669, 43.761425], [-79.440387, 43.761512], [-79.440033, 43.761551], [-79.439955, 43.761556]]}}, {"type": "Feature", "properties": {"name": "East Highland Creek", "class": "River", "covered": true}, "geometry": {"type": "LineString", "coordinates": [[-79.21606, 43.783835], [-79.215872, 43.783664], [-79.215709, 43.783458], [-79.215576, 43.78331], [-79.215417, 43.783165], [-79.215277, 43.783054], [-79.215095, 43.782957], [-79.214909, 43.782902], [-79.214758, 43.782893], [-79.214656, 43.782919], [-79.214536, 43.783002], [-79.214482, 43.783122], [-79.214475, 43.783308], [-79.2145, 43.783448], [-79.214554, 43.783598], [-79.214576, 43.783719], [-79.214547, 43.783784], [-79.214453, 43.78383], [-79.214319, 43.783864], [-79.214173, 43.783869], [-79.214012, 43.783841], [-79.213776, 43.783772], [-79.21362, 43.783648], [-79.213419, 43.783465], [-79.213327, 43.783321], [-79.213308, 43.783214], [-79.213333, 43.783122], [-79.213338, 43.782989], [-79.213338, 43.782845], [-79.213319, 43.782742], [-79.213265, 43.782618]]}}, {"type": "Feature", "properties": {"name": "East Highland Creek", "class": "River", "covered": true}, "geometry": {"type": "LineString", "coordinates": [[-79.222668, 43.785669], [-79.222304, 43.785676], [-79.222105, 43.785671], [-79.222002, 43.785649], [-79.221918, 43.785649], [-79.221788, 43.785664], [-79.221667, 43.785684], [-79.221582, 43.785688], [-79.221492, 43.785687], [-79.221431, 43.785681], [-79.221353, 43.785661], [-79.221235, 43.785612], [-79.221055, 43.78552], [-79.22097, 43.785473], [-79.22076, 43.785364], [-79.220604, 43.785291], [-79.220505, 43.785248], [-79.220427, 43.785195], [-79.220364, 43.785104], [-79.220314, 43.785003], [-79.220266, 43.784868], [-79.220243, 43.78477], [-79.220189, 43.784626], [-79.220156, 43.784543], [-79.220148, 43.784463], [-79.220145, 43.78438], [-79.220191, 43.784306], [-79.220254, 43.78418], [-79.220252, 43.783997], [-79.220238, 43.783841], [-79.220209, 43.783755], [-79.220091, 43.783647], [-79.219973, 43.78354], [-79.21984, 43.783459], [-79.219678, 43.783394], [-79.219648, 43.783362], [-79.219575, 43.783276], [-79.219538, 43.783153], [-79.219509, 43.783045], [-79.21945, 43.782911], [-79.219377, 43.782782], [-79.219311, 43.78268], [-79.219259, 43.782626], [-79.219111, 43.782604], [-79.218963, 43.782625], [-79.218815, 43.782673], [-79.218651, 43.782791], [-79.218525, 43.782919], [-79.21828, 43.783085], [-79.218013, 43.783192], [-79.217864, 43.783272], [-79.217738, 43.78333], [-79.217678, 43.783438], [-79.21767, 43.783566], [-79.217603, 43.7837], [-79.217565, 43.783856], [-79.217565, 43.783974], [-79.217527, 43.784081], [-79.217497, 43.784172], [-79.217452, 43.78422], [-79.217349, 43.784231], [-79.217164, 43.784187], [-79.216972, 43.784123], [-79.216928, 43.784063], [-79.216891, 43.784015], [-79.216817, 43.783956], [-79.21675, 43.783923], [-79.216521, 43.783896], [-79.21606, 43.783835]]}}, {"type": "Feature", "properties": {"name": "East Highland Creek", "class": "River", "covered": true}, "geometry": {"type": "LineString", "coordinates": [[-79.210945, 43.780709], [-79.210948, 43.780498], [-79.210883, 43.780255], [-79.210833, 43.780097], [-79.2108, 43.779976], [-79.210767, 43.779879], [-79.210734, 43.779836], [-79.210659, 43.779776], [-79.210324, 43.779781], [-79.21000599999999, 43.779789], [-79.209688, 43.779797], [-79.20946, 43.779815]]}}, {"type": "Feature", "properties": {"name": "East Highland Creek", "class": "River", "covered": true}, "geometry": {"type": "LineString", "coordinates": [[-79.21117, 43.781181], [-79.2110575, 43.780945], [-79.210945, 43.780709]]}}, {"type": "Feature", "properties": {"name": "East Highland Creek", "class": "River", "covered": true}, "geometry": {"type": "LineString", "coordinates": [[-79.287067, 43.799854], [-79.287019, 43.799746], [-79.286955, 43.799544], [-79.286846, 43.799292], [-79.286717, 43.799012], [-79.286595, 43.798745], [-79.286492, 43.798495], [-79.286378, 43.798269], [-79.286332, 43.798199], [-79.286159, 43.798084], [-79.285795, 43.797937], [-79.285549, 43.797855], [-79.285444, 43.797814], [-79.28529, 43.797764], [-79.285115, 43.797687], [-79.284959, 43.79762], [-79.284773, 43.797556], [-79.28459, 43.797497], [-79.284414, 43.79743], [-79.284236, 43.797357], [-79.284083, 43.797289], [-79.283931, 43.797226], [-79.283781, 43.797172], [-79.283635, 43.797122], [-79.283436, 43.797059]]}}, {"type": "Feature", "properties": {"name": "East Highland Creek", "class": "River", "covered": true}, "geometry": {"type": "LineString", "coordinates": [[-79.225196, 43.788958], [-79.22500600000001, 43.788793], [-79.224816, 43.788628], [-79.224708, 43.788535], [-79.224621, 43.78846], [-79.224555, 43.788423], [-79.224477, 43.788408], [-79.224303, 43.7884], [-79.224118, 43.788429], [-79.223943, 43.788466], [-79.223706, 43.788503], [-79.223536, 43.788528], [-79.223418, 43.788554], [-79.223294, 43.788554], [-79.223207, 43.788513], [-79.223136, 43.788431], [-79.223023, 43.788348], [-79.222905, 43.78827], [-79.222746, 43.788236], [-79.222612, 43.788217], [-79.222397, 43.788187], [-79.222278, 43.788164], [-79.222073, 43.788059], [-79.222017, 43.788003], [-79.221971, 43.787895], [-79.22193, 43.787813], [-79.22192, 43.787746], [-79.221977, 43.787683], [-79.222106, 43.787583], [-79.222112, 43.787546], [-79.222132, 43.787479], [-79.222256, 43.787445], [-79.222338, 43.787431], [-79.222423, 43.787397], [-79.222676, 43.787251], [-79.222779, 43.787177], [-79.222887, 43.787106], [-79.222934, 43.787065], [-79.222944, 43.787043], [-79.22297, 43.787017], [-79.222986, 43.786946], [-79.223007, 43.786883], [-79.222996, 43.786838], [-79.222992, 43.786749], [-79.222977, 43.786663], [-79.222962, 43.786604], [-79.22291, 43.78654], [-79.22289, 43.786481], [-79.22286, 43.786376], [-79.22286, 43.786253], [-79.222825, 43.786156], [-79.222779, 43.786015], [-79.222759, 43.785892], [-79.222668, 43.785669]]}}, {"type": "Feature", "properties": {"name": "Massey Creek", "class": "River", "covered": true}, "geometry": {"type": "LineString", "coordinates": [[-79.32184, 43.702404], [-79.32195, 43.702485], [-79.322216, 43.702446], [-79.322451, 43.702246], [-79.322595, 43.702005], [-79.3228, 43.701768], [-79.323081, 43.701639], [-79.323432, 43.70162], [-79.323787, 43.701544], [-79.324116, 43.701494], [-79.324471, 43.701509], [-79.32485, 43.701472], [-79.325166, 43.7014], [-79.325548, 43.701415], [-79.325926, 43.701527], [-79.326285, 43.701617], [-79.326665, 43.701628], [-79.327025, 43.701524], [-79.3271, 43.701504], [-79.327362, 43.701437], [-79.327758, 43.701464], [-79.328104, 43.701508]]}}, {"type": "Feature", "properties": {"name": "Massey Creek", "class": "River", "covered": true}, "geometry": {"type": "LineString", "coordinates": [[-79.328104, 43.701508], [-79.328169, 43.701519], [-79.328229, 43.701518], [-79.328563, 43.701516], [-79.328954, 43.701538], [-79.328987, 43.701547]]}}, {"type": "Feature", "properties": {"name": "Massey Creek", "class": "River", "covered": true}, "geometry": {"type": "LineString", "coordinates": [[-79.319546, 43.701684], [-79.319664, 43.701594]]}}, {"type": "Feature", "properties": {"name": "Massey Creek", "class": "River", "covered": true}, "geometry": {"type": "LineString", "coordinates": [[-79.31722, 43.701551], [-79.317223, 43.701552], [-79.317611, 43.701678], [-79.317984, 43.701821], [-79.318358, 43.70191], [-79.31877, 43.701907], [-79.319162, 43.701817], [-79.319487, 43.701715], [-79.319546, 43.701684]]}}, {"type": "Feature", "properties": {"name": "Massey Creek", "class": "River", "covered": true}, "geometry": {"type": "LineString", "coordinates": [[-79.319664, 43.701594], [-79.319743, 43.701485], [-79.319799, 43.701409], [-79.319875, 43.701341], [-79.319921, 43.7013], [-79.31996, 43.701282], [-79.32002, 43.701264], [-79.320076, 43.701248], [-79.320167, 43.701247], [-79.320347, 43.701298], [-79.320681, 43.701391], [-79.320915, 43.701542], [-79.321164, 43.70174], [-79.321361, 43.701972], [-79.321579, 43.702165], [-79.321762, 43.702346], [-79.32184, 43.702404]]}}, {"type": "Feature", "properties": {"name": "Taylor Creek", "class": "River", "covered": true}, "geometry": {"type": "LineString", "coordinates": [[-79.315664, 43.703964], [-79.315895, 43.703947], [-79.316233, 43.703997], [-79.316615, 43.703959], [-79.316982, 43.703836], [-79.317336, 43.703749], [-79.317672, 43.703642], [-79.318015, 43.70352], [-79.318318, 43.703371], [-79.318561, 43.703186], [-79.31881, 43.703021], [-79.319105, 43.702905], [-79.319433, 43.702853], [-79.319797, 43.702845], [-79.320045, 43.702839], [-79.320413, 43.702829], [-79.32052, 43.702817], [-79.320627, 43.702805], [-79.320719, 43.702733], [-79.32079, 43.702678], [-79.32089, 43.702625], [-79.320965, 43.702579], [-79.32102, 43.702557], [-79.321066, 43.702555], [-79.321098, 43.70256], [-79.321107, 43.702582], [-79.321085, 43.702625], [-79.321082, 43.702669], [-79.321092, 43.702692], [-79.321123, 43.702696], [-79.321174, 43.702657], [-79.321233, 43.702579]]}}, {"type": "Feature", "properties": {"name": "Massey Creek", "class": "River", "covered": true}, "geometry": {"type": "LineString", "coordinates": [[-79.311625, 43.700389], [-79.311937, 43.700561], [-79.312294, 43.700756], [-79.312618, 43.700958], [-79.312903, 43.701153], [-79.312916, 43.701161], [-79.312967, 43.701234]]}}, {"type": "Feature", "properties": {"name": "Taylor Creek", "class": "River", "covered": true}, "geometry": {"type": "LineString", "coordinates": [[-79.312815, 43.701383], [-79.312835, 43.701367], [-79.312967, 43.701234]]}}, {"type": "Feature", "properties": {"name": "Massey Creek", "class": "River", "covered": true}, "geometry": {"type": "LineString", "coordinates": [[-79.31414, 43.701201], [-79.314521, 43.701188], [-79.314865, 43.701172], [-79.315298, 43.70118], [-79.31556499999999, 43.701191666666666], [-79.315832, 43.70120333333333], [-79.316099, 43.701215], [-79.316486, 43.7013], [-79.31673066666667, 43.70138366666667], [-79.31697533333333, 43.70146733333333], [-79.31722, 43.701551]]}}, {"type": "Feature", "properties": {"name": "Massey Creek", "class": "River", "covered": true}, "geometry": {"type": "LineString", "coordinates": [[-79.312967, 43.701234], [-79.313237, 43.701264], [-79.313616, 43.701248], [-79.31387799999999, 43.701224499999995], [-79.31414, 43.701201]]}}, {"type": "Feature", "properties": {"name": "Massey Creek", "class": "River", "covered": true}, "geometry": {"type": "LineString", "coordinates": [[-79.306173, 43.699102], [-79.306581, 43.699145], [-79.306869, 43.699193], [-79.307002, 43.699215], [-79.307374, 43.699342], [-79.307726, 43.699404], [-79.307738, 43.699407], [-79.308102, 43.699344], [-79.308473, 43.699254], [-79.308857, 43.699198], [-79.309225, 43.699209], [-79.309608, 43.699301], [-79.309999, 43.69939], [-79.310437, 43.699481], [-79.310583, 43.699563], [-79.31078, 43.699673], [-79.310995, 43.699914], [-79.311266, 43.700148], [-79.311599, 43.700374], [-79.311625, 43.700389]]}}, {"type": "Feature", "properties": {"name": "Massey Creek", "class": "River", "covered": true}, "geometry": {"type": "LineString", "coordinates": [[-79.297504, 43.697439], [-79.297865, 43.6974445], [-79.298226, 43.69745], [-79.298469, 43.697408], [-79.298741, 43.697409], [-79.299031, 43.697473], [-79.299375, 43.697531], [-79.299744, 43.697551], [-79.300089, 43.697577], [-79.300436, 43.697601], [-79.300817, 43.697631], [-79.301187, 43.697654], [-79.301529, 43.697676], [-79.301888, 43.697707], [-79.302022, 43.697712], [-79.302242, 43.69772], [-79.302359, 43.697733], [-79.302475, 43.697746]]}}, {"type": "Feature", "properties": {"name": "Taylor Creek", "class": "River", "covered": true}, "geometry": {"type": "LineString", "coordinates": [[-79.307129, 43.703128], [-79.307146, 43.703124], [-79.307518, 43.703051], [-79.307885, 43.702948], [-79.308281, 43.702852], [-79.308652, 43.702786], [-79.309074, 43.702681], [-79.309481, 43.702593], [-79.309851, 43.702506], [-79.310153, 43.702416], [-79.310382, 43.70233], [-79.310657, 43.70227], [-79.3108, 43.702221], [-79.311029, 43.702142], [-79.311397, 43.702023], [-79.311745, 43.70186], [-79.312071, 43.701704], [-79.31233, 43.701578], [-79.312655, 43.701506], [-79.312815, 43.701383]]}}, {"type": "Feature", "properties": {"name": "Massey Creek", "class": "River", "covered": true}, "geometry": {"type": "LineString", "coordinates": [[-79.286965, 43.739642], [-79.286832, 43.739504], [-79.28667, 43.739306], [-79.286552, 43.73918], [-79.286421, 43.739045], [-79.286254, 43.738892], [-79.286054, 43.738697], [-79.285901, 43.738535], [-79.285753, 43.738339], [-79.285623, 43.738142], [-79.285514, 43.737978], [-79.285468, 43.737909], [-79.285362, 43.737763], [-79.285294, 43.737701], [-79.285185, 43.737579]]}}, {"type": "Feature", "properties": {"name": "Massey Creek", "class": "River", "covered": true}, "geometry": {"type": "LineString", "coordinates": [[-79.285185, 43.737579], [-79.285152, 43.737551], [-79.285118, 43.737512], [-79.285092, 43.737496], [-79.285056, 43.737474], [-79.285031, 43.737462], [-79.284993, 43.737446], [-79.284954, 43.73744], [-79.284909, 43.737436], [-79.284872, 43.737429], [-79.284851, 43.737424], [-79.28483, 43.737427], [-79.284806, 43.737435], [-79.284778, 43.737445], [-79.284762, 43.737453], [-79.284735, 43.737458], [-79.284669, 43.737445], [-79.284612, 43.73742], [-79.284551, 43.737399], [-79.284492, 43.737374], [-79.284454, 43.73736], [-79.284412, 43.737352], [-79.284377, 43.737348], [-79.284288, 43.737353]]}}, {"type": "Feature", "properties": {"name": "Massey Creek", "class": "River", "covered": true}, "geometry": {"type": "LineString", "coordinates": [[-79.284288, 43.737353], [-79.284184, 43.737333], [-79.284052, 43.73728], [-79.283947, 43.737108], [-79.283822, 43.736907], [-79.28367, 43.73669], [-79.283594, 43.736581], [-79.283533, 43.736491], [-79.283387, 43.736268], [-79.283248, 43.736055], [-79.283106, 43.735799], [-79.282962, 43.735582], [-79.28285, 43.73539], [-79.282724, 43.735184], [-79.282618, 43.735001], [-79.282483, 43.73482], [-79.282377, 43.734672]]}}, {"type": "Feature", "properties": {"name": "Rouge River", "class": "River", "covered": true}, "geometry": {"type": "LineString", "coordinates": [[-79.225693, 43.830003], [-79.225621, 43.829866], [-79.225601, 43.829829], [-79.225566, 43.829801], [-79.225527, 43.829776], [-79.225477, 43.829749], [-79.225411, 43.829719], [-79.225355, 43.829695], [-79.2253, 43.829664], [-79.225258, 43.829642], [-79.225218, 43.829612], [-79.225177, 43.829597], [-79.225152, 43.829581], [-79.225136, 43.829567], [-79.225124, 43.829543], [-79.225115, 43.829519], [-79.225112, 43.8295], [-79.225113, 43.829479], [-79.225119, 43.829464], [-79.225131, 43.829448], [-79.225148, 43.829434], [-79.225164, 43.829421], [-79.225204, 43.829389], [-79.225242, 43.829364], [-79.225258, 43.829339], [-79.22526, 43.829325], [-79.225252, 43.829293], [-79.225213, 43.829217], [-79.225191, 43.82916], [-79.225169, 43.829104], [-79.225137, 43.829042], [-79.225105, 43.828979], [-79.225078, 43.828925], [-79.225062, 43.828885], [-79.225068, 43.828847], [-79.225082, 43.82879], [-79.225085, 43.828759], [-79.225085, 43.828733], [-79.225079, 43.828711], [-79.225061, 43.82869], [-79.225012, 43.82866], [-79.224953, 43.828634], [-79.224912, 43.828608], [-79.224873, 43.82858], [-79.224853, 43.82856], [-79.22484, 43.828531], [-79.224837, 43.828499], [-79.224855, 43.828439], [-79.224862, 43.828397], [-79.224868, 43.828362], [-79.224865, 43.828335], [-79.224854, 43.828301], [-79.224772, 43.828158]]}}, {"type": "Feature", "properties": {"name": "Rouge River", "class": "River", "covered": true}, "geometry": {"type": "LineString", "coordinates": [[-79.224772, 43.828158], [-79.224741, 43.828097], [-79.224732, 43.828059], [-79.224721, 43.82802], [-79.224704, 43.827996], [-79.224686, 43.827972], [-79.224642, 43.827951], [-79.224587, 43.827937], [-79.224551, 43.827927], [-79.224518, 43.827911], [-79.224482, 43.827889], [-79.224438, 43.827849], [-79.224408, 43.827809], [-79.22437, 43.827758], [-79.224328, 43.827732], [-79.224251, 43.827714], [-79.224191, 43.827699], [-79.22413, 43.82768], [-79.224078, 43.827664], [-79.224051, 43.827646], [-79.224015, 43.827616], [-79.223984, 43.827596], [-79.223959, 43.82758], [-79.223928, 43.827572], [-79.2239, 43.827565], [-79.223881, 43.82757], [-79.223852, 43.82759], [-79.223824, 43.82761], [-79.223778, 43.827634], [-79.223749, 43.827655], [-79.223727, 43.827664], [-79.223689, 43.827673], [-79.223659, 43.827681], [-79.22363, 43.827684], [-79.223592, 43.82768], [-79.223561, 43.827675], [-79.223533, 43.827668], [-79.22351, 43.827661], [-79.223488, 43.827644], [-79.223467, 43.827618], [-79.223448, 43.827593], [-79.22343, 43.82756], [-79.22341, 43.827535], [-79.223377, 43.827505], [-79.223335, 43.827478], [-79.223307, 43.827464], [-79.22327, 43.827457], [-79.223231, 43.827453], [-79.223194, 43.827443], [-79.223164, 43.827432], [-79.223149, 43.827419], [-79.223136, 43.827394], [-79.223114, 43.827374], [-79.223075, 43.827339], [-79.223052, 43.827318], [-79.223022, 43.827299], [-79.223005, 43.827283], [-79.222987, 43.827264], [-79.222975, 43.827215], [-79.222965, 43.827175], [-79.222956, 43.827138], [-79.222962, 43.827112], [-79.222973, 43.827092], [-79.223007, 43.827069], [-79.223019, 43.82706], [-79.223024, 43.827045], [-79.223028, 43.827019], [-79.223025, 43.826993], [-79.223015, 43.826964], [-79.222994, 43.826937], [-79.222978, 43.826917], [-79.222978, 43.826885], [-79.222982, 43.826854], [-79.222993, 43.826827], [-79.223022, 43.826761], [-79.223046, 43.826718], [-79.223045, 43.826685], [-79.223033, 43.82665], [-79.223017, 43.826601], [-79.222986, 43.826563], [-79.222936, 43.826514], [-79.222896, 43.826489], [-79.222841, 43.826473], [-79.22281, 43.82647], [-79.222766, 43.82647], [-79.222675, 43.826484], [-79.222634, 43.826487], [-79.222591, 43.826477], [-79.222532, 43.826442], [-79.222489, 43.826417], [-79.222385, 43.826366], [-79.222348, 43.826335], [-79.222308, 43.826287], [-79.222284, 43.826233], [-79.222271, 43.826205], [-79.222216, 43.826175], [-79.222149, 43.826154], [-79.222076, 43.826136], [-79.221999, 43.826125], [-79.221939, 43.826111], [-79.221891, 43.826085], [-79.221849, 43.826058], [-79.221821, 43.826025], [-79.221818, 43.825991], [-79.221831, 43.825954], [-79.221855, 43.82591], [-79.221883, 43.825872], [-79.221896, 43.825854], [-79.221896, 43.82581], [-79.221893, 43.825789], [-79.221885, 43.825769], [-79.221861, 43.825752], [-79.221809, 43.825734], [-79.221756, 43.825716], [-79.221711, 43.825696], [-79.221658, 43.825672], [-79.221643, 43.825654], [-79.221635, 43.825636], [-79.221641, 43.825591], [-79.221667, 43.825567], [-79.221729, 43.82555], [-79.221752, 43.825529], [-79.221768, 43.825486], [-79.221784, 43.825416], [-79.221789, 43.825373], [-79.221793, 43.825348], [-79.221777, 43.825327], [-79.221746, 43.825296], [-79.221718, 43.825261], [-79.221701, 43.825229], [-79.221689, 43.825187], [-79.221704, 43.825139], [-79.221731, 43.825108], [-79.221754, 43.825082], [-79.221773, 43.825059], [-79.22177, 43.82504], [-79.221749, 43.824993], [-79.221717, 43.824936], [-79.221685, 43.824866], [-79.221664, 43.824781], [-79.221645, 43.824712], [-79.221618, 43.82467], [-79.221593, 43.824643], [-79.221534, 43.824617], [-79.22147, 43.824598], [-79.221444, 43.824586], [-79.221405, 43.82456], [-79.221377, 43.824536], [-79.221355, 43.824487], [-79.221337, 43.824459], [-79.221314, 43.824433], [-79.221291, 43.824417], [-79.221245, 43.8244], [-79.221206, 43.824392], [-79.221182, 43.824384], [-79.221162, 43.824369], [-79.221142, 43.824337], [-79.221127, 43.824302], [-79.221116, 43.824264], [-79.221118, 43.824229], [-79.221125, 43.824191], [-79.221126, 43.824168], [-79.221106, 43.824134], [-79.221073, 43.824103], [-79.221035, 43.824074], [-79.221012, 43.824053], [-79.220994, 43.824029], [-79.220968, 43.823999], [-79.220952, 43.823953], [-79.22094, 43.823895], [-79.22093, 43.823846], [-79.220916, 43.823819], [-79.220892, 43.823792], [-79.220857, 43.82376], [-79.220819, 43.823726], [-79.220794, 43.823697], [-79.220767, 43.82365], [-79.220756, 43.823615], [-79.22077, 43.823588], [-79.220804, 43.82355], [-79.220828, 43.823513], [-79.220845, 43.823482], [-79.220848, 43.823461], [-79.220842, 43.823443], [-79.220825, 43.823424], [-79.220807, 43.823405], [-79.220781, 43.823394], [-79.220749, 43.823385], [-79.220709, 43.82338], [-79.220588, 43.823353], [-79.220514, 43.823331], [-79.22047, 43.823311], [-79.220444, 43.823285], [-79.22041, 43.82325], [-79.220364, 43.823219], [-79.220323, 43.8232], [-79.220257, 43.823185], [-79.220168, 43.823177], [-79.220073, 43.823181], [-79.219988, 43.82319], [-79.219939, 43.823186], [-79.219883, 43.823169], [-79.219869, 43.823151], [-79.219859, 43.82312], [-79.219858, 43.823082], [-79.219856, 43.823003], [-79.219835, 43.82297], [-79.219796, 43.822948], [-79.219719, 43.822937], [-79.219643, 43.822917], [-79.219569, 43.822887], [-79.219512, 43.822854], [-79.219511, 43.822802], [-79.21951, 43.822726], [-79.219497, 43.822681], [-79.219314, 43.822546]]}}, {"type": "Feature", "properties": {"name": "Black Creek", "class": "River", "covered": true}, "geometry": {"type": "LineString", "coordinates": [[-79.499276, 43.67531], [-79.499544, 43.675183], [-79.49985000000001, 43.675045499999996], [-79.500156, 43.674908], [-79.500362, 43.674814], [-79.50063166666666, 43.674687666666664], [-79.50090133333333, 43.67456133333334], [-79.501171, 43.674435], [-79.501581, 43.674246], [-79.5018925, 43.674103], [-79.502204, 43.67396], [-79.50262, 43.673774], [-79.502792, 43.67369], [-79.50301, 43.673631], [-79.503226, 43.673614], [-79.503472, 43.673636], [-79.503678, 43.673697], [-79.503871, 43.673795], [-79.504005, 43.673906], [-79.504061, 43.673973], [-79.504121, 43.674074], [-79.504244, 43.6743], [-79.50432, 43.674439], [-79.504398, 43.674579], [-79.504459, 43.674671], [-79.504566, 43.674772], [-79.504711, 43.674841], [-79.504888, 43.674885], [-79.505073, 43.67489], [-79.505157, 43.674877], [-79.505353, 43.674837]]}}, {"type": "Feature", "properties": {"name": "Rouge River", "class": "River", "covered": false}, "geometry": {"type": "LineString", "coordinates": [[-79.234628, 43.833969], [-79.234572, 43.833906], [-79.234509, 43.833758], [-79.234459, 43.8336], [-79.234374, 43.833451], [-79.234214, 43.83333], [-79.234016, 43.833334], [-79.233856, 43.833279], [-79.23371, 43.833247], [-79.233556, 43.833301], [-79.233372, 43.833319]]}}, {"type": "Feature", "properties": {"name": "Rouge River", "class": "River", "covered": true}, "geometry": {"type": "LineString", "coordinates": [[-79.233372, 43.833319], [-79.233158, 43.833399], [-79.232954, 43.833511], [-79.232771, 43.833479], [-79.23272, 43.833358], [-79.232511, 43.833308], [-79.232398, 43.833213], [-79.232165, 43.833203], [-79.231997, 43.833131], [-79.231848, 43.833085]]}}, {"type": "Feature", "properties": {"name": "Rouge River", "class": "River", "covered": false}, "geometry": {"type": "LineString", "coordinates": [[-79.231848, 43.833085], [-79.231669, 43.832991]]}}, {"type": "Feature", "properties": {"name": "Rouge River", "class": "River", "covered": true}, "geometry": {"type": "LineString", "coordinates": [[-79.231669, 43.832991], [-79.231513, 43.833017], [-79.231321, 43.832999], [-79.23115, 43.83298], [-79.230993, 43.83289], [-79.23092, 43.832719], [-79.230711, 43.832759], [-79.230587, 43.832655], [-79.23047, 43.832619], [-79.23034, 43.832656], [-79.230146, 43.832568], [-79.229966, 43.832573], [-79.229654, 43.832584], [-79.229604, 43.832676], [-79.229544, 43.832753], [-79.229327, 43.832679], [-79.229182, 43.83258], [-79.229134, 43.832422], [-79.229007, 43.83235], [-79.228841, 43.83243], [-79.228713, 43.832507], [-79.228533, 43.832268], [-79.228529, 43.832258], [-79.228544, 43.832224], [-79.228547, 43.832192], [-79.228528, 43.832164], [-79.228501, 43.832131], [-79.228472, 43.832111], [-79.228443, 43.832091], [-79.228403, 43.832072], [-79.228311, 43.832044], [-79.228265, 43.832036], [-79.228237, 43.832032], [-79.228227, 43.832025], [-79.228222, 43.832014], [-79.228228, 43.831974], [-79.228216, 43.831942], [-79.228186, 43.831902], [-79.228158, 43.831863], [-79.228127, 43.831856], [-79.228083, 43.831863], [-79.22805, 43.831878], [-79.228008, 43.831886], [-79.227976, 43.831896], [-79.227949, 43.831918], [-79.227918, 43.831956], [-79.22791, 43.831985], [-79.22792, 43.832021], [-79.227913, 43.832048], [-79.227879, 43.832099], [-79.22783, 43.832127], [-79.227754, 43.832142], [-79.227693, 43.832142], [-79.227648, 43.832125], [-79.227611, 43.832094], [-79.227554, 43.832056], [-79.227479, 43.832029], [-79.227397, 43.831999], [-79.227281, 43.831949], [-79.227191, 43.83191], [-79.227119, 43.831861], [-79.227046, 43.831812], [-79.22698, 43.831788], [-79.226895, 43.831775], [-79.226803, 43.831769], [-79.226746, 43.831745], [-79.226705, 43.831717], [-79.22667, 43.831676], [-79.226645, 43.83163], [-79.226643, 43.831584], [-79.226657, 43.831564], [-79.226668, 43.831557], [-79.226689, 43.83156], [-79.226717, 43.831564], [-79.226756, 43.831558], [-79.226809, 43.831545], [-79.226865, 43.831531], [-79.226919, 43.831516], [-79.22696, 43.831498], [-79.226991, 43.831478], [-79.227005, 43.831459], [-79.227015, 43.831445], [-79.227017, 43.831426], [-79.227014, 43.831412], [-79.226999, 43.831396], [-79.226966, 43.83138], [-79.22692, 43.831358], [-79.22688, 43.831338], [-79.226831, 43.831327], [-79.226799, 43.831319], [-79.226759, 43.831321], [-79.226707, 43.831324], [-79.226665, 43.83133], [-79.226636, 43.831327], [-79.22662, 43.831319], [-79.226602, 43.831307], [-79.2266, 43.831252], [-79.226599, 43.8312], [-79.226589, 43.831166], [-79.226569, 43.831125], [-79.226544, 43.831073], [-79.22652, 43.831036], [-79.226499, 43.831012], [-79.226472, 43.830997], [-79.226424, 43.830983], [-79.226399, 43.830984], [-79.226367, 43.830997], [-79.226337, 43.831026], [-79.226289, 43.831061], [-79.226261, 43.831088], [-79.226227, 43.831106], [-79.226183, 43.831109], [-79.226137, 43.831094], [-79.226046, 43.831051], [-79.225925, 43.831], [-79.225884, 43.830974], [-79.225844, 43.83094], [-79.225837, 43.830919], [-79.225837, 43.830872], [-79.225847, 43.830819], [-79.225847, 43.830773], [-79.225851, 43.830657], [-79.225826, 43.830598], [-79.225802, 43.830521], [-79.225793, 43.830454], [-79.225807, 43.830409], [-79.225827, 43.830384], [-79.225826, 43.83035], [-79.225797, 43.83028], [-79.225751, 43.830151], [-79.225693, 43.830003]]}}, {"type": "Feature", "properties": {"name": "Rouge River", "class": "River", "covered": true}, "geometry": {"type": "LineString", "coordinates": [[-79.204169, 43.814261], [-79.20410849999999, 43.814080000000004], [-79.204048, 43.813899], [-79.204103, 43.813675], [-79.204166, 43.813419], [-79.204007, 43.813126], [-79.203675, 43.812904], [-79.203344, 43.812748], [-79.202985, 43.812586], [-79.202692, 43.812331], [-79.20241, 43.812125], [-79.202133, 43.812028], [-79.201893, 43.811846], [-79.201761, 43.811724], [-79.201707, 43.811705], [-79.20164, 43.811724], [-79.201446, 43.81189], [-79.201199, 43.812148], [-79.201035, 43.812227], [-79.200833, 43.812246], [-79.200687, 43.812177], [-79.200593, 43.81207], [-79.200595, 43.811935], [-79.200649, 43.811809], [-79.200582, 43.811731], [-79.200391, 43.811704], [-79.200049, 43.811678], [-79.199903, 43.811791], [-79.199899, 43.811923], [-79.199951, 43.812059], [-79.199844, 43.812146], [-79.199665, 43.812189], [-79.199242, 43.812173], [-79.199048, 43.812154], [-79.198817, 43.812132], [-79.198386, 43.812139], [-79.197971, 43.812124], [-79.197577, 43.812091], [-79.197187, 43.812101], [-79.196775, 43.812096], [-79.196404, 43.812193], [-79.195982, 43.812266], [-79.195664, 43.812171], [-79.195685, 43.811931], [-79.195412, 43.811731], [-79.195228, 43.811526], [-79.194945, 43.811582], [-79.194588, 43.811649], [-79.194237, 43.811613], [-79.193902, 43.811504], [-79.1937, 43.811254], [-79.193427, 43.811046], [-79.193486, 43.810765], [-79.193552, 43.810457], [-79.193166, 43.810262], [-79.192808, 43.810102], [-79.192801, 43.810102]]}}, {"type": "Feature", "properties": {"name": "Rouge River", "class": "River", "covered": true}, "geometry": {"type": "LineString", "coordinates": [[-79.221971, 43.836721], [-79.221887, 43.836619], [-79.221829, 43.836518], [-79.22206, 43.836307], [-79.222418, 43.836142], [-79.222837, 43.835967], [-79.223227, 43.835792], [-79.22343599999999, 43.8356755], [-79.223645, 43.835559], [-79.22398, 43.835313], [-79.224096, 43.835025], [-79.224078, 43.83471], [-79.223955, 43.834399], [-79.223837, 43.834088], [-79.223635, 43.833773], [-79.223292, 43.833556], [-79.22309, 43.833436000000006], [-79.222888, 43.833316], [-79.222702, 43.8331895], [-79.222516, 43.833063], [-79.2223735, 43.83291], [-79.222231, 43.832757], [-79.222062, 43.832617], [-79.221893, 43.832477], [-79.221501, 43.832314], [-79.221479, 43.832305], [-79.221042, 43.832326], [-79.220578, 43.832415], [-79.220099, 43.832468], [-79.219609, 43.832494], [-79.219457, 43.832473], [-79.219153, 43.83243], [-79.218863, 43.832199], [-79.218648, 43.831915], [-79.218555, 43.831569], [-79.218307, 43.831298], [-79.218354, 43.830997], [-79.218002, 43.830757], [-79.217721, 43.83057], [-79.217624, 43.830504], [-79.217523, 43.830379]]}}, {"type": "Feature", "properties": {"name": "Massey Creek", "class": "River", "covered": true}, "geometry": {"type": "LineString", "coordinates": [[-79.28246, 43.711732], [-79.282345, 43.711545], [-79.282233, 43.71135], [-79.28215, 43.711171], [-79.282015, 43.710986], [-79.281884, 43.710893], [-79.281668, 43.710845], [-79.281455, 43.710835], [-79.281197, 43.71083], [-79.281021, 43.710766], [-79.280967, 43.710634], [-79.281018, 43.710475], [-79.281145, 43.71028], [-79.281251, 43.710095], [-79.281287, 43.70993], [-79.281178, 43.709728], [-79.28109, 43.709557], [-79.281005, 43.709338], [-79.28094, 43.709159], [-79.280967, 43.708906], [-79.281018, 43.708706], [-79.281044, 43.708493], [-79.281121, 43.708318], [-79.28126, 43.708176], [-79.281255, 43.707981], [-79.281189, 43.707716], [-79.281093, 43.707519], [-79.281009, 43.707379], [-79.280977, 43.707244], [-79.280956, 43.707109], [-79.280961, 43.706962], [-79.281038, 43.706798], [-79.281186, 43.706637], [-79.281372, 43.706491], [-79.281545, 43.706365], [-79.28179, 43.706223], [-79.281981, 43.706179], [-79.282163, 43.706168], [-79.282307, 43.706164], [-79.282355, 43.706169], [-79.282418, 43.706158], [-79.282534, 43.706122], [-79.282591, 43.706039], [-79.282545, 43.705912], [-79.282395, 43.705768], [-79.28226, 43.705641], [-79.282216, 43.705496], [-79.282245, 43.7053], [-79.282363, 43.705122], [-79.282439, 43.704908], [-79.282495, 43.704713], [-79.282482, 43.704492], [-79.282481, 43.704401], [-79.282506, 43.704244], [-79.28253, 43.704126], [-79.282535, 43.7041], [-79.282535, 43.703929], [-79.282571, 43.703812], [-79.282674, 43.703734], [-79.282806, 43.703663], [-79.282941, 43.703604], [-79.282996, 43.703543], [-79.283065, 43.703468], [-79.283157, 43.703374], [-79.283211, 43.70322], [-79.283207, 43.703102], [-79.283202, 43.703065], [-79.283162, 43.702971], [-79.283118, 43.702902], [-79.283037, 43.702819], [-79.282957, 43.702748], [-79.282892, 43.702701], [-79.282759, 43.702627], [-79.282614, 43.702571], [-79.282513, 43.702536], [-79.282448, 43.702527], [-79.282284, 43.702502], [-79.282225, 43.702507], [-79.282136, 43.702483], [-79.282056, 43.702443], [-79.281999, 43.702414], [-79.281965, 43.702392], [-79.281931, 43.702317], [-79.281916, 43.702278], [-79.281914, 43.702222], [-79.282017, 43.702045], [-79.282093, 43.701878], [-79.282187, 43.70171], [-79.282305, 43.70153], [-79.282365, 43.701328], [-79.282374, 43.701147], [-79.282334, 43.700966], [-79.282304, 43.700867]]}}, {"type": "Feature", "properties": {"name": "Don River E Branch", "class": "River", "covered": true}, "geometry": {"type": "LineString", "coordinates": [[-79.376757, 43.792589], [-79.376852, 43.792412], [-79.376922, 43.792356], [-79.377017, 43.79228], [-79.377083, 43.792227], [-79.377152, 43.79219], [-79.377246, 43.792158], [-79.377312, 43.792094], [-79.377406, 43.791955], [-79.377461, 43.791852], [-79.377533, 43.791719], [-79.377582, 43.791628], [-79.377644, 43.791553], [-79.377708, 43.791491], [-79.377762, 43.791462], [-79.37782, 43.791453], [-79.377887, 43.791476], [-79.378033, 43.791483], [-79.378195, 43.79146], [-79.378326, 43.791402], [-79.378419, 43.791298], [-79.378462, 43.791187], [-79.3785, 43.791038], [-79.378496, 43.790885], [-79.378477, 43.790754], [-79.37844, 43.790647], [-79.378356, 43.790539], [-79.378199, 43.790516], [-79.378018, 43.79066], [-79.377932, 43.790748], [-79.377824, 43.790831], [-79.37772, 43.790898], [-79.377605, 43.790949], [-79.377446, 43.790948], [-79.377292, 43.790915], [-79.377162, 43.790876], [-79.376994, 43.790816], [-79.376893, 43.790663], [-79.376893, 43.790563], [-79.376896, 43.790474], [-79.376902, 43.790408], [-79.37692, 43.790318], [-79.376907, 43.790291], [-79.376798, 43.790252], [-79.37671, 43.790234], [-79.376577, 43.790244], [-79.37643, 43.79022], [-79.376309, 43.790198], [-79.376195, 43.790154], [-79.376084, 43.790091], [-79.375969, 43.790021], [-79.375881, 43.789939], [-79.375836, 43.789852], [-79.375791, 43.789718], [-79.37578, 43.789577], [-79.375789, 43.789441], [-79.375786, 43.789334], [-79.375746, 43.789209], [-79.375726, 43.78909], [-79.37575, 43.788961], [-79.375788, 43.788852], [-79.375895, 43.78859]]}}, {"type": "Feature", "properties": {"name": "Highland Creek", "class": "River", "covered": true}, "geometry": {"type": "LineString", "coordinates": [[-79.175265, 43.78021], [-79.175036, 43.780017], [-79.174853, 43.779822], [-79.174738, 43.7797], [-79.174596, 43.779533], [-79.1745, 43.779431], [-79.174392, 43.779357], [-79.174267, 43.779316], [-79.174166, 43.779316], [-79.174046, 43.77934], [-79.173938, 43.77938], [-79.173875, 43.779435], [-79.173839, 43.779503], [-79.17382, 43.779579], [-79.173782, 43.779652], [-79.173715, 43.779694], [-79.173604, 43.779716], [-79.173455, 43.779716], [-79.173251, 43.779706], [-79.173051, 43.77967], [-79.172656, 43.779538], [-79.172432, 43.779463], [-79.172307, 43.779441], [-79.172195, 43.77942], [-79.172112, 43.77942], [-79.172035, 43.77942], [-79.171913, 43.779445], [-79.171751, 43.779505], [-79.17159, 43.779607], [-79.171449, 43.779762], [-79.17131, 43.779914], [-79.171188, 43.780022], [-79.171129, 43.780075], [-79.171043, 43.780106], [-79.170924, 43.78013], [-79.170814, 43.78014], [-79.170626, 43.780111]]}}, {"type": "Feature", "properties": {"name": "Highland Creek", "class": "River", "covered": true}, "geometry": {"type": "LineString", "coordinates": [[-79.170626, 43.780111], [-79.170363, 43.780005], [-79.170208, 43.779943], [-79.170094, 43.77986], [-79.169955, 43.779758], [-79.169834, 43.779582], [-79.169781, 43.779405], [-79.169744, 43.779281], [-79.169661, 43.77911], [-79.169685, 43.778912], [-79.169706, 43.778738], [-79.169695, 43.778593], [-79.169656, 43.778514], [-79.169612, 43.77845], [-79.169492, 43.778437], [-79.169305, 43.778465], [-79.169016, 43.778509], [-79.168831, 43.778537], [-79.1687, 43.778583], [-79.168433, 43.778684], [-79.168433, 43.778684], [-79.168194, 43.778802], [-79.168032, 43.7789], [-79.167956, 43.778974], [-79.167913, 43.779096], [-79.167878, 43.779196], [-79.167857, 43.779291], [-79.167893, 43.779459], [-79.167931, 43.779717], [-79.167934, 43.779902]]}}, {"type": "Feature", "properties": {"name": "Highland Creek", "class": "River", "covered": true}, "geometry": {"type": "LineString", "coordinates": [[-79.183239, 43.780212], [-79.182847, 43.780214], [-79.182717, 43.780204], [-79.182608, 43.780216], [-79.182491, 43.780316], [-79.18227, 43.780443], [-79.182127, 43.780526], [-79.182055, 43.780606], [-79.181971, 43.780738], [-79.181889, 43.78083], [-79.181757, 43.78096], [-79.181612, 43.78107], [-79.181496, 43.78117], [-79.181378, 43.781238], [-79.181245, 43.781288], [-79.181124, 43.7813], [-79.180975, 43.781289], [-79.180848, 43.781263], [-79.180718, 43.781222], [-79.18049099999999, 43.7810865], [-79.180264, 43.780951], [-79.179935, 43.780891], [-79.179652, 43.780872], [-79.179214, 43.780872], [-79.178972, 43.780828], [-79.178544, 43.780702], [-79.178234, 43.780682], [-79.1779255, 43.7806615], [-79.177617, 43.780641], [-79.177233, 43.780616], [-79.176773, 43.780586], [-79.176369, 43.780621], [-79.176138, 43.780642], [-79.17597, 43.780657], [-79.175796, 43.780561], [-79.175565, 43.780433], [-79.175265, 43.78021]]}}, {"type": "Feature", "properties": {"name": "Humber River W Branch", "class": "River", "covered": true}, "geometry": {"type": "LineString", "coordinates": [[-79.618491, 43.730592], [-79.618348, 43.73052], [-79.618347, 43.730519], [-79.618014, 43.730326], [-79.617836, 43.730241], [-79.617666, 43.730097], [-79.61748, 43.729953], [-79.617282, 43.729792], [-79.617178, 43.729589], [-79.617024, 43.729414], [-79.616939, 43.729238], [-79.616821, 43.729063], [-79.61671, 43.728861], [-79.61658, 43.728694], [-79.616426, 43.728505], [-79.616191, 43.728362], [-79.615943, 43.728209], [-79.615676, 43.728133], [-79.615427, 43.728056], [-79.615194, 43.727935], [-79.614989, 43.727872], [-79.614732, 43.727733], [-79.614571, 43.727589], [-79.614547, 43.727481], [-79.61448, 43.727324], [-79.614298, 43.727234], [-79.614268, 43.727054], [-79.614322, 43.72686], [-79.614209, 43.726676], [-79.614085, 43.726487], [-79.613946, 43.726289], [-79.613837, 43.726154], [-79.613799, 43.725916], [-79.613785, 43.725677], [-79.613757, 43.725466], [-79.613821, 43.725281], [-79.613873, 43.725033], [-79.613974, 43.724826], [-79.614058, 43.724601], [-79.614148, 43.724403], [-79.614229, 43.724223], [-79.614212, 43.724065], [-79.61399, 43.723915], [-79.613731, 43.723853], [-79.613399, 43.723835], [-79.613111, 43.723707], [-79.612847, 43.723563], [-79.61267, 43.723378], [-79.612474, 43.723226], [-79.612289, 43.723059], [-79.612056, 43.722884], [-79.611829, 43.722731], [-79.611547, 43.722605], [-79.611191, 43.722556], [-79.610932, 43.722519], [-79.610811, 43.722532], [-79.61063, 43.722573], [-79.61033, 43.722679], [-79.609989, 43.722801], [-79.609699, 43.72283], [-79.609391, 43.722861], [-79.609128, 43.722916], [-79.608995, 43.722985], [-79.608809, 43.723126], [-79.608724, 43.723229], [-79.608654, 43.723282], [-79.608494, 43.723315], [-79.608362, 43.723328], [-79.608102, 43.723324], [-79.60785, 43.723288], [-79.607575, 43.723239], [-79.60745, 43.723237], [-79.607241, 43.723233], [-79.607069, 43.723269], [-79.606854, 43.723318], [-79.606611, 43.723405], [-79.606459, 43.723472], [-79.606314, 43.723582], [-79.606156, 43.723702], [-79.60607, 43.723808]]}}, {"type": "Feature", "properties": {"name": "Humber River E Branch", "class": "River", "covered": true}, "geometry": {"type": "LineString", "coordinates": [[-79.580758, 43.751808], [-79.580791, 43.751819], [-79.58111, 43.751923], [-79.581485, 43.752046], [-79.581855, 43.752164], [-79.582232, 43.752278], [-79.582554, 43.752398], [-79.582653, 43.752447], [-79.582855, 43.752549], [-79.583103, 43.752749], [-79.583151, 43.752989], [-79.583127, 43.75324], [-79.583111, 43.753496], [-79.583116, 43.753582], [-79.583062, 43.753768], [-79.583336, 43.753907], [-79.583649, 43.753971], [-79.584088, 43.75413], [-79.584215, 43.754393], [-79.584244, 43.754624], [-79.584172, 43.754796], [-79.584019, 43.755015], [-79.584094, 43.755235], [-79.584197, 43.755462], [-79.584425, 43.755642], [-79.584608, 43.755799], [-79.584893, 43.755883], [-79.58507, 43.756001], [-79.585127, 43.756124], [-79.5851695, 43.7563105], [-79.585212, 43.756497], [-79.585199, 43.756728], [-79.585118, 43.756951], [-79.58499, 43.757064], [-79.584785, 43.757154], [-79.584508, 43.757192], [-79.584258, 43.757229], [-79.584024, 43.757293], [-79.583862, 43.757436], [-79.583819, 43.757613], [-79.583899, 43.757821], [-79.583986, 43.75801], [-79.584067, 43.758201], [-79.584087, 43.75839], [-79.584002, 43.758563], [-79.583819, 43.758696], [-79.583547, 43.758745], [-79.58326, 43.758703], [-79.582982, 43.758629], [-79.582712, 43.758524], [-79.582411, 43.758511], [-79.582079, 43.758541], [-79.5818, 43.758584], [-79.581506, 43.758651], [-79.581214, 43.758726], [-79.580986, 43.758815], [-79.580767, 43.758927], [-79.580619, 43.759077], [-79.580575, 43.759236], [-79.580641, 43.759417], [-79.580701, 43.75958], [-79.580779, 43.759788], [-79.580782, 43.759994], [-79.580739, 43.760198], [-79.580623, 43.760364], [-79.580402, 43.760487], [-79.580192, 43.760562], [-79.579945, 43.760603], [-79.579743, 43.760649], [-79.579529, 43.760727], [-79.579329, 43.760841], [-79.579185, 43.760983], [-79.579059, 43.761166], [-79.578927, 43.761317], [-79.57876, 43.761457], [-79.578577, 43.761585], [-79.578385, 43.761692], [-79.578207, 43.761793], [-79.578035, 43.761869], [-79.577853, 43.761931], [-79.577676, 43.762006], [-79.57758, 43.762026], [-79.577488, 43.76208], [-79.577444, 43.762146], [-79.577472, 43.762215], [-79.577502, 43.762279], [-79.577556, 43.762337], [-79.577628, 43.762384], [-79.577733, 43.762426], [-79.577861, 43.762435], [-79.577963, 43.762384], [-79.57803, 43.762313], [-79.578135, 43.762195], [-79.578226, 43.762106], [-79.578419, 43.762043], [-79.578639, 43.762006], [-79.578903, 43.762077], [-79.579056, 43.762125], [-79.579184, 43.762179], [-79.579425, 43.762309], [-79.57978, 43.762416]]}}, {"type": "Feature", "properties": {"name": "Mimico Creek", "class": "River", "covered": true}, "geometry": {"type": "LineString", "coordinates": [[-79.569781, 43.67374], [-79.569699, 43.673617]]}}, {"type": "Feature", "properties": {"name": "Mimico Creek", "class": "River", "covered": true}, "geometry": {"type": "LineString", "coordinates": [[-79.569699, 43.673617], [-79.569689, 43.6736], [-79.569643, 43.673528], [-79.569597, 43.673451], [-79.569555, 43.673375], [-79.569499, 43.673289], [-79.569467, 43.673217], [-79.569438, 43.673141], [-79.569402, 43.673042], [-79.569368, 43.672956], [-79.569339, 43.672871], [-79.569333, 43.672854]]}}, {"type": "Feature", "properties": {"name": "West Hill Creek", "class": "Creek/Tributary", "covered": false}, "geometry": {"type": "LineString", "coordinates": [[-79.175671, 43.758185], [-79.17545425, 43.7580695], [-79.1752375, 43.757954], [-79.17502074999999, 43.7578385], [-79.174804, 43.757723], [-79.174797, 43.757711]]}}, {"type": "Feature", "properties": {"name": "West Hill Creek", "class": "Creek/Tributary", "covered": true}, "geometry": {"type": "LineString", "coordinates": [[-79.174797, 43.757711], [-79.174681, 43.757669], [-79.174504, 43.757719], [-79.174292, 43.757709], [-79.174187, 43.757577], [-79.174013, 43.757467], [-79.173832, 43.757366], [-79.173645, 43.75731], [-79.17347, 43.757182], [-79.173268, 43.757061], [-79.173049, 43.756959], [-79.17285, 43.756879], [-79.172659, 43.756879], [-79.172472, 43.756941], [-79.17225, 43.756947], [-79.172155, 43.756835], [-79.171982, 43.756772], [-79.171971, 43.756764], [-79.171858, 43.756675], [-79.171722, 43.756588], [-79.171611, 43.756429], [-79.171508, 43.756287], [-79.17136, 43.756175], [-79.171175, 43.756093], [-79.171084, 43.75594], [-79.170925, 43.755816], [-79.1708, 43.755707], [-79.170765, 43.755627]]}}, {"type": "Feature", "properties": {"name": "West Highland Creek", "class": "River", "covered": true}, "geometry": {"type": "LineString", "coordinates": [[-79.203454, 43.766582], [-79.203464, 43.7666], [-79.203292, 43.766912], [-79.2030505, 43.767005], [-79.202809, 43.767098], [-79.2025305, 43.767159], [-79.202252, 43.76722], [-79.2019695, 43.7672985], [-79.201687, 43.767377], [-79.201407, 43.767514000000006], [-79.201127, 43.767651], [-79.200942, 43.767866999999995], [-79.200757, 43.768083], [-79.2007075, 43.768336500000004], [-79.200658, 43.76859], [-79.2005935, 43.7688135], [-79.200529, 43.769037], [-79.20035, 43.76923], [-79.200171, 43.769423], [-79.2000385, 43.7696495], [-79.199906, 43.769876], [-79.19980100000001, 43.770101999999994], [-79.199696, 43.770328], [-79.19958249999999, 43.7705265], [-79.199469, 43.770725], [-79.1992645, 43.770879], [-79.19906, 43.771033], [-79.198902, 43.771226999999996], [-79.198744, 43.771421], [-79.198756, 43.771669], [-79.198761, 43.771755], [-79.198813, 43.771837], [-79.199039, 43.771955], [-79.19919, 43.772064], [-79.199411, 43.772278], [-79.199417, 43.772401], [-79.199479, 43.772572], [-79.199544, 43.77275], [-79.199666, 43.772942], [-79.199716, 43.77308], [-79.199723, 43.773209], [-79.19965, 43.773396], [-79.199531, 43.773594], [-79.19943, 43.773763], [-79.199338, 43.773899], [-79.19908649999999, 43.774094500000004], [-79.198835, 43.77429]]}}, {"type": "Feature", "properties": {"name": "Highland Creek", "class": "River", "covered": true}, "geometry": {"type": "LineString", "coordinates": [[-79.167934, 43.779902], [-79.167848, 43.780024], [-79.167473, 43.780112], [-79.167468, 43.780113], [-79.167024, 43.780002], [-79.166567, 43.779869], [-79.16631699999999, 43.779807], [-79.166067, 43.779745], [-79.165686, 43.779567], [-79.165665, 43.779228], [-79.165715, 43.7790255], [-79.165765, 43.778823], [-79.16582149999999, 43.778642500000004], [-79.165878, 43.778462], [-79.16588, 43.7782715], [-79.165882, 43.778081], [-79.165607, 43.77785], [-79.165232, 43.777971], [-79.164864, 43.778144], [-79.164569, 43.778425], [-79.16442649999999, 43.7785745], [-79.164284, 43.778724], [-79.163962, 43.778964], [-79.163588, 43.779045], [-79.163527, 43.779062], [-79.163417, 43.779067], [-79.163329, 43.779041], [-79.163256, 43.778986], [-79.163201, 43.778903], [-79.163163, 43.778804], [-79.163147, 43.778697], [-79.163157, 43.778538], [-79.163157, 43.778395], [-79.163146, 43.778221], [-79.163134, 43.778073], [-79.163119, 43.777834], [-79.163123, 43.777684], [-79.163118, 43.777647], [-79.163118, 43.777647], [-79.163154, 43.77752], [-79.163175, 43.777399], [-79.163166, 43.777303], [-79.163129, 43.777212], [-79.163064, 43.777103], [-79.162994, 43.77705], [-79.162919, 43.777029], [-79.162812, 43.777014], [-79.162669, 43.777008], [-79.162507, 43.777017], [-79.162349, 43.777039], [-79.162239, 43.777055], [-79.162038, 43.777113], [-79.162038, 43.777113], [-79.161903, 43.777123], [-79.161756, 43.777133], [-79.161523, 43.777127], [-79.161279, 43.777083], [-79.16108, 43.77704], [-79.1609, 43.777003], [-79.160786, 43.776977], [-79.160669, 43.776945], [-79.160558, 43.776909], [-79.160478, 43.776874], [-79.160326, 43.776791], [-79.16011, 43.776674], [-79.159836, 43.776557499999996], [-79.159562, 43.776441], [-79.159324, 43.776334], [-79.159148, 43.776243], [-79.158966, 43.776152], [-79.15886, 43.776089], [-79.158742, 43.776004], [-79.158625, 43.775901], [-79.158472, 43.77575], [-79.158289, 43.775594], [-79.158106, 43.77545], [-79.157938, 43.775281], [-79.157815, 43.775139], [-79.157627, 43.774975], [-79.157549, 43.774888]]}}, {"type": "Feature", "properties": {"name": "Don River", "class": "River", "covered": true}, "geometry": {"type": "LineString", "coordinates": [[-79.357184, 43.667697], [-79.35713341666667, 43.667515249999994], [-79.35708283333334, 43.6673335], [-79.35703225, 43.667151749999995], [-79.35698166666667, 43.66697], [-79.35693108333334, 43.666788249999996], [-79.3568805, 43.6666065], [-79.35682991666667, 43.66642475], [-79.35677933333334, 43.666242999999994], [-79.35672875, 43.66606125], [-79.35667816666667, 43.665879499999996], [-79.35662758333333, 43.66569775], [-79.356577, 43.665516], [-79.356532, 43.66539], [-79.356498, 43.665273], [-79.356463, 43.665147], [-79.35643, 43.665026], [-79.356399, 43.664904], [-79.356375, 43.664787], [-79.356348, 43.664665], [-79.356304, 43.664535], [-79.356298, 43.664515]]}}, {"type": "Feature", "properties": {"name": "Don River", "class": "River", "covered": true}, "geometry": {"type": "LineString", "coordinates": [[-79.356298, 43.664515], [-79.35624146666666, 43.6643296], [-79.35618493333332, 43.6641442], [-79.3561284, 43.6639588], [-79.35607186666667, 43.663773400000004], [-79.35601533333333, 43.663588000000004], [-79.3559588, 43.663402600000005], [-79.35590226666666, 43.663217200000005], [-79.35584573333334, 43.6630318], [-79.3557892, 43.6628464], [-79.35573266666667, 43.662661], [-79.35567613333333, 43.6624756], [-79.3556196, 43.6622902], [-79.35556306666668, 43.6621048], [-79.35550653333334, 43.6619194], [-79.35545, 43.661734]]}}, {"type": "Feature", "properties": {"name": "Humber River E Branch", "class": "River", "covered": true}, "geometry": {"type": "LineString", "coordinates": [[-79.546169, 43.740652], [-79.546284, 43.740824], [-79.546409, 43.740927], [-79.546618, 43.741057], [-79.546775, 43.74115], [-79.546932, 43.741279], [-79.547051, 43.74142], [-79.547137, 43.74149], [-79.547255, 43.741622], [-79.547403, 43.741743], [-79.547533, 43.741793], [-79.547696, 43.741807], [-79.547858, 43.741809], [-79.548028, 43.741811], [-79.548199, 43.741781]]}}, {"type": "Feature", "properties": {"name": "Humber River E Branch", "class": "River", "covered": true}, "geometry": {"type": "LineString", "coordinates": [[-79.548199, 43.741781], [-79.548339, 43.741722], [-79.548421, 43.741675], [-79.548518, 43.741635], [-79.548585, 43.741619], [-79.548659, 43.741622], [-79.548762, 43.741642], [-79.548854, 43.741674], [-79.548944, 43.741705], [-79.549012, 43.741748], [-79.549066, 43.741825], [-79.54917, 43.741973], [-79.549371, 43.742076], [-79.549494, 43.742119], [-79.549573, 43.742119], [-79.549668, 43.742104], [-79.549736, 43.74211], [-79.549845, 43.742141], [-79.550027, 43.742204], [-79.55026, 43.742297], [-79.5503, 43.742344], [-79.550318, 43.742408], [-79.55031, 43.742476], [-79.55016, 43.742612], [-79.549908, 43.742861], [-79.549814, 43.742965], [-79.549698, 43.743215], [-79.54962, 43.743438], [-79.549697, 43.743616], [-79.549769, 43.743702], [-79.550066, 43.743894], [-79.550301, 43.74399], [-79.550579, 43.744091], [-79.550792, 43.744148], [-79.550968, 43.744176], [-79.551165, 43.744191], [-79.551361, 43.744183], [-79.551571, 43.74415], [-79.551788, 43.744097], [-79.551911, 43.744052], [-79.552054, 43.74399], [-79.552268, 43.743861], [-79.552572, 43.743656], [-79.552835, 43.743554], [-79.553221, 43.743445], [-79.553602, 43.743325], [-79.553873, 43.74324], [-79.554077, 43.743218], [-79.554261, 43.743199], [-79.554368, 43.743199], [-79.554527, 43.743217], [-79.554886, 43.743258], [-79.555186, 43.74328], [-79.555479, 43.743288], [-79.555726, 43.74328], [-79.555983, 43.743256], [-79.55621, 43.743218], [-79.556351, 43.743182], [-79.556507, 43.743109], [-79.556599, 43.74305], [-79.556691, 43.742945], [-79.556811, 43.742729], [-79.5569, 43.742622], [-79.556945, 43.742568], [-79.556964, 43.742465], [-79.556937, 43.742232], [-79.556832, 43.741997], [-79.556783, 43.741785], [-79.556767, 43.741643], [-79.556793, 43.741504], [-79.556821, 43.74138], [-79.556949, 43.741254], [-79.557055, 43.741123], [-79.557153, 43.741003], [-79.557222, 43.740919], [-79.557273, 43.740868], [-79.557358, 43.740848], [-79.557489, 43.740836], [-79.557646, 43.740865], [-79.557828, 43.740917], [-79.557961, 43.740974], [-79.558162, 43.741093], [-79.558342, 43.741238], [-79.558475, 43.741368], [-79.558509, 43.741481], [-79.558488, 43.74155], [-79.558386, 43.741641], [-79.558258, 43.741656], [-79.558077, 43.741629], [-79.557871, 43.741629], [-79.557685, 43.741663], [-79.557596, 43.741732], [-79.557601, 43.741812], [-79.557701, 43.74195], [-79.557871, 43.742157], [-79.557995, 43.742285], [-79.558141, 43.74239], [-79.558202, 43.742474], [-79.558264, 43.742562], [-79.558283, 43.742654], [-79.558287, 43.742752], [-79.558319, 43.742832], [-79.55837, 43.742874], [-79.558459, 43.742899], [-79.558546, 43.742909], [-79.558642, 43.742886], [-79.558734, 43.742827], [-79.558864, 43.742744], [-79.558915, 43.742662], [-79.558981, 43.742584], [-79.559048, 43.742541], [-79.559126, 43.742509], [-79.559228, 43.742485], [-79.559313, 43.742494], [-79.559545, 43.742532], [-79.559725, 43.742586], [-79.559881, 43.742618], [-79.560035, 43.742634], [-79.560183, 43.742626], [-79.560356, 43.742599], [-79.560486, 43.742623], [-79.560715, 43.7425525], [-79.560944, 43.742482], [-79.561258, 43.742454], [-79.561589, 43.742551], [-79.561975, 43.742646], [-79.562293, 43.742854], [-79.562459, 43.743144], [-79.562449, 43.743449], [-79.562396, 43.743528], [-79.562335, 43.743619]]}}, {"type": "Feature", "properties": {"name": "West Highland Creek", "class": "River", "covered": true}, "geometry": {"type": "LineString", "coordinates": [[-79.249034, 43.744113], [-79.249008, 43.744145], [-79.248885, 43.744264], [-79.248732, 43.744401], [-79.248582, 43.744525], [-79.248394, 43.744632], [-79.248215, 43.744719], [-79.248046, 43.74473], [-79.247913, 43.744663], [-79.247769, 43.744578], [-79.247648, 43.744571], [-79.247572, 43.744588], [-79.247499, 43.744625], [-79.247343, 43.744751], [-79.247246, 43.744893], [-79.247193, 43.74499], [-79.247061, 43.745119], [-79.246869, 43.745269], [-79.246695, 43.745357], [-79.246479, 43.745432], [-79.246268, 43.745517], [-79.246051, 43.745622], [-79.245879, 43.745664], [-79.245632, 43.745709], [-79.245328, 43.745762], [-79.245077, 43.74578], [-79.244957, 43.745784], [-79.244844, 43.745783], [-79.244635, 43.745741]]}}, {"type": "Feature", "properties": {"name": "West Highland Creek", "class": "River", "covered": true}, "geometry": {"type": "LineString", "coordinates": [[-79.244635, 43.745741], [-79.244444, 43.745725], [-79.244354, 43.745701], [-79.244314, 43.745676], [-79.244275, 43.745613], [-79.244246, 43.745546], [-79.244239, 43.745492], [-79.244251, 43.74544], [-79.244254, 43.7454], [-79.24423, 43.745362], [-79.24419, 43.745337], [-79.244132, 43.745321], [-79.244051, 43.745332], [-79.243952, 43.745356], [-79.243849, 43.745377], [-79.24379, 43.745391], [-79.243737, 43.745398], [-79.243693, 43.745398], [-79.243633, 43.745386], [-79.243393, 43.745349]]}}, {"type": "Feature", "properties": {"name": "Don River", "class": "River", "covered": true}, "geometry": {"type": "LineString", "coordinates": [[-79.354325, 43.657872], [-79.354283, 43.65779], [-79.354205, 43.657664], [-79.35411, 43.657565], [-79.353986, 43.657452], [-79.353874, 43.657358], [-79.353755, 43.657245], [-79.353647, 43.65715], [-79.353534, 43.657047], [-79.353419, 43.656961], [-79.353354, 43.65691]]}}, {"type": "Feature", "properties": {"name": "Don River", "class": "River", "covered": true}, "geometry": {"type": "LineString", "coordinates": [[-79.353354, 43.65691], [-79.353147, 43.656738000000004], [-79.35294, 43.656566]]}}, {"type": "Feature", "properties": {"name": "Wilket Creek", "class": "River", "covered": true}, "geometry": {"type": "LineString", "coordinates": [[-79.382314, 43.748535], [-79.382051, 43.74843], [-79.381807, 43.748305], [-79.381537, 43.748165], [-79.381426, 43.747966], [-79.381361, 43.747726], [-79.381249, 43.747501], [-79.38104, 43.74739], [-79.380719, 43.747325], [-79.380431, 43.747236], [-79.380181, 43.747095], [-79.379974, 43.746888], [-79.379917, 43.74663], [-79.379733, 43.746464], [-79.379524, 43.746331], [-79.379288, 43.746238], [-79.379022, 43.746181], [-79.378697, 43.746073], [-79.378403, 43.745918], [-79.378411, 43.745664], [-79.378462, 43.745427], [-79.37851, 43.745263], [-79.37854, 43.745234]]}}, {"type": "Feature", "properties": {"name": "Wilket Creek", "class": "River", "covered": true}, "geometry": {"type": "LineString", "coordinates": [[-79.371333, 43.740719], [-79.371266, 43.74062], [-79.37112, 43.740572], [-79.370862, 43.740659], [-79.370637, 43.740569], [-79.370648, 43.740359], [-79.37066, 43.740207], [-79.370905, 43.740137], [-79.371034, 43.739938], [-79.371046, 43.73971], [-79.370753, 43.73962], [-79.370627, 43.739497], [-79.370894, 43.739381], [-79.371009, 43.739167], [-79.370802, 43.738971], [-79.370517, 43.738856], [-79.370313, 43.738717], [-79.370262, 43.738659]]}}, {"type": "Feature", "properties": {"name": "Wilket Creek", "class": "River", "covered": true}, "geometry": {"type": "LineString", "coordinates": [[-79.37854, 43.745234], [-79.378664, 43.745193], [-79.378752, 43.745112], [-79.378751, 43.744924], [-79.378676, 43.7447], [-79.378477, 43.744513], [-79.378376, 43.744292], [-79.37824, 43.744021], [-79.378213, 43.743755], [-79.378223, 43.743583], [-79.3780095, 43.743449], [-79.377796, 43.743315], [-79.377579, 43.743253], [-79.377461, 43.743237], [-79.377348, 43.743223], [-79.377259, 43.743211], [-79.37717, 43.743194], [-79.377115, 43.743164], [-79.377022, 43.743069], [-79.376859, 43.742921], [-79.376744, 43.742826], [-79.376614, 43.742746], [-79.376517, 43.742678], [-79.376396, 43.742621], [-79.376249, 43.742531]]}}, {"type": "Feature", "properties": {"name": "Wilket Creek", "class": "River", "covered": true}, "geometry": {"type": "LineString", "coordinates": [[-79.376249, 43.742531], [-79.376067, 43.742407], [-79.375851, 43.74226], [-79.375703, 43.742187], [-79.375378, 43.742213], [-79.375231, 43.741884], [-79.375053, 43.741775], [-79.374881, 43.741607], [-79.37479, 43.741551], [-79.374697, 43.741503], [-79.374605, 43.741456], [-79.374531, 43.741427], [-79.374477, 43.741426], [-79.374418, 43.741441], [-79.374339, 43.741486], [-79.37426, 43.741539], [-79.374207, 43.741566], [-79.374144, 43.741583], [-79.374078, 43.741572], [-79.374009, 43.741531], [-79.373949, 43.741489], [-79.373913, 43.741445], [-79.373912, 43.741409], [-79.373923, 43.741371], [-79.373935, 43.741327], [-79.373919, 43.741294], [-79.373872, 43.741278], [-79.37382, 43.741269], [-79.373771, 43.741252], [-79.373692, 43.741156], [-79.373634, 43.741107], [-79.373556, 43.741079], [-79.373463, 43.741046], [-79.373376, 43.741015], [-79.373218, 43.740981], [-79.373098, 43.7409], [-79.373033, 43.740856], [-79.37298, 43.7408], [-79.37293, 43.740701], [-79.372928, 43.740608], [-79.37294, 43.740526], [-79.372938, 43.740468], [-79.372922, 43.740416], [-79.372859, 43.740384], [-79.372747, 43.740349], [-79.372693, 43.740342], [-79.372586, 43.740344], [-79.372525, 43.740387], [-79.372494, 43.740473], [-79.372507, 43.740514], [-79.372538, 43.740547], [-79.372566, 43.740567], [-79.372564, 43.740598], [-79.372535, 43.740635], [-79.372469, 43.74066], [-79.372369, 43.740681], [-79.372276, 43.740665], [-79.372208, 43.740615], [-79.372143, 43.74056], [-79.372032, 43.74052], [-79.371967, 43.740534], [-79.371925, 43.740577], [-79.371894, 43.740651], [-79.371919, 43.740718], [-79.37195, 43.74078], [-79.371946, 43.740828], [-79.371912, 43.740873], [-79.371842, 43.740922], [-79.371784, 43.740962], [-79.371712, 43.740988], [-79.37162, 43.740979], [-79.371517, 43.740942], [-79.371454, 43.740902], [-79.37142, 43.740851], [-79.371396, 43.740788], [-79.371382, 43.740751], [-79.371333, 43.740719]]}}, {"type": "Feature", "properties": {"name": "Black Creek", "class": "River", "covered": true}, "geometry": {"type": "LineString", "coordinates": [[-79.507521, 43.750372], [-79.507528, 43.750338], [-79.507535, 43.750302], [-79.507537, 43.750261], [-79.507527, 43.750222], [-79.50752, 43.750184], [-79.507513, 43.750153], [-79.507505, 43.750128], [-79.507489, 43.750107], [-79.507286, 43.750001], [-79.507048, 43.750014], [-79.506843, 43.749954], [-79.506764, 43.74978], [-79.506576, 43.749664], [-79.506329, 43.749635], [-79.506086, 43.749685], [-79.505843, 43.749693], [-79.505601, 43.749645], [-79.505396, 43.749495], [-79.505185, 43.749392], [-79.504965, 43.749271], [-79.504699, 43.749131]]}}, {"type": "Feature", "properties": {"name": "Black Creek", "class": "River", "covered": true}, "geometry": {"type": "LineString", "coordinates": [[-79.504699, 43.749131], [-79.504519, 43.749022], [-79.504292, 43.748872], [-79.504062, 43.748752], [-79.503855, 43.748628], [-79.503702, 43.748477], [-79.503622, 43.748286], [-79.50345, 43.748132], [-79.503199, 43.748056], [-79.502952, 43.747998], [-79.502708, 43.747911], [-79.502448, 43.747803], [-79.502212, 43.747674], [-79.502115, 43.747504], [-79.502096, 43.747297], [-79.501929, 43.747124], [-79.501651, 43.747046], [-79.501392, 43.746975], [-79.501099, 43.746887], [-79.500799, 43.746795], [-79.500482, 43.74669], [-79.500204, 43.746629], [-79.499911, 43.746575], [-79.499627, 43.746537], [-79.499348, 43.746448], [-79.499299, 43.746431], [-79.49905, 43.746345], [-79.498761, 43.746241], [-79.498481, 43.746166], [-79.4983, 43.74609], [-79.498145, 43.746055]]}}, {"type": "Feature", "properties": {"name": "Mimico Creek", "class": "River", "covered": true}, "geometry": {"type": "LineString", "coordinates": [[-79.558951, 43.661137], [-79.558903, 43.661027], [-79.558863, 43.660905], [-79.558795, 43.660743], [-79.558736, 43.660595], [-79.558668, 43.660433], [-79.558603, 43.660275], [-79.558529, 43.660113], [-79.558448, 43.659933], [-79.558372, 43.659762], [-79.55828, 43.659587], [-79.558185, 43.659398], [-79.558093, 43.659222], [-79.558034, 43.659124], [-79.558001, 43.659069], [-79.557895, 43.658898], [-79.557753, 43.658754], [-79.557567, 43.658642], [-79.557347, 43.658552], [-79.557147, 43.658467], [-79.556953, 43.658377], [-79.556577, 43.658224], [-79.556384, 43.658148], [-79.556197, 43.658076], [-79.556013, 43.65805], [-79.55581, 43.658039], [-79.555666, 43.658037]]}}, {"type": "Feature", "properties": {"name": "Mimico Creek", "class": "River", "covered": true}, "geometry": {"type": "LineString", "coordinates": [[-79.507546, 43.638195], [-79.507289, 43.638138], [-79.507248, 43.638128], [-79.506935, 43.638056], [-79.506628, 43.638016], [-79.506325, 43.63802], [-79.506025, 43.638025], [-79.505726, 43.63804], [-79.505426, 43.638016], [-79.505188, 43.637967], [-79.505088, 43.637914], [-79.50503, 43.637885], [-79.504959, 43.637792], [-79.504942, 43.637687], [-79.505024, 43.637444], [-79.505155, 43.637255], [-79.505288, 43.637057], [-79.505394, 43.636852], [-79.50542, 43.636632], [-79.5054, 43.636515], [-79.505365, 43.636358], [-79.505287, 43.636187], [-79.505236, 43.636047], [-79.505178, 43.635963], [-79.505043, 43.635869], [-79.504775, 43.635827], [-79.50438, 43.635824], [-79.504183, 43.63586], [-79.503966, 43.6359], [-79.503774, 43.635909], [-79.503562, 43.635918], [-79.503376, 43.635936], [-79.503156, 43.63595], [-79.502943, 43.635858], [-79.502891, 43.635741], [-79.502891, 43.635624], [-79.502887, 43.635525], [-79.502938, 43.635381], [-79.503034, 43.635221], [-79.50313, 43.635055], [-79.503182, 43.634943], [-79.503235, 43.634854], [-79.503281, 43.634753], [-79.503291, 43.634681], [-79.503288, 43.6346], [-79.503285, 43.634518], [-79.503219, 43.634427], [-79.503073, 43.634334], [-79.502785, 43.634146]]}}, {"type": "Feature", "properties": {"name": "Rouge River", "class": "River", "covered": true}, "geometry": {"type": "LineString", "coordinates": [[-79.199651, 43.827565], [-79.199456, 43.827691], [-79.199261, 43.827817], [-79.199004, 43.827868], [-79.19870449999999, 43.827713], [-79.198405, 43.827558], [-79.1982465, 43.827389], [-79.198088, 43.82722], [-79.197903, 43.826917], [-79.197524, 43.826754], [-79.1972645, 43.826745], [-79.197005, 43.826736], [-79.196754, 43.826748499999994], [-79.196503, 43.826761], [-79.1962845, 43.826854999999995], [-79.196066, 43.826949], [-79.195832, 43.827191], [-79.195705, 43.827464], [-79.195558, 43.827761], [-79.195541, 43.82809], [-79.19554, 43.8284], [-79.195646, 43.82867], [-79.195756, 43.828959], [-79.195635, 43.829156], [-79.195342, 43.829174], [-79.19511, 43.829155], [-79.19497, 43.82915], [-79.194685, 43.829131], [-79.194399, 43.829095], [-79.194047, 43.829058], [-79.193741, 43.828967], [-79.193477, 43.828854], [-79.193423, 43.82866], [-79.193328, 43.82843], [-79.19325, 43.828219], [-79.193335, 43.827998], [-79.193518, 43.82781], [-79.193802, 43.827608], [-79.193952, 43.827325], [-79.193976, 43.827037], [-79.193927, 43.826753], [-79.193879, 43.826474], [-79.193703, 43.826213], [-79.193473, 43.825978], [-79.193187, 43.825784], [-79.192914, 43.825558], [-79.192828, 43.82527], [-79.192888, 43.824995], [-79.19314, 43.824928], [-79.193452, 43.825082], [-79.19376, 43.8252], [-79.19411, 43.825255], [-79.194442, 43.825368], [-79.194878, 43.82541], [-79.195321, 43.825443], [-79.195749, 43.825421], [-79.196178, 43.825391], [-79.196602, 43.825329], [-79.196737, 43.825307]]}}, {"type": "Feature", "properties": {"name": "Don River W Branch", "class": "River", "covered": true}, "geometry": {"type": "LineString", "coordinates": [[-79.35758, 43.719964], [-79.357467, 43.720019], [-79.357147, 43.720119], [-79.356863, 43.720195], [-79.356531, 43.720284], [-79.356209, 43.720285], [-79.355849, 43.720077], [-79.355758, 43.719856], [-79.356025, 43.719703], [-79.35619, 43.719577], [-79.356256, 43.719511], [-79.356309, 43.719458], [-79.356328, 43.719387], [-79.356332, 43.719319], [-79.35632, 43.719257], [-79.356296, 43.71921], [-79.356243, 43.719172], [-79.356185, 43.719143], [-79.356132, 43.719131], [-79.355996, 43.719139], [-79.355673, 43.71916], [-79.355474, 43.719161], [-79.355326, 43.719175], [-79.355171, 43.719198], [-79.355052, 43.719225], [-79.354957, 43.71928], [-79.354836, 43.719391]]}}, {"type": "Feature", "properties": {"name": "Wilket Creek", "class": "River", "covered": true}, "geometry": {"type": "LineString", "coordinates": [[-79.350256, 43.723959], [-79.350111, 43.723865], [-79.349996, 43.723789], [-79.349923, 43.723726], [-79.349889, 43.723653], [-79.349882, 43.7236], [-79.349914, 43.723542], [-79.349992, 43.723463], [-79.35008, 43.723387], [-79.35011, 43.723334], [-79.350114, 43.723184], [-79.350118, 43.723072], [-79.350129, 43.722984], [-79.350159, 43.72293], [-79.350208, 43.722881], [-79.35031, 43.722834], [-79.350441, 43.722787], [-79.35058, 43.722762], [-79.350748, 43.722741], [-79.350932, 43.722717], [-79.351031, 43.722699], [-79.351133, 43.722677], [-79.351253, 43.722628], [-79.351374, 43.722522], [-79.351541, 43.722391], [-79.351732, 43.722225], [-79.351819, 43.722139], [-79.351867, 43.722068], [-79.351923, 43.721951], [-79.351957, 43.721861], [-79.351973, 43.721781], [-79.351996, 43.72172], [-79.352063, 43.721654], [-79.352172, 43.721598], [-79.352289, 43.72158], [-79.352387, 43.721565], [-79.352462, 43.721534], [-79.352533, 43.721497], [-79.352625, 43.721429], [-79.352671, 43.721373], [-79.352703, 43.721189]]}}, {"type": "Feature", "properties": {"name": "Wilket Creek", "class": "River", "covered": true}, "geometry": {"type": "LineString", "coordinates": [[-79.350143, 43.725486], [-79.350083, 43.725425], [-79.350046, 43.72538], [-79.350015, 43.725316], [-79.35001, 43.725257], [-79.350043, 43.725154], [-79.350118, 43.724995], [-79.350184, 43.724854], [-79.350258, 43.724718], [-79.35032, 43.724625], [-79.35041, 43.724532], [-79.350494, 43.724437], [-79.350567, 43.724345], [-79.35062, 43.724278], [-79.350648, 43.724243], [-79.350663, 43.724211], [-79.350651, 43.724174], [-79.350615, 43.724128], [-79.350572, 43.724086], [-79.350494, 43.724059], [-79.350381, 43.724013], [-79.350256, 43.723959]]}}, {"type": "Feature", "properties": {"name": "Wilket Creek", "class": "River", "covered": true}, "geometry": {"type": "LineString", "coordinates": [[-79.358685, 43.731576], [-79.358537, 43.731573], [-79.35843, 43.731557], [-79.35835, 43.73152], [-79.358273, 43.731491], [-79.3582, 43.731451], [-79.358046, 43.731406], [-79.357911, 43.731356], [-79.357824, 43.73129], [-79.357715, 43.731225], [-79.357623, 43.731177], [-79.357583, 43.731126], [-79.357597, 43.731061], [-79.357661, 43.730913], [-79.357673, 43.730861], [-79.357673, 43.730818], [-79.357642, 43.730779], [-79.357585, 43.730736], [-79.357526, 43.730709], [-79.357456, 43.730699], [-79.357352, 43.730684], [-79.357301, 43.73066], [-79.357214, 43.730608], [-79.35713, 43.730545], [-79.35711, 43.730479], [-79.35711, 43.730414], [-79.35711, 43.730374], [-79.357151, 43.730314]]}}, {"type": "Feature", "properties": {"name": "Wilket Creek", "class": "River", "covered": true}, "geometry": {"type": "LineString", "coordinates": [[-79.35456, 43.729343], [-79.354577, 43.729244], [-79.354575, 43.729188], [-79.354573, 43.729144], [-79.354551, 43.729108], [-79.354502, 43.72906], [-79.354385, 43.728981], [-79.354236, 43.728876], [-79.354144, 43.728796], [-79.354097, 43.728729], [-79.354054, 43.72865], [-79.354, 43.728539], [-79.353966, 43.728457], [-79.35395, 43.728375], [-79.353946, 43.728282], [-79.353972, 43.728096], [-79.353999, 43.727939], [-79.354014, 43.727879], [-79.354016, 43.727839], [-79.354009, 43.727803], [-79.353976, 43.727756], [-79.353936, 43.727721], [-79.353862, 43.727688], [-79.353773, 43.727659], [-79.353646, 43.727618], [-79.353522, 43.727563], [-79.353455, 43.727509], [-79.353412, 43.727459], [-79.353356, 43.727356], [-79.353323, 43.727274], [-79.353304, 43.727236], [-79.353269, 43.727205], [-79.353201, 43.727183], [-79.353103, 43.727146], [-79.35303, 43.727101], [-79.352957, 43.727042], [-79.352907, 43.72697], [-79.352871, 43.726883], [-79.35286, 43.726827], [-79.352873, 43.726757], [-79.352868, 43.726624], [-79.352855, 43.726557], [-79.352832, 43.726481], [-79.352813, 43.726418], [-79.352785, 43.726365], [-79.352733, 43.726332], [-79.352667, 43.726303], [-79.352594, 43.72628], [-79.352499, 43.726265], [-79.352407, 43.726256], [-79.352313, 43.726252], [-79.352222, 43.726253], [-79.352139, 43.72625], [-79.352086, 43.726233], [-79.352032, 43.726209], [-79.351988, 43.726173], [-79.351962, 43.726123], [-79.351923, 43.726072], [-79.351864, 43.72601], [-79.351801, 43.72597], [-79.351688, 43.725935], [-79.351465, 43.725887], [-79.351373, 43.725858], [-79.351306, 43.725848], [-79.351205, 43.725855], [-79.351004, 43.72587], [-79.350861, 43.725888], [-79.35075, 43.725883], [-79.350677, 43.725867], [-79.350611, 43.725839], [-79.350556, 43.725804], [-79.350471, 43.725743], [-79.350312, 43.725628], [-79.35022, 43.72555], [-79.350143, 43.725486]]}}, {"type": "Feature", "properties": {"name": "Mimico Creek", "class": "River", "covered": true}, "geometry": {"type": "LineString", "coordinates": [[-79.543206, 43.652119], [-79.542897, 43.652074], [-79.542636, 43.652066], [-79.54242, 43.652068], [-79.54223, 43.652082], [-79.542046, 43.652103], [-79.541883, 43.652128], [-79.541678, 43.652194], [-79.541414, 43.652299], [-79.541216, 43.652389], [-79.541038, 43.652433], [-79.5409, 43.652483], [-79.540781, 43.65257], [-79.540651, 43.652691], [-79.540555, 43.652812], [-79.54049, 43.652894], [-79.540482, 43.652938], [-79.540526, 43.653051], [-79.540581, 43.653194], [-79.540618, 43.653318], [-79.540628, 43.653389], [-79.540613, 43.653469], [-79.54058, 43.65351], [-79.540477, 43.653562]]}}, {"type": "Feature", "properties": {"name": "Black Creek", "class": "River", "covered": true}, "geometry": {"type": "LineString", "coordinates": [[-79.484855, 43.693954], [-79.484982, 43.693763], [-79.484989, 43.6936], [-79.484922, 43.693456], [-79.484744, 43.69318], [-79.48462, 43.693002], [-79.484496, 43.692824], [-79.484372, 43.692646], [-79.484168, 43.692392], [-79.484074, 43.692227], [-79.484009, 43.692169], [-79.483771, 43.691977], [-79.483517, 43.691954], [-79.483203, 43.691932], [-79.482885, 43.691854], [-79.482554, 43.691742], [-79.482303, 43.691664], [-79.482077, 43.691504], [-79.481726, 43.691439], [-79.48153, 43.691194], [-79.48135, 43.690899], [-79.481151, 43.690641], [-79.481024, 43.690371], [-79.480995, 43.69006], [-79.481136, 43.689786], [-79.481063, 43.689467], [-79.481059, 43.689169], [-79.481102, 43.688962], [-79.481098, 43.688897], [-79.481052, 43.68878]]}}, {"type": "Feature", "properties": {"name": "Black Creek", "class": "River", "covered": true}, "geometry": {"type": "LineString", "coordinates": [[-79.489319, 43.702005], [-79.4892, 43.702034], [-79.488841, 43.702086], [-79.488501, 43.702049], [-79.48817, 43.701931], [-79.48793, 43.701714], [-79.487796, 43.701471], [-79.487738, 43.701258], [-79.487778, 43.701032], [-79.487729, 43.7008], [-79.487688, 43.700609], [-79.48764866666667, 43.700392666666666], [-79.48760933333334, 43.70017633333333], [-79.48757, 43.69996], [-79.487552, 43.699718], [-79.4875505, 43.69945], [-79.487549, 43.699182], [-79.487519, 43.698904], [-79.487486, 43.698634], [-79.487442, 43.698385], [-79.487423, 43.698137], [-79.487334, 43.697877], [-79.487285, 43.697634], [-79.48724, 43.697383], [-79.48714, 43.697134], [-79.486976, 43.696927], [-79.486769, 43.69676], [-79.486694, 43.696717], [-79.486684, 43.696708], [-79.486495, 43.696569], [-79.4863, 43.696469], [-79.486065, 43.69641], [-79.485817, 43.696324], [-79.485611, 43.696144], [-79.485455, 43.695914], [-79.485529, 43.695684], [-79.485528, 43.695455], [-79.485495, 43.695355], [-79.485371, 43.695235], [-79.485073, 43.695088], [-79.484781, 43.694981], [-79.484511, 43.694795], [-79.484322, 43.69458], [-79.484337, 43.69435], [-79.484526, 43.694174], [-79.484742, 43.69403], [-79.484855, 43.693954]]}}, {"type": "Feature", "properties": {"name": "East Highland Creek", "class": "River", "covered": true}, "geometry": {"type": "LineString", "coordinates": [[-79.242617, 43.777013], [-79.242603, 43.777008], [-79.24244, 43.776965], [-79.242352, 43.776931], [-79.242052, 43.776906], [-79.241694, 43.776973], [-79.241341, 43.777052], [-79.240951, 43.777149], [-79.240568, 43.777231], [-79.240168, 43.777317], [-79.239731, 43.777424], [-79.239316, 43.777514], [-79.238876, 43.777604], [-79.238468, 43.777689], [-79.23806, 43.777788], [-79.237664, 43.77789], [-79.237247, 43.777997], [-79.236852, 43.778116], [-79.236479, 43.778248], [-79.236134, 43.778433], [-79.236032, 43.778561]]}}, {"type": "Feature", "properties": {"name": "East Highland Creek", "class": "River", "covered": true}, "geometry": {"type": "LineString", "coordinates": [[-79.233719, 43.78142], [-79.233438, 43.781484], [-79.233247, 43.781556], [-79.233084, 43.781647], [-79.232936, 43.781777], [-79.23285, 43.78187], [-79.232718, 43.781984], [-79.232625, 43.782042], [-79.232559, 43.782073], [-79.232477, 43.782092], [-79.232404, 43.782105], [-79.232335, 43.782106], [-79.232263, 43.782099], [-79.232127, 43.782055], [-79.232019, 43.782034], [-79.231908, 43.781999], [-79.231814, 43.781945], [-79.231727, 43.781916], [-79.231617, 43.78189], [-79.231534, 43.781878], [-79.231449, 43.781875], [-79.231349, 43.781881], [-79.231238, 43.781895], [-79.231153, 43.781915], [-79.231044, 43.781954], [-79.230933, 43.782015], [-79.230843, 43.782075], [-79.230734, 43.782149], [-79.230547, 43.782292], [-79.23037, 43.78244], [-79.230288, 43.782503], [-79.230177, 43.782561], [-79.230043, 43.782615], [-79.229948, 43.782645], [-79.229858, 43.782658], [-79.229777, 43.782657], [-79.229666, 43.782646], [-79.229531, 43.782623], [-79.22921, 43.782563], [-79.228862, 43.782481], [-79.228733, 43.78245], [-79.228541, 43.782439], [-79.228431, 43.782457], [-79.228334, 43.782502], [-79.228173, 43.782601], [-79.227982, 43.782738], [-79.227936, 43.782797], [-79.227901, 43.782876], [-79.227887, 43.782961], [-79.227847, 43.783127], [-79.227776, 43.78334], [-79.227751, 43.783446], [-79.227731, 43.783504], [-79.227671, 43.783569], [-79.227599, 43.783612], [-79.227522, 43.783642], [-79.22742, 43.783668], [-79.227341, 43.783688], [-79.227269, 43.783693], [-79.227188, 43.783683], [-79.227046, 43.783635], [-79.226824, 43.783555], [-79.2266, 43.783494], [-79.226477, 43.783443], [-79.226381, 43.783395], [-79.226308, 43.783364], [-79.226239, 43.783351], [-79.22615, 43.783347], [-79.226056, 43.783346], [-79.225958, 43.783357], [-79.225823, 43.783389], [-79.225715, 43.783447], [-79.225582, 43.783519], [-79.225467, 43.783607], [-79.225416, 43.78366], [-79.225396, 43.78377], [-79.225379, 43.783867], [-79.225295, 43.784095], [-79.22519, 43.784305], [-79.225071, 43.784487], [-79.225017, 43.78457], [-79.224952, 43.784621], [-79.224764, 43.784712], [-79.224479, 43.784856], [-79.224243, 43.784936], [-79.223959, 43.784988], [-79.2237, 43.785036], [-79.223505, 43.785073], [-79.223322, 43.785125], [-79.223207, 43.78518], [-79.223108, 43.785298], [-79.222967, 43.785467], [-79.222865, 43.785557], [-79.222668, 43.785669]]}}, {"type": "Feature", "properties": {"name": "East Highland Creek", "class": "River", "covered": true}, "geometry": {"type": "LineString", "coordinates": [[-79.236032, 43.778561], [-79.236002, 43.778649], [-79.235972, 43.778735], [-79.235925, 43.778847], [-79.235893, 43.778925], [-79.235756, 43.779051], [-79.235724, 43.779101], [-79.235681, 43.779205], [-79.23566, 43.779293], [-79.23563, 43.779413], [-79.235626, 43.779482], [-79.235632, 43.779523], [-79.235638, 43.779565], [-79.235627, 43.779608], [-79.235622, 43.779682], [-79.235629, 43.779729], [-79.235624, 43.779813], [-79.235614, 43.779967], [-79.235597, 43.780016], [-79.235568, 43.780086], [-79.235555, 43.780139], [-79.235532, 43.780269], [-79.235473, 43.780535], [-79.235404, 43.780769], [-79.235382, 43.780845], [-79.235335, 43.780887], [-79.235232, 43.780949], [-79.235053, 43.78101], [-79.234848, 43.781067], [-79.234739, 43.781105], [-79.234602, 43.781177], [-79.234443, 43.781262], [-79.234246, 43.78133], [-79.234062, 43.781371], [-79.233719, 43.78142]]}}, {"type": "Feature", "properties": {"name": "East Highland Creek", "class": "River", "covered": true}, "geometry": {"type": "LineString", "coordinates": [[-79.225407, 43.793191], [-79.2252095, 43.793037], [-79.225012, 43.792883], [-79.224908, 43.792752], [-79.224841, 43.79268], [-79.224767, 43.792639], [-79.224681, 43.792584], [-79.224592, 43.792501], [-79.224501, 43.792371], [-79.224448, 43.792295], [-79.224429, 43.792254], [-79.224378, 43.792181], [-79.224311, 43.792068], [-79.224273, 43.792014], [-79.22425, 43.791966], [-79.224257, 43.791925], [-79.224284, 43.791874], [-79.224331, 43.791831], [-79.224435, 43.791777], [-79.224528, 43.791741], [-79.224642, 43.791726], [-79.22474, 43.791723], [-79.224842, 43.791737], [-79.224891, 43.791736], [-79.224918, 43.791716], [-79.224935, 43.79166], [-79.224961, 43.791611], [-79.225075, 43.791433], [-79.225109, 43.79137], [-79.225127, 43.791328], [-79.225121, 43.791288], [-79.225211, 43.791139], [-79.225403, 43.790877], [-79.225597, 43.790608], [-79.225767, 43.790388], [-79.225788, 43.790361], [-79.225954, 43.790087], [-79.226004, 43.789979], [-79.226011, 43.789862], [-79.226025, 43.7897], [-79.225853, 43.7895465], [-79.225681, 43.789393]]}}, {"type": "Feature", "properties": {"name": "Black Creek", "class": "River", "covered": true}, "geometry": {"type": "LineString", "coordinates": [[-79.512282, 43.76183], [-79.512229, 43.761639], [-79.512134, 43.761547], [-79.512047, 43.76146], [-79.511912, 43.761261], [-79.511701, 43.761065], [-79.511425, 43.760904], [-79.511116, 43.760746], [-79.510842, 43.760577], [-79.51058, 43.760404], [-79.510327, 43.76026], [-79.510184, 43.760169]]}}, {"type": "Feature", "properties": {"name": "Black Creek", "class": "River", "covered": true}, "geometry": {"type": "LineString", "coordinates": [[-79.510184, 43.760169], [-79.510071, 43.760098], [-79.509826, 43.759927], [-79.509612, 43.759729], [-79.509403, 43.759541], [-79.509212, 43.759359], [-79.50903, 43.75918], [-79.508875, 43.759067]]}}, {"type": "Feature", "properties": {"name": "Black Creek", "class": "River", "covered": true}, "geometry": {"type": "LineString", "coordinates": [[-79.508237, 43.761927], [-79.508245, 43.761885], [-79.508256, 43.761829], [-79.508232, 43.761783], [-79.508175, 43.761677], [-79.508013, 43.761644], [-79.50778, 43.76158], [-79.507601, 43.76145], [-79.507443, 43.761313], [-79.507424, 43.761131], [-79.507447, 43.760961], [-79.507396, 43.76081], [-79.507203, 43.760791], [-79.507002, 43.760846], [-79.506845, 43.760745], [-79.50682, 43.76073], [-79.50682, 43.76073], [-79.506814, 43.760666], [-79.506777, 43.760646], [-79.506699, 43.760633], [-79.506588, 43.760614], [-79.506507, 43.760615], [-79.506435, 43.760627], [-79.506349, 43.760651], [-79.506292, 43.760667], [-79.506242, 43.760681], [-79.506169, 43.760672], [-79.506064, 43.760654], [-79.506005, 43.760644], [-79.505946, 43.760644], [-79.505909, 43.760654], [-79.505843, 43.760687], [-79.505802, 43.760699], [-79.50576, 43.760706], [-79.505679, 43.760692], [-79.505586, 43.760692], [-79.505506, 43.760679], [-79.505359, 43.760648], [-79.505259, 43.760623], [-79.505126, 43.76059], [-79.505032, 43.760555], [-79.504987, 43.760538], [-79.504945, 43.760465], [-79.504927, 43.760368], [-79.504902, 43.760212], [-79.504904, 43.760108], [-79.504883, 43.759964]]}}, {"type": "Feature", "properties": {"name": "Black Creek", "class": "River", "covered": true}, "geometry": {"type": "LineString", "coordinates": [[-79.504883, 43.759964], [-79.504764, 43.759777], [-79.504706, 43.759647], [-79.504665, 43.759555], [-79.504646, 43.759452], [-79.504654, 43.75935], [-79.504662, 43.759263], [-79.504652, 43.759149], [-79.50464, 43.759018], [-79.504628, 43.75888], [-79.504692, 43.758798], [-79.504716, 43.75872], [-79.504724, 43.758666], [-79.504718, 43.758612], [-79.504712, 43.758563], [-79.50469, 43.758522], [-79.504646, 43.758485], [-79.50462, 43.758463], [-79.504561, 43.758442], [-79.50448, 43.758445], [-79.504419, 43.758411], [-79.504378, 43.758361], [-79.504367, 43.75832], [-79.504385, 43.758294], [-79.504423, 43.758239], [-79.504468, 43.758187], [-79.504479, 43.758158], [-79.504476, 43.758128], [-79.504456, 43.758104], [-79.504415, 43.758089], [-79.504347, 43.758084], [-79.504234, 43.758092], [-79.504193, 43.758034], [-79.504182, 43.757982], [-79.504228, 43.757932], [-79.504323, 43.757873], [-79.504516, 43.757808], [-79.504677, 43.757764], [-79.504777, 43.757736], [-79.504863, 43.757713], [-79.50491, 43.757683], [-79.504961, 43.757628], [-79.504988, 43.757572], [-79.504971, 43.757495], [-79.504946, 43.757414], [-79.50494, 43.757338], [-79.504969, 43.757292], [-79.505026, 43.757259], [-79.505136, 43.757245], [-79.505303, 43.757231], [-79.505439, 43.75722], [-79.505572, 43.757203], [-79.505624, 43.757174], [-79.505659, 43.757144], [-79.505667, 43.757099], [-79.505687, 43.757066], [-79.505723, 43.757046], [-79.505774, 43.757046], [-79.505806, 43.757072], [-79.505833, 43.757109], [-79.505845, 43.757155], [-79.505866, 43.757184], [-79.505879, 43.757194], [-79.505927, 43.75719], [-79.506066, 43.757157]]}}]}